:020000040800F2
:10000000902B0124F903000889C7000899B1000862
:10001000F1C1000899140008C11F01080000000088
:1000200000000000000000000000000051D30008A4
:100030009119000800000000A1C7000821D600089F
:100040001304000813040008130400081304000834
:100050001304000813040008130400081304000824
:10006000130400081304000813040008091500080D
:1000700019150008291500081304000813040008C6
:10008000130400081304000813040008511B00089F
:10009000991B0008611B0008A91B00081304000835
:1000A00013040008130400081304000813040008D4
:1000B00013040008130400081304000813040008C4
:1000C00013040008130400081304000813040008B4
:1000D0001304000819F6000829F6000839F600088C
:1000E00013040008130400080000000013040008B3
:1000F0001304000813040008130400081304000884
:100100001304000813040008130400081304000873
:100110001304000813040008130400081304000863
:100120001304000813040008130400081304000853
:100130001304000813040008130400081304000843
:1001400000000000000000000000000000000000AF
:100150001304000813040008130400081304000823
:100160001304000813040008130400081304000813
:100170001304000891C700081304000800000000E1
:10018000130400081304000879D9000813040008B8
:1001900013040008130400081304000813040008E3
:1001A00013040008130400081304000800000000F2
:1001B00013040008130400081304000813040008C3
:1001C00013040008130400080000000000000000F1
:1001D0000000000000000000130400080000000000
:1001E000000000000000000000000000000000000F
:1001F00000000000000000001304000813040008C1
:100200001304000813040008000000001304000891
:100210001304000813040008130400081304000862
:100220001304000800000000130400080000000090
:100230001304000813040008000000001304000861
:100240001304000813040008130400081304000832
:100250001304000813040008130400081304000822
:100260001304000813040008130400081304000812
:100270001304000813040008130400080000000021
:1002800013040008130400081304000813040008F2
:100290000000000013040008130400080000000020
:1002A00000000000130400081304000813040008F1
:1002B00009F600081304000813040008B91B00081D
:1002C000C91B0008E1D700081304000800F002F879
:1002D00000F082F814A696E8000CB244B344DA4564
:1002E00001D100F079F8BAE80F000FA696E83000C7
:1002F000A5EB040504EB0607AAEB0704A7F1010729
:100300004FEA15154FEA3414A4F10104AC4201D3AD
:1003100000F062F813F0010F18BFFB1A43F001035D
:1003200000F001F8DBE71847BC530100DC53010083
:100330000A444FF0000C10F8013B13F0070408BF0B
:1003400010F8014B1D1108BF10F8015B641E05D0A9
:1003500010F8016B641E01F8016BF9D113F0080F5E
:100360001EBF10F8014BAD1C0C1B09D16D1E58BFF0
:1003700001F801CBFAD505E014F8016B01F8016B27
:100380006D1EF9D59142D6D370470000704700002A
:100390000023002400250026103A28BF78C1FBD88E
:1003A000520728BF30C148BF0B607047662914F060
:1003B000A087642900F0B880002070471FB514F0B2
:1003C0008BFF00F029FC04000020002114F06EFFD8
:1003D000E0601FBD10B510BD00F01EFD1146FFF717
:1003E000EDFF12F041F800F03CFD03B4FFF7F2FF1F
:1003F00003BC00F07FFD0000094880470948004722
:10040000FEE7FEE7FEE7FEE7FEE7FEE7FEE7FEE7C4
:10041000FEE7FEE704480549054A064B7047000021
:1004200031D70008CD02000890210124902B01242F
:10043000902301249023012453EA020C00F06980E8
:100440002DE9F04B4FF00006002B1FBFB3FA83F5E8
:1004500003FA05F424FA05F65E4012BF1643B2FA19
:1004600082F502FA05F4C5F120051EBF22FA05FC4B
:1004700044EA0C04203556EA044C4FEA144418BFF1
:10048000641C4FF000084FF00009904271EB030C20
:1004900039D3002919BFB1FA81F701FA07F6B0FA8A
:1004A00080F700FA07F6C7F120071EBF20FA07FC05
:1004B00046EA0C062037B6FBF4FCA7EB0507103F15
:1004C00007F01F0BCBF120062CFA06F60CFA0BFBFB
:1004D00044BFB3460026202FA4BF5E464FF0000B5A
:1004E0005BEA060C08BF4FF0010B19EB0B0948EB58
:1004F0000608ABFB027C06FB02CC0BFB03CCC01B4B
:1005000071EB0C01C1E70B46024641464846BDE887
:10051000F08B13B5084318BF4FF0FF300146AFF31F
:100520000080BDE81C4070472DE9F04106460024DC
:1005300010687529314616A510D0AFF30080002849
:1005400002DA404213A507E031688A0701D512A5F7
:1005500002E0490704D511A5012401E0AFF30080B2
:1005600000210A2206F1240709E0B0FBF2FCB0FBEF
:10057000F2F302FB1C00303078541846491C002866
:10058000F3D123462A463046BDE8F04100F0ABB82F
:10059000000000002D0000002B00000020000000E3
:1005A00040EA010310B59B070FD1042A0DD310C8F0
:1005B00008C9121F9C42F8D020BA19BA884201D942
:1005C000012010BD4FF0FF3010BD1AB1D30703D08A
:1005D000521C07E0002010BD10F8013B11F8014B40
:1005E0001B1B07D110F8013B11F8014B1B1B01D15C
:1005F000921EF1D1184610BD032A40F2308010F04F
:10060000030C00F0158011F8013BBCF1020F6244AD
:1006100098BF11F801CB00F8013B38BF11F8013B3E
:10062000A2F1040298BF00F801CB38BF00F8013BEB
:1006300011F0030300F0BE82083AC0F0088051F8C0
:10064000043B083A51F804CBA0E80810F5E7121D66
:100650005CBF51F8043B40F8043BAFF30080D20785
:1006600024BF11F8013B11F801CB48BF11F8012B51
:1006700024BF00F8013B00F801CB48BF00F8012B74
:10068000704702F0FF0343EA032242EA024200F00D
:1006900002B84FF0000200B5134694469646203942
:1006A00022BFA0E80C50A0E80C50B1F12001BFF42B
:1006B000F7AF090728BFA0E80C5048BF0CC05DF891
:1006C00004EB890028BF40F8042B08BF704748BFDF
:1006D00020F8022B11F0804F18BF00F8012B704753
:1006E0007047704770472DE9F0470D46994692468E
:1006F000044600F124080168880604D5E06921F069
:100700001001216000E00120A84201DD471B00E04C
:100710000027A1697A1902EB0900081AA061207864
:10072000C00602D42046AFF30080002608E0D4E9DA
:1007300001211AF806009047206A401C761C2062AE
:100740004E45F4DB2078C0060AD52046AFF3008082
:1007500006E0D4E9012130209047206A401C206245
:10076000381EA7F10107F4DC07E0D4E9012118F8ED
:1007700005009047206A401C2062281EA5F1010553
:10078000F3DC2046AFF300802078000602D502207B
:10079000BDE8F0870120FBE72DE9FF4F0C461E4620
:1007A0004FF0FF378BB0D2E90001DDF860800A908E
:1007B0008A46C1F30A5505B93D46002108464FF067
:1007C0000000BAF1000F00F4400005DA00EB8000F1
:1007D0004FF4400101EA50004FEA9059B9F1010F7E
:1007E00000DDB9460A9850EA4A000ED044F610508F
:1007F000A5F2FF3545432F14B8F1000F1ED0754206
:10080000291E1EDDC9F100021CE0B8F1010F4FF0F6
:10081000000001D0302103E0F24305E02154401CE8
:10082000B042FBDB30460022002121540B99C1F875
:100830000880C1E900200FB0BDE8F08FBD1B6D1C22
:10084000DEE74A4600DA694206A800F06FFA06AB16
:1008500093E8070003AB83E8070050460A9914F0B9
:1008600045F98DE80700A0F500501F380090039867
:10087000002D0ADD42F21F014A460844002303A965
:100880000390684614F0AEFB09E0A0F500504A461C
:100890001F38002303A90390684614F0B8FB8DE8C5
:1008A00007000004000C03D04FF0FF30410800E0C7
:1008B0001046B8F1000F03D00022009215461EE04A
:1008C000751E05D400F0ACF9303262556D1EF9D5B5
:1008D000B3460122084302D000227F1C04E02078A6
:1008E000302801D100227F1E002A099784D01DE004
:1008F000112D07DA00F094F9303262556D1C50EA80
:100900000102F5D1084302D00098C8B10EE00021E1
:10091000681E05E0235C625C63542254401E491C3F
:100920008142F7DBAB46A81B401E0990002004F86B
:100930000B000B98099AC0F80880C0E9002B7AE7F1
:1009400011264FF0000857E72DE9F04F884604467E
:10095000D21D22F0070191B0D1E90001CDE90A01D1
:1009600014F08CFC02460B98C00F01D02D2007E03C
:100970002068810701D52B2002E0202101EAC00078
:10098000032A099001D0072A05DB03464146204689
:1009900000F08CF90BE12078800601D5E06900E0D9
:1009A0000620B8F1650F814606D0B8F1660F18D061
:1009B000B8F1670F70D131E00020B9F1110F00904C
:1009C00001DB112301E009F101030AAA01A90CA826
:1009D000FFF7E2FEDDE90C70002609F10105834610
:1009E00047E001204B4600904FF000470AAA01A9BA
:1009F0000CA8FFF7D1FEDDE90DB00C995D4600268D
:100A000010B909F101000D18B9EB050003D4C0F1CC
:100A1000FF3609F10105A5EB09002BE0B9F1010F43
:100A200001DA4FF001090020B9F1110F009048469A
:100A300001DD112300E003460AAA01A90CA8FFF773
:100A4000ABFEDDE90C704D4600268346207800079A
:100A50000AD4AB4500DA5D4601A8012D04DD411939
:100A600011F8011C302907D04F4502DA17F1040FA5
:100A700004DA012082460FE06D1EEEE7002F02DC53
:100A8000ED1B3E4403E0781CA84200DD7D1CB81B32
:100A900000F1010A4FF000472078000703D4AA456F
:100AA00001DB4FF0FF3A0021B7F1004F0DF1430891
:100AB0008DF8431024D002202B23002F01DA7F422F
:100AC0002D230A21021EA0F1010000DC5FB197FB7B
:100AD000F1FC97FBF1F201FB1C7C17460CF1300C8A
:100AE00008F801CDEEE7A8F101000370218809059F
:100AF00001D5452100E06521A0F1010800F8011CA5
:100B000009980FA9A1EB0807FF1D00B101204119A9
:100B100001EBEA70A1693844081A401EA0612078F0
:100B2000C00602D42046AFF30080099828B1D4E96A
:100B300001219047206A401C20622078C00622D5FF
:100B40002046AFF300801EE0002E04DBB34502DD3B
:100B500001A8805D00E03020D4E901219047206A9F
:100B6000401C2062761CAAF101005FEA000A0AD14B
:100B700000F052F8C0680168405CD4E90121904758
:100B8000206A401C2062281EA5F10105DCDC07E07C
:100B9000D4E9012118F8010B9047206A401C20621B
:100BA000381EA7F10107F3DC2046AFF300800320D5
:100BB00011B041E610B5203AC0F00B80B1E81850F2
:100BC000A0E81850B1E81850A0E81850203ABFF437
:100BD000F5AF5FEA027C24BFB1E81850A0E81850D6
:100BE00044BF18C918C0BDE810405FEA827C24BF2A
:100BF00051F8043B40F8043B08BF7047D20728BFB8
:100C000031F8023B48BF11F8012B28BF20F8023B06
:100C100048BF00F8012B7047004870475801002476
:100C200030B5B0F10A0271F100034FEA900E4EEABE
:100C3000817EB0EB0E0061EB91014FEA101E4EEA8F
:100C4000017E10EB0E0041EB11114FEA102E4EEA1F
:100C5000016E10EB0E0041EB11214FEA104E4EEAEF
:100C6000014E10EB0E0041EB1141401841F1000123
:100C70004FEAD00040EA41704FEAD1014FEA8104C7
:100C800044EA907410EB800544EB01046D1944EBC9
:100C90000404521BA3414FF0000348BF0A3200D5A1
:100CA00030BD401C41F1000130BD00002DE9F04194
:100CB0001F46044603260168072A01F4006004DB8E
:100CC00008B116A505E016A503E008B115A500E0DA
:100CD00015A521F010002060A069C01EA0610FB111
:100CE000401EA0612046AFF300804FB1D4E901213E
:100CF00038469047206A401C2062C01C206206E0F3
:100D0000206AFAE7D4E9012115F8010B9047761E15
:100D1000F8D22046AFF30080BDE8F0814E414E008E
:100D20006E616E00494E4600696E66002DE9F0471F
:100D3000814616468AB0354878440DC88DE80D00C6
:100D400032487844801C03AC0DC884E80D0041F69D
:100D50009B300844372190FBF1F290FBF1F5A5F1AF
:100D6000800501FB12041B3C02D56442012000E017
:100D70000020DFF898A080460027FA44AAF1BE0AB6
:100D80000EE0E0070AD03246684607EB4701012330
:100D90000AEB810114F03BF98DE8070064107F1C19
:100DA000002CEED1194F7F44AE3F19E0E80715D073
:100DB00007EB04100DF1180A90E80E008AE80E0007
:100DC000C068F04201D1981908903246012306A963
:100DD00003A814F01CF903AB83E807006D10641C32
:100DE000002DE3D14FF0010332466946B8F1000F00
:100DF00003A802D014F0F6F801E014F008F9C9E9EC
:100E00000001C9F808200AB0BDE8F08738460100A3
:100E100000487047380100247546FFF7F9FFAE46D9
:100E200005006946534620F00700854618B020B5F6
:100E3000FFF7F0FABDE820404FF000064FF0000742
:100E40004FF000084FF0000BAC46ACE8C009ACE82E
:100E5000C009ACE8C009ACE8C00921F007018D4623
:100E6000704710B50446AFF300802046BDE810403F
:100E7000FFF7BBBA0000000030B44FF0013C50F85F
:100E8000042BCCFA52F451F8043BD51A20D1FCB90A
:100E900050F8042BCCFA52F451F8043BD51A17D170
:100EA000B4B950F8042BCCFA52F451F8043BD51ADB
:100EB0000ED16CB950F8042BCCFA52F451F8043B23
:100EC000D51A05D1002CDAD030BC4FF000007047A5
:100ED00029BAB1FA81F111F01801D1F12000844052
:100EE000F2D1CA40CB4012F0FF0213F0FF0330BC36
:100EF000D01A704701491820ABBEFEE72600020059
:100F0000704700000000000010B50446006842F27F
:100F1000001140F48070C4F20201884218D142F2FC
:100F20000830C4F20200006810F4403F18D007F007
:100F300043FB6168B1F5803F05D0B1F5403F2DD04E
:100F4000B1F5003F2BD1090CB0FBF1F027E000BF59
:100F500046F20830C5F60200006810F4403FE6D1C2
:100F60004FF40020002106F0B3FA6168A1F5802259
:100F70008B0343EA92420A2A11D8DFE802F00707FE
:100F8000070707073D3F4143450000BF6FF00102DF
:100F900002EA5141B0FBF1F001E000BF80084BF6DE
:100FA0002141C0F2BE01884206D82068816821F440
:100FB0004071816010BD00BF47F64101C0F27D1154
:100FC000884207D820680122816862F30921816084
:100FD00010BD00BF21684FF28102C0F2FA22904298
:100FE000886805D8022262F30920886010BD00BF1E
:100FF00040F44070886010BD0009D0E74009CEE79A
:101000008009CCE7C009CAE7000AC8E70000000071
:101010000146806B026E12F0500F026E06D0D206AF
:1010200010D4806DC26C0846104700BF42F40071B6
:10103000016601680A681207CA6805D4910709D0D9
:1010400001F05AB901F060B912F4406FF8D1C968E3
:101050008904F5D4016E21F480710166016EC90422
:10106000EED4016E41F00101016601F045B90000C6
:10107000806B016E41F040010166416E41F0040158
:10108000416601F041B90000806B01F039B9000000
:10109000B0B5016804468A688868C0074FF0000050
:1010A00031D012F0020218BFB0BD886800F00D0008
:1010B00001281FD14FF6C0728868C7F6FF72104032
:1010C000023088600320086004F0A6F9216889686E
:1010D000C90701D10020B0BD054602E08068C00705
:1010E000F8D004F099F9401B03282068F6D38168F2
:1010F000C907F3D0206E40F010002066606E40F00B
:10110000010060660120B0BDF0B581B00446006802
:101110008168C9074CD14FF6C0778168C7F6FF7761
:1011200007F17F0211420BD0206E40F010002066C4
:10113000606E40F001006066012001B0F0BD00BFAC
:101140008168394041F00101816004F065F942F2A3
:10115000000346F20836C4F20203216803F58072E8
:1011600003F54275C5F60206914208BF2E46994224
:1011700008BF2E4699420546306816D0914214D1D8
:1011800010F01F0014D110E08868C00704D18868EF
:10119000384040F00100886004F03EF9401B2168AF
:1011A000032802D30868C007BED00868C007EBD088
:1011B000002001B0F0BD000002230376032380F875
:1011C000303000F13C0301210170002149F69A12F0
:1011D00044F2AE7CC3F69962C3F6616C83E80610F4
:1011E000042380F84830052380F8603000F16C0358
:1011F0004261C0E90111C0E90312C0E9071141626F
:10120000C0E90A2CC0E90D11C0E91311C0E915119C
:10121000C165C0E9191183E80610062280F878201C
:10122000C0E91F11C0E92111C0F88C1070470000FF
:1012300040F2000C002344F2AE71C4F2A01C4FF047
:101240007C52C4F2C003C0E904C2C3F66161C0E9C4
:101250000A31C0E910310021C0E91611C0E91CC2F1
:10126000C0E92211704700002DE9F04F81B02DED4B
:10127000068B84B04AF6E8454CF650264CF690278B
:101280004CF6D0299FED4E8B04464FF0000A9FED9F
:101290004EABC2F20045C2F20046C2F20047C2F2B3
:1012A00000499FED4B9A4FF001084FF0000B07E00B
:1012B0000BF0BAFF0BF1180BBBF1900F00F076802A
:1012C00014F80B0001380528F4D8DFE800F0171BEC
:1012D0000331475104EB0B000321C0F201013962D5
:1012E00041687962C168B9628168F96201693963EC
:1012F0004069786338464946DAE700BF04EB0B00E3
:1013000003212EE004EB0B000221C0F20101316247
:1013100041687162C168B1628168F16201693163DB
:1013200040F21831406970633046C2F20041BFE7B5
:1013300094ED140A002120EE091AB5EE400AF1EEF0
:1013400010FAD8BF0121B7EEC11A0420CDE9018AF5
:1013500081EE081B21EE0A1B1CE000BF04EB0B0012
:101360000121043090EC050A28460AF045FFA1E768
:1013700094ED200A002120EE091AB5EE400A06205D
:10138000F1EE10FAB7EEC11AD8BF0121CDE9018AFA
:1013900081EE081BB0EEC10BBCEEC00BC8220023CF
:1013A0008DED000A00F0F8FA84E700BF002004B0D9
:1013B000BDEC068B01B0BDE8F08F00BF00BF00BFE1
:1013C000000000000080764000000000000049405E
:1013D00000004845000000004DF2F4700421C2F204
:1013E000004008F0A5BC000041F638003221C4F2EC
:1013F000000001604CF65410C2F20040012101705F
:1014000070470000000000004CF654103222C2F277
:10141000004041F63803C4F200030178002981F04E
:10142000010118BF00221A6001707047000000001F
:1014300010B503F0F1FF04460020C5F602004FF49A
:10144000004103F0D9FF40F29421C2F200410A7832
:10145000022A0BD0012A0FD08AB980B90120087066
:1014600004F164004860002010BD00BF01284FF067
:10147000000008BF087010BD4A68944202D20020E4
:1014800010BD00BF10B10020087010BD0220087010
:10149000012010BD00000000FEE700000000000079
:1014A000002070470000000000207047000000008E
:1014B00010B54CF610344CF2C401C2F20044C2F232
:1014C0000041002220460EF08FFA4BF6C401204660
:1014D000C2F200410EF078FA002010BD00000000BA
:1014E00010B54CF610340146C2F2004420460EF00E
:1014F0006BFA20460EF044FA002010BD00000000F8
:1015000000207047000000004CF64C70C2F2004012
:1015100001F0AEBD000000004CF65C60C2F200407D
:1015200001F0A6BD000000004CF6D460C2F20040FD
:1015300001F09EBD0000000040F20F42D0F800C054
:10154000C4F20202944511DC6F22C4F202029445F7
:1015500022DC3F22C4F20202944539DC1022C4F29C
:10156000020294455AD0282254E000BF40F26F4254
:10157000C4F2020294451BDC40F23F42C4F2020274
:1015800094452DDC40F21042C4F20202944545D04D
:1015900040F228423EE000BF9F22C4F2020294457E
:1015A00028DC7022C4F20202944537D0882231E050
:1015B00040F29F42C4F20202944523DC40F27042A2
:1015C000C4F20202944529D040F2884222E000BFD2
:1015D0004022C4F20202944520D058221AE000BFF3
:1015E00040F24042C4F20202944517D040F2584201
:1015F00010E000BFA022C4F2020294450ED0B8222F
:1016000008E000BF40F2B842C4F20202944505D09F
:1016100040F2A042C4F20202944517D10CF0F80245
:101620004AF6AB23103ACAF6AA23A2FB03310AA357
:101630005F2AC1F302115B5C40F2FF312CEA010129
:10164000C36588BF04318165084670472CF0FF01EF
:1016500081650846704700BF000610160006101688
:1016600070B540F26F44D0F800C0C4F20204D0F864
:1016700058E0A4451ADC9F25C4F20205AC4533DCD2
:101680005725C4F20205AC455ADC1025C4F2020508
:10169000AC4500F098802825C4F20205AC4500F066
:1016A00092804025C4F202058AE000BF45F22F4532
:1016B000C5F60205AC452DDC40F2B745C4F2020583
:1016C000AC454BDC40F27045C4F20205AC457AD023
:1016D00040F28845C4F20205AC4574D040F2A04502
:1016E000C4F202056CE000BF40F22745C4F20205D7
:1016F000AC4543DCA025C4F20205AC4563D0B82557
:10170000C4F20205AC455ED040F21045C4F20205B9
:1017100056E000BF45F26B45C5F60205AC453FDC1F
:1017200045F23045C5F60205AC454CD045F244457E
:10173000C5F60205AC4546D045F258453EE000BF2F
:101740005825C4F20205AC453DD07025C4F202050F
:10175000AC4538D08825C4F2020531E040F2B845E6
:10176000C4F20205AC452ED045F20845C5F6020587
:10177000AC4528D045F21C4520E000BF40F228458A
:10178000C4F20205AC451ED040F24045C4F2020549
:10179000AC4518D040F25845C4F2020510E000BF35
:1017A00045F26C45C5F60205AC450CD045F29445B2
:1017B000C5F60205AC4506D045F28045C5F60205E2
:1017C000AC4540F0D080456EC66E002E866E6E60D1
:1017D0001CBFD0E91C566E60A44515DC9F24C4F2E2
:1017E0000204A4452CDC5724C4F20204A44551DCB5
:1017F0001024C4F20204A4457AD02824C4F20204BE
:10180000A44575D040246FE045F22F44C5F602048C
:10181000A44529DC40F2B744C4F20204A44545DCE7
:1018200040F27044C4F20204A44561D040F28844FE
:10183000C4F20204A4455BD040F2A04454E000BFCF
:1018400040F22744C4F20204A4453FDCA024C4F2C1
:101850000204A4454CD0B824C4F20204A44547D0E5
:1018600040F2104440E000BF45F26B44C5F602046C
:10187000A44555DC45F23044C5F60204A44561D0C8
:1018800045F24444C5F60204A4455BD045F25844F1
:1018900054E000BF5824C4F20204A44528D07024A8
:1018A000C4F20204A44523D088241DE040F2B844C9
:1018B000C4F20204A4451BD045F20844C5F6020454
:1018C000A4453FD045F21C4438E000BF40F2284414
:1018D000C4F20204A4450BD040F24044C4F2020416
:1018E000A44505D040F25844C4F20204A4453AD1BC
:1018F0008468C06D00F01F003F2505FA00F0CEF8A7
:101900000800DCF80000402C20F48020CCF8000017
:10191000CCF8043023D1CCF80820CCF80C1070BDE2
:1019200045F26C44C5F60204A4450BD045F2804450
:10193000C5F60204A44505D045F29444C5F6020458
:10194000A44510D1C46D012504F01F04806805FA78
:1019500004F4CEF804404028CCF80430DBD0CCF8B6
:101960000810CCF80C2070BD4EF6FC50CEF20000F2
:10197000016841F08071016041F200000021CEF267
:1019800000004160016841F0010101607047000002
:10199000704700000000000080B584B08DF80000A2
:1019A000FD208DF80100100A8DF8030006988DF8CF
:1019B0000210010E8DF80610010C8DF80710010AB7
:1019C0008DF808100D218DF8090007988DF80A0090
:1019D00008988DF80B006B208DF80C0068464FF0CE
:1019E000000C8DF80FC0ADF80DC08DF804208DF8F7
:1019F000053000F005F804B080BD000000000000D4
:101A00002DE9F04F83B04FF000088DF80B808DF872
:101A10000A8002398DF809808DF808808DF80780DA
:101A20008DF80A109DF80B109DF80A20914280F065
:101A300083804CF67C194DF20417C2F2004904462B
:101A40004FF0804A4FF0080B09F1680509F18C0648
:101A5000C2F2004720789DF80710C9E91C8BC9E93C
:101A60001E8841EA0020C9E91A0AC9E9208860787D
:101A700089F88C009DF80A009DF80B10401A8DF82B
:101A800009009DF809108DF808809DF808000729C5
:101A900024D800BF9DF80910884218D29DF80B0089
:101AA000204480789DF80810494481F88D009DF805
:101AB000080001308DF808009DF80B0001308DF80A
:101AC0000B009DF808009DF809108842E6D39DF8A8
:101AD000090008281ED201301AE000BF062816D8D7
:101AE0009DF80B00204480789DF80810494481F847
:101AF0008D009DF8080001308DF808009DF80B005E
:101B000001308DF80B009DF808000728E8D3082065
:101B1000C9F8740038462946324602F011FC002804
:101B2000F8D19DF8070001308DF807009DF80B00F3
:101B30009DF80A1088428DD303B0BDE8F08F0000F5
:101B4000EFF3108072B600BFFEE700000000000057
:101B50004CF6C470C2F2004002F0D2BD000000009A
:101B60004CF6C470C2F2004002F0CABD0000000092
:101B700080B540F29C23C2F2004343F8382F02465E
:101B80004CF6C470D960C2F20040194602F0D8FB8E
:101B9000002818BF012080BD4DF26400C2F2004051
:101BA00002F0AEBD000000004DF26400C2F2004041
:101BB00002F0A6BD000000004DF20410C2F2004089
:101BC00002F09EBD000000004DF20410C2F2004081
:101BD00002F096BD00000000FFF7C6FE40F2583448
:101BE0004DF6D800C2F20044C2F20040E11C0522CA
:101BF00009F08EF94DF6283004F10801C2F20040D8
:101C0000052209F085F94DF66C1004F10D01C2F2C0
:101C10000040052209F07CF94FF47A7010F084FD41
:101C2000642010F081FDFBE770B582B000230193C2
:101C3000044690F85C00012802D1022002B070BD79
:101C4000012084F85C00204615460E46FFF720FA76
:101C5000216E18B141F010014CE000BF41F20212B8
:101C60004FF6C0739143C3F6FE73023121662168BB
:101C700006F4803605F080458A682E4413404FF202
:101C8000FF72C2F2C352334403F100438B608B688E
:101C9000B3F1FF3F2ADC019B01330193019B934287
:101CA0001DD88B68B3F1FF3F20DC019B013301930A
:101CB000019B934213D88B68B3F1FF3F16DC019B65
:101CC00001330193019B934209D88B68B3F1FF3F25
:101CD0000CDC019B01330193019B9342D7D9206E09
:101CE00040F0100020F00201012003E0216E0122EB
:101CF00062F301012166002184F85C1002B070BD1E
:101D000090F85C20012A01D102207047B0B582B062
:101D100042F2083200230193C4F202020093A2F5BA
:101D200042740368A34227D14FF6006E4FF6005568
:101D3000CFF6FF7ECFF6FF7552F80E40535923437E
:101D40005B0719D4D1F800C01368BCF1000F23F46D
:101D500040441FD04B6823431360535952F80E5030
:101D60002B43DB0722D1136840F61F75AB4389680C
:101D7000194341EA0C0118E0016E41F020010166AF
:101D80000121002280F85C2002B0BDE8B040084686
:101D9000704700BF1460515952F80E301943C907FB
:101DA00004D1116840F61F73994311600021E8E7E0
:101DB0002DE9F04381B00022009290F85C20012AC6
:101DC00004D10221084601B0BDE8F0830368012276
:101DD00080F85C209A68520700F12C8246F2083C99
:101DE0004FF6FF7EC5F6020CC0F20F0EACF542783E
:101DF0000C68434516D0B4F1FF3F13DD94FAA4F507
:101E000014EA0E0FB5FA85F54FF0010608BFA50ECE
:101E1000A40E05F01F0506FA05F5DE693543DD6100
:101E200001E000BFA40E4D681F2204F01F04C5F39B
:101E3000012605F01F05AA4003EB8606AC40376B70
:101E400027EA0202224332639A689C6802F0040285
:101E500004F00804121940F004810A6807268D680E
:101E60004345C2F34064C2F3045203EB840406FA10
:101E700002F6676905FA02F227EA060642EA060256
:101E8000626117D041F20002C5F60042126802F00A
:101E90007042B2F1805F73D14A69DC680E2505EAB1
:101EA000540402FA04F90D694F46042D00F08280B3
:101EB000A8E000BF4FF60452CFF6FF72D1E90454F8
:101EC000042D5CF8026065D14FF65852CFF6FF72D0
:101ED0005CF802201A6E0E68C2F3846216EA0E04E1
:101EE000C6F3846596FAA6F6B6FA86F6374608BFB4
:101EF0002F46BA420CD11A6E22F000421A660A68C6
:101F000002EA0E04C2F3846592FAA2F2B2FA82F6F1
:101F10005A6E37465A6E002C08BF2F46C2F38462B1
:101F2000BA420CD15A6E22F000425A660A6802EA9E
:101F30000E04C2F3846592FAA2F2B2FA82F69A6EA5
:101F400037469A6E002C08BF2F46C2F38462BA420D
:101F50000CD19A6E22F000429A660A6802EA0E04D8
:101F6000C2F3846592FAA2F2B2FA82F6DA6E002C1B
:101F7000DA6E08BF2E46C2F38462B2423AD070E0F5
:101F8000DA684C69DD68D2064FEA55050AD405F0D7
:101F90000E0209E006224FF0004902EA960204FA16
:101FA00002F72FE005F0080204FA02F90D694F4626
:101FB000042D27D11A6E0C6802F0F842A406A24242
:101FC00040F09A801A6E22F000421A665A6E02F0B1
:101FD000F842A24200F096809A6E02F0F842A242C5
:101FE00003D19A6E22F000429A66DA6E02F0F8424D
:101FF000A24236D1DA6E22F00042DA669A68D2073F
:1020000033D0D0E003F160060A68434502F0F8429D
:1020100056F8254042EA090218BF04F0004743453C
:1020200042EA070246F825200C6977D091F8212072
:102030000D7E56F8247027F00047012A08BF07F1EB
:1020400000476A1EB2FA82F246F8247052090C69FF
:10205000D2021D6904F01F0425F4F045A2402A4372
:102060001A619A68D20740F09E8043450C68CD689B
:1020700026D005F01806D3F8C02004EA0E072EFA81
:1020800006F6BA4326403243C3F8C0200022C4F209
:10209000FF7295422CD114EA0E0F5BD094FAA4F291
:1020A000B2FA82F2013202F01E07092F02F01F0776
:1020B00059D8012207EB4706BA4042EA06575EE0CC
:1020C0004FF6A85905F01807CFF6FF7904EA0E027B
:1020D0002EFA07F75CF8096026EA020207EA04060E
:1020E00032434CF809200022C4F2FF729542D2D04C
:1020F000B4F1FF3F57DC59E05A6E02F0F842A242B9
:102100007FF46AAF5A6E22F000425A669A6E02F06D
:10211000F842A2423FF465AF67E700BFACF52A7210
:10212000CD6952F8246026F08076354342F8245079
:102130000C6991F8205052F82460012D26F00076A9
:1021400008BF06F1007642F824609A68D2078CD066
:1021500029E000BF012202EB946202F01E070A2F61
:1021600002F01F07A5D3012207EB4706BA4000275C
:10217000CFF6206707EB06573A4342F00077C7F3E4
:1021800040620725C7F304578E6803EB8202BD4007
:10219000546906FA07F724EA05052F4357610C68CE
:1021A000B4F1FF3F02DD002149E000BF42F200012F
:1021B00042F20016C4F20201C4F2020601F5807276
:1021C00001F542779342624608BF3A468B4208BF08
:1021D0003A4643F48077B742166823D18A68D1F82B
:1021E00008111143C90725D1002106F0E075CCF292
:1021F00052718C4208BF16F4000127D00021CCF2A6
:1022000021318C4260D10021B1EB156F5CD1434587
:1022100015D1DCF8001021F0E071294341F0807104
:1022200065E000BF4FF60051CFF6FF715CF801107A
:10223000C907D9D0016E41F02001016601210022B9
:1022400080F85C20084601B0BDE8F0834345AAD180
:10225000DCF8001042F6635221F0E071C0F23E5209
:10226000294341F40001CCF8001040F20801C2F209
:10227000004109688909A1FB02129109022202EBBF
:1022800041010091009900298DD0009901390091F8
:10229000009900293FF487AF009901390091009916
:1022A00000293FF480AF009901390091009900297D
:1022B0003FF479AF009901390091009900294FF05E
:1022C0000001E2D1BBE700BF43454FF00001B6D1AA
:1022D0000022CCF68432944208BF16F48002AED1BC
:1022E000DCF8001021F0E071294341F48001CCF8C2
:1022F00000100021A3E7000070470000000000006C
:10230000704700000000000070470000000000005F
:10231000F0B581B0044600284FF0000000902DD0A9
:10232000206E30B9204600F07BF90020606684F80A
:102330005C002068816889004FF6C071C5F6FF71A6
:1023400002D582680A4082608268D20031D48268F5
:1023500001F18051114042F6635241F08051816099
:1023600040F20801C0F23E52C2F2004109688909F8
:10237000A1FB0212012101EB921105E00125284683
:1023800001B0F0BD009901390091009989B100991F
:1023900001390091009961B10099013900910099CA
:1023A00000291FBF009901390091009918BF002929
:1023B000E8D18168C90009D4216E012541F01001DE
:1023C0002166616E41F00101616600E000258168CF
:1023D000226E02F0100201F004018918216E59D119
:1023E00021F4817146F2100C023121668168C5F634
:1023F000020CC90724D142F2001240F48071C4F2E9
:102400000202914242F20001C4F2020140F0F08067
:102410008A68D1F808311A43D20711D101F58072C8
:1024200001F5427390421A4618BF0CF53E7288427D
:1024300008BF1A466168136823F47C1319431160BE
:10244000617EE36BACF11006B04243EA413329D020
:10245000A168194394F82030012B41EA034306D1C7
:10246000616A0022CFF6FE7202EB41410B43A16A82
:1024700021B101F47871E26A11430B43B0421FD0DD
:102480004CF20302C168CFF6F07211401943C160EB
:1024900028E000BF41F0100001252066284601B069
:1024A000F0BD00BFD4E9021E082900F0A7800C2966
:1024B00000F0A6801C2940F0A5801021A5E000BFF7
:1024C00044F207025CF8041CCFF6F0721140194385
:1024D0004CF8041CDCF80010626B21F040611143E1
:1024E000CCF800108168826801F0040102F0080253
:1024F000891869D1217EB0424FEA813126D0226B02
:10250000C36844F20307BB431A431143C16094F804
:102510004410012948D14FF61E020169CFF600424E
:102520000126D4E912371140CFF6FF7606EB0343BC
:102530003943276D1943636D3943226C1943016197
:10254000016921F07041114301613AE05CF8042C0B
:1025500094F8383044F2030E94F8447022EA0E02E4
:1025600042EA4302012F41EA02014CF8041C1BD14C
:102570004FF61E01DCF80000CFF600410840D4E918
:1025800012120843216D1043626D0843216C104301
:1025900040F00100CCF80000DCF8000020F07040B2
:1025A0000843CCF800000FE00169B04221F00101BE
:1025B00001610169226C21F0704141EA020101616F
:1025C00002D02046FEF7A0FC20682169026B012999
:1025D00022F00F0102D1E269013A114301630121A6
:1025E000206E61F301002066284601B0F0BD00BFF7
:1025F0005CF8082CD2073FF411AF21E7002104E07A
:10260000082102E0182918BF002141EA0E011943F0
:1026100094F82030012B41EA03433FF421AF26E731
:102620002DE9F043B5B0044602A8283090210025DA
:102630003095CDE93355CDE93155FEF72AF842F210
:1026400000012068C4F20201884203D035B0BDE821
:10265000F08300BF4FF40020029002200490042178
:102660000890CDE90610C0200395CDE9090502A820
:102670004FF01008CDF814800B9505F0E9F808B17B
:10268000FFF75EFA44F2E0400025C5F60200C5F609
:10269000020530AE4FF0030950F8081C002741F046
:1026A000200140F8081C50F8081C01F0200101919D
:1026B0000199016841F001010160016801F0010127
:1026C00001910199016841F00401016000683146FF
:1026D00000F0040001900198202030902846CDF8A9
:1026E000C490329702F0B4FD05F500603146CDE9A3
:1026F0003089329702F0ACFD4CF65C652820C2F2BE
:102700000045C4F2020028600920C5E901074FF422
:10271000806028614FF4006068614FF40050A86148
:102720004FF48070EF60C5E9070728466F6201F03B
:10273000ABF808B1FFF704FAA565AC6335B0BDE8A6
:10274000F0830000000000002DE9F04742F2001580
:1027500046F20C0AC4F20205044605F50277C5F6F6
:10276000020A03683846A5F58076AB4218BF0AF521
:102770003F70B34208BF384600689B685B0704D4CB
:10278000894694F85C10012902D10220BDE8F08747
:1027900000F01F060120092E84F85C0009D8B04023
:1027A00040F22121084204D020469046FEF7ACFCBE
:1027B00030B1002084F85C000120BDE8F08700BF44
:1027C000216840F60172206E20EA020000F5807058
:1027D00020660EB1A94203D0206E20F4801020663E
:1027E000206E41F21103C0044FF0000044BF606E40
:1027F00020F0060041F28907C0F600036066C0F6CB
:102800000007A06D0022C0E90F3741F27103C0F646
:102810000003C3641C230B6084F85C20AAF10C0243
:102820004B68914243F010024A6007D0226BCB689C
:1028300023F003031A43CA6010E000BF94F8382065
:10284000DAF8003023F0030343EA4202CAF800201A
:10285000DAF8002042F00102CAF8002040314A466E
:10286000434601F03DFB21684FF6C073C7F6FF7386
:102870008A681A4004328A60BDE8F08700000000D0
:102880002DE9F041044602F0C7FD1CB3054694F85B
:102890003500022822D140F20F462768C4F2020612
:1028A00040F26F48B7426FF00E00C4F202081DDC20
:1028B0006F21C4F202018F422ADC3F21C4F20201DF
:1028C0008F4241DC1021C4F202018F4263D02821E3
:1028D0005CE000BF0120BDE8F08100BF80206065A2
:1028E0000120002184F83410BDE8F08147451BDC4D
:1028F00040F23F41C4F202018F422DDC40F2104110
:10290000C4F202018F4246D040F228413EE000BFAF
:102910009F21C4F202018F4228DC7021C4F202011F
:102920008F4238D0882131E040F29F41C4F2020149
:102930008F4223DC40F27041C4F202018F422AD060
:1029400040F2884122E000BF4021C4F202018F42E0
:1029500021D058211AE000BF40F24041C4F20201E8
:102960008F4218D040F2584110E000BFA021C4F2BD
:1029700002018F420FD0B82108E000BF40F2B841F9
:10298000C4F202018F4206D040F2A041C4F202011B
:102990008F42394607D13946386820F01E0041F889
:1029A000140B6FF080000A68474500EA02000860D7
:1029B0001ADC9F20C4F20200874233DC5720C4F2A5
:1029C000020087425ADC1020C4F20200874200F065
:1029D00097802820C4F20200874200F091804020B6
:1029E000C4F202008AE000BF45F22F40C5F60200A3
:1029F00087422DDC40F2B740C4F2020087424BDC34
:102A000040F27040C4F20200874279D040F2884020
:102A1000C4F20200874273D040F2A040C4F2020028
:102A20006CE000BF40F22740C4F20200874243DC62
:102A3000A020C4F20200874262D0B820C4F2020093
:102A400087425DD040F21040C4F2020056E000BF61
:102A500045F26B40C5F6020087423FDC45F230404C
:102A6000C5F6020087424BD045F24440C5F602004D
:102A7000874245D045F258403EE000BF5820C4F29E
:102A8000020087423CD07020C4F20200874237D057
:102A90008820C4F2020031E040F2B840C4F20200E3
:102AA00087422DD045F20840C5F60200874227D064
:102AB00045F21C4020E000BF40F22840C4F2020072
:102AC00087421DD040F24040C4F20200874217D036
:102AD00040F25840C4F2020010E000BF45F26C40E2
:102AE000C5F6020087420BD045F29440C5F60200BD
:102AF000874205D045F28040C5F60200874204D1E6
:102B0000206E016821F480710160386820F00100B6
:102B1000386000BF3868C00710D002F07DFC401B51
:102B20000628F7D320206065032084F835000120B3
:102B3000002184F83410BDE8F08100BF2068B04265
:102B400010DC6F21C4F2020188421DDC3F21C4F277
:102B50000201884234DC1021C4F20201884255D0BF
:102B600028214FE040451BDC40F23F41C4F2020106
:102B700088422DDC40F21041C4F20201884245D067
:102B800040F228413EE000BF9F21C4F2020188428A
:102B900028DC7021C4F20201884237D0882131E05C
:102BA00040F29F41C4F20201884223DC40F27041AE
:102BB000C4F20201884229D040F2884122E000BFDD
:102BC0004021C4F20201884220D058211AE000BFFF
:102BD00040F24041C4F20201884217D040F258410D
:102BE00010E000BFA021C4F2020188420ED0B8213B
:102BF00008E000BF40F2B841C4F20201884205D0AB
:102C000040F2A041C4F2020188425BD1D4E916121D
:102C100002F01F023F2303FA02F28A6040455BDCA8
:102C20009F21C4F20201884214DC5721C4F2020140
:102C3000884227DC1021C4F20201884200F0A28001
:102C40002821C4F20201884200F09C804021C4F295
:102C5000020195E040F22741C4F2020188421FDCE4
:102C6000A021C4F20201884200F08C80B821C4F295
:102C70000201884200F0868040F21041C4F2020155
:102C80007EE000BF5821C4F2020188427AD0702150
:102C9000C4F20201884275D08821C4F202016FE0BB
:102CA00040F22841C4F2020188426BD040F2404118
:102CB000C4F20201884265D040F25841C4F20201D8
:102CC0005EE000BFD4E9161202F01F02012303FAEE
:102CD00002F24A604045A3DD45F22F41C5F60201EC
:102CE000884217DC40F2B741C4F20201884227DC77
:102CF00040F27041C4F20201884243D040F2884160
:102D0000C4F2020188423DD040F2A041C4F2020167
:102D100036E000BF45F26B41C5F6020188421FDC78
:102D200045F23041C5F6020188422BD045F24441BC
:102D3000C5F60201884225D045F258411EE000BF89
:102D400040F2B841C4F2020188421BD045F208416A
:102D5000C5F60201884215D045F21C410EE000BFC5
:102D600045F26C41C5F6020188420BD045F2944110
:102D7000C5F60201884205D045F28041C5F6020140
:102D800088420BD1616EA26EE06E4A6030B101687C
:102D900021F480710160D4E91C014160012084F8B4
:102DA00035000020002184F83410BDE8F0810000D7
:102DB000F0B190F83510022918D180B540F20F42D9
:102DC0000168C4F20202914214DC6F23C4F20203D0
:102DD000994225DC3F23C4F2020399423CDC1023D4
:102DE000C4F2020399425DD0282357E08021416557
:102DF0000120704740F26F43C4F2020399421BDC8A
:102E000040F23F43C4F2020399422DDC40F21043EA
:102E1000C4F20203994245D040F228433EE000BF8D
:102E20009F23C4F20203994228DC7023C4F20203F8
:102E3000994237D0882331E040F29F43C4F2020325
:102E4000994223DC40F27043C4F20203994229D034
:102E500040F2884322E000BF4023C4F202039942BB
:102E600020D058231AE000BF40F24043C4F20203CE
:102E7000994217D040F2584310E000BFA023C4F29B
:102E8000020399420ED0B82308E000BF40F2B843D5
:102E9000C4F20203994205D040F2A043C4F20203F7
:102EA000994277D191424FF0040280F8352011DC2D
:102EB0006F20C4F20200814222DC3F20C4F20200F3
:102EC000814239DC1020C4F20200814259D028200E
:102ED00054E000BF40F26F40C4F2020081421BDCAC
:102EE00040F23F40C4F2020081422DDC40F210402B
:102EF000C4F20200814244D040F228403EE000BFCC
:102F00009F20C4F20200814228DC7020C4F202003B
:102F1000814236D0882031E040F29F40C4F2020066
:102F2000814223DC40F27040C4F20200814228D08A
:102F300040F2884022E000BF4020C4F202008142FB
:102F40001FD058201AE000BF40F24040C4F20200F7
:102F5000814216D040F2584010E000BFA020C4F2D9
:102F6000020081420DD0B82008E000BF40F2B84016
:102F7000C4F20200814204D040F2A040C4F2020038
:102F80008142086820F0010008600021BDE880400F
:102F9000084670470A6822F00E020A6045F257425E
:102FA000C5F6020291420A6822F001020A600FDCB3
:102FB00045F22F42C5F60202914219DC45F2084261
:102FC000C5F60202914229D045F21C4222E000BF20
:102FD00045F27F42C5F60202914213DC45F25842A7
:102FE000C5F60202914219D045F26C4212E000BFD0
:102FF00045F23042C5F6020291420FD045F24442FA
:1030000008E000BF45F29442C5F60202914205D0A5
:1030100045F28042C5F6020291421AD1D0E9181C4D
:10302000D0E916E30A6822F480720A6003F01F01F7
:10303000012202FA01F1CEF80410816ECCF80410DE
:10304000C16E31B10A6822F480720A60D0E91C12A4
:103050004A60012180F83510026D0021002A80F8B5
:10306000341093D0904790E7406D70470000000007
:103070002DE9F04782B00021019140F20801044699
:10308000C2F2004148F2B512C1F64E32A56D096890
:1030900040F26F490068C4F20209A1FB02184845DA
:1030A0002E68296816DC9F21C4F2020188422DDCBB
:1030B0005721C4F20201884252DC1021C4F20201FD
:1030C00088427CD02821C4F20201884277D0402176
:1030D00070E000BF45F22F42C5F60202904229DCA3
:1030E00040F2B742C4F20202904245DC40F2704125
:1030F000C4F20201884262D040F28841C4F2020167
:1031000088425CD040F2A04154E000BF40F2274129
:10311000C4F2020188423FDCA021C4F202018842CD
:103120004DD0B821C4F20201884248D040F210418B
:1031300040E000BF45F26B42C5F60202904275DCEA
:1031400045F23042C5F60202904200F0828045F21C
:103150004442C5F6020290427BD045F2584273E0E9
:103160005821C4F20201884229D07021C4F2020120
:10317000884224D088211DE040F2B842C4F2020205
:1031800090421CD045F20842C5F60202904260D03F
:1031900045F21C4258E000BF40F22841C4F202014F
:1031A00088420CD040F24041C4F20201884206D06D
:1031B00040F25841C4F20201884240F05183E16D6F
:1031C000082201F01F0140F20F4A8A40C4F2020AAD
:1031D000324200F0DE8050454FF0040312DC6F27CE
:1031E000C4F20207B8426DDC3F27C4F20207B842BE
:1031F00000F39C801027C4F20207B84200F0BD80A3
:103200002827B5E0484569DC40F23F47C4F2020791
:10321000B84200F3938040F21047C4F20207B8426C
:1032200000F0AB8040F22847A2E000BF45F26C42BC
:10323000C5F6020290420CD045F28042C5F6020269
:10324000904206D045F29442C5F60202904240F008
:1032500007830268E36D03F01F0304279F400F42BA
:1032600018BF12F0040623D102279F400F4218BF57
:1032700012F0020642D1D940090740F1F18212F062
:10328000080100F0ED82016821F00E0101600120CB
:1032900000FA03F16960606584F83500E16C00298B
:1032A0004FF0000084F8340040F0D582D8E200BF2F
:1032B00011046F6034D4910636D4016821F0040102
:1032C000016031E09F27C4F20207B84240DC70275A
:1032D000C4F20207B84250D0882749E040F29F4725
:1032E000C4F20207B8423BDC40F27047C4F2020766
:1032F000B84242D040F288473AE000BF11046F6004
:1033000000F1B282910600F1B382016821F00A0156
:103310000160012084F83500002084F83400A7E221
:10332000D00301D4A16C95E2216C93E24027C4F252
:103330000207B84221D058271AE000BF40F24047A8
:10334000C4F20207B84218D040F2584710E000BF5C
:10335000A027C4F20207B8420FD0B82708E000BF88
:1033600040F2A047C4F20207B84206D040F2B84784
:10337000C4F20207B84218BF082307681F4208D0EA
:10338000036823F004030360AA60626D42F0010247
:10339000626501228A4032426FD0504510DC6F23B3
:1033A000C4F2020398421DDC3F23C4F20203984298
:1033B00034DC1023C4F20203984256D028234FE095
:1033C00048451BDC40F23F43C4F2020398422DDC27
:1033D00040F21043C4F20203984246D040F2284320
:1033E0003EE000BF9F23C4F20203984228DC702312
:1033F000C4F20203984238D0882331E040F29F4360
:10340000C4F20203984223DC40F27043C4F2020388
:1034100098422AD040F2884322E000BF4023C4F201
:103420000203984221D058231AE000BF40F24043E3
:10343000C4F20203984218D040F2584310E000BF93
:10344000A023C4F2020398420FD0B82308E000BFC3
:1034500040F2A043C4F20203984206D040F2B843BF
:10346000C4F20203984240F0058243691B0604D56A
:10347000AA60626D42F00202626504228A40324212
:103480006FD0504510DC6F23C4F2020398421DDC5C
:103490003F23C4F20203984234DC1023C4F2020337
:1034A000984256D028234FE048451BDC40F23F436A
:1034B000C4F2020398422DDC40F21043C4F202032E
:1034C000984246D040F228433EE000BF9F23C4F21A
:1034D0000203984228DC7023C4F20203984238D0D9
:1034E000882331E040F29F43C4F20203984223DC78
:1034F00040F27043C4F2020398422AD040F288435B
:1035000022E000BF4023C4F20203984221D0582396
:103510001AE000BF40F24043C4F20203984218D0C0
:1035200040F2584310E000BFA023C4F202039842C7
:103530000FD0B82308E000BF40F2A043C4F202035A
:10354000984206D040F2B843C4F20203984240F0D9
:10355000998103689B0704D5AA60626D42F004025A
:103560006265102202FA01F1314200F0818050457B
:103570004FF0080210DC6F23C4F2020398421DDCF6
:103580003F23C4F20203984234DC1023C4F2020346
:10359000984256D028234FE048451BDC40F23F4379
:1035A000C4F2020398422DDC40F21043C4F202033D
:1035B000984246D040F228433EE000BF9F23C4F229
:1035C0000203984228DC7023C4F20203984238D0E8
:1035D000882331E040F29F43C4F20203984223DC87
:1035E00040F27043C4F2020398422AD040F288436A
:1035F00022E000BF4023C4F20203984221D05823A6
:103600001AE000BF40F24043C4F20203984218D0CF
:1036100040F2584310E000BFA023C4F202039842D6
:103620000FD0B82308E000BF40F2A043C4F2020369
:10363000984206D040F2B843C4F20203984218BF41
:1036400004220368134213D0A9600168490301688A
:1036500008D4C90508D4016821F008010160216C73
:1036600021B905E008034FD4216C09B120468847F1
:10367000E06D00F01F01202000FA01F2324200F05C
:10368000AD8020681023504510DC6F27C4F202077C
:10369000B8421DDC3F27C4F20207B84238DC1027CD
:1036A000C4F20207B8425AD0282753E048451BDC31
:1036B00040F23F47C4F20207B84231DC40F2104703
:1036C000C4F20207B8424AD040F2284742E000BFA5
:1036D0009F27C4F20207B8422CDC7027C4F202070D
:1036E000B8423CD0882735E040F29F47C4F2020739
:1036F000B84227DC40F27047C4F20207B8422ED02D
:1037000040F2884726E000BFA16C0029AED1AFE7A8
:103710004027C4F20207B84221D058271AE000BF60
:1037200040F24047C4F20207B84218D040F258476E
:1037300010E000BFA027C4F20207B8420FD0B8279C
:1037400008E000BF40F2A047C4F20207B84206D02A
:1037500040F2B847C4F20207B84218BF0223076814
:103760001F423BD0AA6094F83520042A02681DD17C
:1037700022F016020260426922F080024261226C4D
:103780000AB9A26C1AB1026822F0080202603F2056
:103790008840A860012084F83500216D00294FF091
:1037A000000084F8340056D15AE000BF510301688C
:1037B0000CD4C9050ED4016821F01001016001206C
:1037C00084F83500002084F8340003E0080301D4B5
:1037D000616C00E0E16B09B120468847606D00280C
:1037E0003ED0606DC00734D0042084F835002068D6
:1037F0004FEA9821026822F001020260019A013228
:1038000001928A421AD80268D20717D0019A01326F
:1038100001928A4212D80268D2070FD0019A01326F
:1038200001928A420AD80268D20707D0019A01326F
:1038300001928A4202D80268D207DFD10068C0072D
:103840004FF0030008BF012084F83500002084F801
:103850003400E16C21B1204602B0BDE8F0470847D2
:1038600002B0BDE8F08700BFD00301D4616CF1E77E
:10387000E16BEFE7026804228A4032427FF401AE36
:103880006FE600BF02686CE62DE9F04381B00446A4
:1038900001F0C2FD002C00F0AF8040F26F480546F9
:1038A0002068C4F20208404516DC9F21C4F20201E0
:1038B00088422DDC5721C4F20201884254DC1021D9
:1038C000C4F20201884200F07E802821C4F2020185
:1038D000884278D0402171E045F22F41C5F60201BF
:1038E000884229DC40F2B741C4F20201884247DC39
:1038F00040F27041C4F20201884264D040F2884133
:10390000C4F2020188425ED040F2A04156E000BFFE
:1039100040F22741C4F20201884241DCA021C4F2F6
:10392000020188424FD0B821C4F2020188424AD035
:1039300040F2104142E000BF45F26B41C5F6020182
:10394000884200F3BB8045F23041C5F6020188424F
:1039500000F0C78045F24441C5F60201884200F0FC
:10396000C08045F25841B7E05821C4F202018842B4
:1039700029D07021C4F20201884224D088211DE0A0
:1039800040F2B841C4F2020188421CD045F208411D
:10399000C5F60201884200F0A48045F21C419BE07C
:1039A00040F22841C4F2020188420CD040F240416A
:1039B000C4F20201884206D040F25841C4F202012A
:1039C000884240F02381022184F83510002184F8D8
:1039D0003410016821F00101016000BF2068016816
:1039E000C9070DD001F018FD401B0628F6D3202092
:1039F0006065032084F83500012001B0BDE8F08344
:103A000048F23F0204F108060168CFF61062114047
:103A1000D4F818C06CCE11431943E3692943256AD1
:103A20000E43616A3343042943EA050343EA0C0366
:103A300003D1D4E90B652E433343666843F4801207
:103A4000A6F13F07A6F12905042FA6F1470938BFC3
:103A50001346062DA6F14F0E38BF1346B9F1020FDB
:103A600026F0030738BF1346BEF1040F38BF1346D4
:103A7000742F08BF134604290360426922F007022D
:103A800041EA020140F0DE80D4E90A53002B41EA0A
:103A9000050100F0D780BCF5005F00F0B980BCF1F3
:103AA000000F40F0C180022D00F0C180012D00F018
:103AB000B580002D00F0BB80C4E000BF45F26C4132
:103AC000C5F6020188420CD045F28041C5F60201DC
:103AD000884206D045F29441C5F60201884240F082
:103AE000958004F1080E022184F83510002184F835
:103AF00034100168A3699EE80450A2F18005E769CB
:103B0000B5FA85F566696D09402A4FEA853543EABD
:103B100007026FF3101142EA060208BF102541EABE
:103B2000DC0142EA0E02236A294341EAD20141EA5A
:103B3000131140F80819C0B2CD2148433C2101EAD5
:103B40009020E0652046FDF7F7FCE16D012201F0D1
:103B50001F0102FA01F141602068404500F38180B5
:103B60009F21C4F20201884214DC5721C4F20201F1
:103B7000884227DC1021C4F20201884200F0C7808D
:103B80002821C4F20201884200F0C1804021C4F221
:103B90000201B9E040F22741C4F20201884221DC6F
:103BA000A021C4F20201884200F0B180B821C4F221
:103BB0000201884200F0AB8040F21041C4F20201E1
:103BC000A2E000BF5821C4F20201884200F09F80A9
:103BD0007021C4F20201884200F099808821C4F269
:103BE000020191E040F22841C4F20201884200F053
:103BF0008E8040F24041C4F20201884200F087808A
:103C000040F25841C4F202017EE000BF4020EFE6DE
:103C1000032D17D8DFE805F00E0B0E02A3F1C072DA
:103C2000B2FA82F2520904E0032D03D30AD1C3F39E
:103C300000623AB140206065012084F8350001B08F
:103C4000BDE8F08341612046FDF776FCE16D3F223F
:103C500001F01F0102FA01F18160206840457FF701
:103C60007FAF45F22F41C5F60201884216DC40F2D3
:103C7000B741C4F20201884226DC40F27041C4F22E
:103C80000201884243D040F28841C4F202018842D6
:103C90003DD040F2A041C4F2020135E045F26B4153
:103CA000C5F6020188421FDC45F23041C5F602012B
:103CB00088422CD045F24441C5F60201884226D004
:103CC00045F258411EE000BF40F2B841C4F2020183
:103CD00088421CD045F20841C5F60201884216D040
:103CE00045F21C410EE000BF45F26C41C5F60201F1
:103CF00088420CD045F29441C5F60201884206D0B4
:103D000045F28041C5F60201884240F0E18045F26B
:103D1000574C45F6FC01C5F6020CC5F6020160459C
:103D20000EDC45F22F42C5F60202904218DC45F245
:103D30000842C5F60202904228D045F21C4221E01A
:103D400045F27F42C5F60202904213DC45F258422A
:103D5000C5F60202904219D045F26C4212E000BF53
:103D600045F23042C5F6020290420FD045F244427D
:103D700008E000BF45F29442C5F60202904205D029
:103D800045F28042C5F60202904247D100F0FC02A3
:103D90004CF6CD43083ACCF6CC43A2FB0323A1F169
:103DA000FC05A1F17C061B0905EB830503F01F024E
:103DB000A3682566802B4FF0010303FA02F26666C2
:103DC000A26605D100206060286072601EE000BF1E
:103DD0006768FBB2013F072F2B60726016D85E1E2A
:103DE000082E19D2604501F1440237DC45F22F4715
:103DF000C5F60207B84241DC45F20847C5F602079E
:103E0000B84259D045F21C474AE000BF0020606725
:103E1000C4E91B005CE000BFE06E54E000F0F80273
:103E20004AF6AB23103ACAF6AA23A2FB032740F2B4
:103E30000F43C4F2020308253A09984203F1AA0687
:103E4000134688BF05EB171340F60005B042C4F2D5
:103E5000020505F1800628BF1346A5E745F27F4716
:103E6000C5F60207B84213DC45F25847C5F602070B
:103E7000B84221D045F26C4712E000BF45F230470E
:103E8000C5F60207B84217D045F2444708E000BF24
:103E900045F28047C5F60207B8420DD045F2944777
:103EA000C5F60207B84207D040F60000C4F202008F
:103EB00000F1FC0100F5A07201EB83000121E06636
:103EC000B1402267616700210160D4E91C014160B3
:103ED00000206065012184F8351001B0BDE8F08351
:103EE00040B1B0B5054690F83400012804D1022055
:103EF000B0BD00BF01207047012085F8340095F85F
:103F00003500012828D1022085F835000020686599
:103F10002868046824F0010404602846FDF7A0FB2B
:103F200040F20F422868C4F2020240F26F41904210
:103F3000C4F2020118DC6F23C4F20203984225DCAC
:103F40003F23C4F2020398423CDC1023C4F2020374
:103F500098425ED0282357E04FF400606865002047
:103F600085F834000120B0BD88421BDC40F23F439D
:103F7000C4F2020398422DDC40F21043C4F2020363
:103F8000984246D040F228433EE000BF9F23C4F24F
:103F90000203984228DC7023C4F20203984238D00E
:103FA000882331E040F29F43C4F20203984223DCAD
:103FB00040F27043C4F2020398422AD040F2884390
:103FC00022E000BF4023C4F20203984221D05823CC
:103FD0001AE000BF40F24043C4F20203984218D0F6
:103FE00040F2584310E000BFA023C4F202039842FD
:103FF0000FD0B82308E000BF40F2B843C4F2020378
:10400000984206D040F2A043C4F20203984240F026
:104010002F8103680B2464F3440303602B6C1BB1F2
:104020000823046823430360884219DC9F23C4F2F9
:104030000203984232DC5723C4F20203984259DC4F
:104040001023C4F20203984200F096802823C4F2A1
:104050000203984200F090804023C4F2020389E0FA
:1040600045F22F43C5F6020398422DDC40F2B743D8
:10407000C4F2020398424BDC40F27043C4F20203E4
:10408000984279D040F28843C4F20203984273D038
:1040900040F2A043C4F202036CE000BF40F22743A9
:1040A000C4F20203984243DCA023C4F20203984204
:1040B00062D0B823C4F2020398425DD040F21043AC
:1040C000C4F2020356E000BF45F26B43C5F602039B
:1040D00098423FDC45F23043C5F6020398424BD08C
:1040E00045F24443C5F60203984245D045F2584391
:1040F0003EE000BF5823C4F2020398423CD0702334
:10410000C4F20203984237D08823C4F2020331E09C
:1041100040F2B843C4F2020398422DD045F208435E
:10412000C5F60203984227D045F21C4320E000BFA9
:1041300040F22843C4F2020398421DD040F24043AB
:10414000C4F20203984217D040F25843C4F202036B
:1041500010E000BF45F26C43C5F6020398420BD055
:1041600045F29443C5F60203984205D045F28043D8
:10417000C5F60203984274D12B6E1C68E40303D584
:104180001C6844F480741C60EB6E1BB11D6845F420
:1041900080751D60904211DC6F21C4F202018842DB
:1041A0001EDC3F21C4F20201884235DC1021C4F23A
:1041B0000201884255D0282150E000BF88421BDC14
:1041C00040F23F41C4F2020188422DDC40F210412E
:1041D000C4F20201884244D040F228413EE000BFD0
:1041E0009F21C4F20201884228DC7021C4F202013E
:1041F000884236D0882131E040F29F41C4F202016A
:10420000884223DC40F27041C4F20201884228D087
:1042100040F2884122E000BF4021C4F202018842FE
:104220001FD058211AE000BF40F24041C4F2020101
:10423000884216D040F2584110E000BFA021C4F2DD
:10424000020188420DD0B82108E000BF40F2B84119
:10425000C4F20201884204D040F2A041C4F202013B
:104260008842016841F0010101600020B0BD00BF3B
:104270000368052464F3430303602B6C002B3FF4B5
:10428000D3AE0423CDE60000B0B5044601F0C4F877
:1042900040F200010546C2F20041621C097818BFD5
:1042A0000C4400BF01F0B8F8401BA042FAD3B0BDE7
:1042B00090F89830013B012B0ED80068836D0B42BB
:1042C00012D0836D0B408B4216D1C36D43F00203B5
:1042D000C3658B0514D418E000F19C010120022273
:1042E0000B681A430A607047C36D43F00103C3654E
:1042F0008B0505D409E000BF0323C3658B0504D5F6
:10430000D0F8E0301343C0F8E0304B0504D5D0F8C6
:10431000E4301A43C0F8E4204FF6FF72436DC3F651
:10432000CF720A401A4342658A0F4AF614010020F0
:10433000C4F200010B681A430A60704700000000D5
:1043400090F89830022B1BD12DE9F0430668D6F87F
:10435000C03013F07C5F1BD0D6F8C4309B0221D450
:10436000D6F8C4300C69C3F3044CD1E90035002DF4
:104370008D6821D023432B4343F0804E20E000BFC3
:10438000D0F89C1041F00801C0F89C100120704743
:10439000D0F89C1041F02001C0F89C100120BDE82D
:1043A000F08300BFD0F89C1041F40071C0F89C105D
:1043B0000120BDE8F08300BF44EA834343EA050ED1
:1043C000836ED0F88450D1E907970CFB03F48B6916
:1043D00049EA0767D1F81480D1F80C901F4305EB28
:1043E000840347EA080745F824E047EA09475F6085
:1043F000CF6887B145F26065083303320024C0F608
:10440000010500BF171957F8037C1F51CF6804340A
:10441000EF5DBC42F6D3012101FA0CF1C6F8D010D1
:10442000C0F894100020BDE8F083000000000000F8
:10443000704700000000000090F89820013A012A1F
:104440000CD880B50A68002ACA680FD00B69072A01
:1044500043EA427E18D18B691BE000BFD0F89C1064
:1044600041F00201C0F89C1001207047072A19D1C1
:104470000A69D1E906C3120442EA032242EA0C02A5
:1044800042F0605218E000BFD1F808C04B6943EA1F
:104490008C73006F496800EBC10240F831E0536053
:1044A000002080BD8B68D1E904CE9B0743EAC2623D
:1044B00042EA0C4242EA0E024968C06E40F82120EE
:1044C000002080BD0000000090F898C0BCF1010FF2
:1044D0000ED19200006842EA0111DDF800C041EA05
:1044E000430141EA0C01C0F880100020704700BF72
:1044F000D0F89C1041F00401C0F89C1001207047D6
:10450000704700000000000070470000000000003D
:104510002DE9F04390F89870022F11D1402919D15C
:104520000668D6F8A07017F4FE0F2FD0D6F8A47046
:104530007F0635D0D6F8A470FF013BD400273CE0BD
:10454000D0F89C1041F00801C0F89C100120BDE893
:10455000F08300BF41290FD10668D6F8B07017F478
:10456000FE0F13D0D6F8B4707F0619D0D6F8B47009
:10457000FF012BD400272CE0076D8F4206D900F1F4
:104580007C04456D4FF0000C0E462BE0D0F89C10DB
:1045900041F02001C0F89C100120BDE8F08300BF6D
:1045A000D0F89C1041F48071C0F89C100120BDE847
:1045B000F08300BFD6F8A070FF0FD6F8A46000F11A
:1045C0007404C6F30526F519466C0AE0D6F8B070F7
:1045D000FF0FD6F8B46000F17804C6F30526F5198C
:1045E000C66CAC467543246804EB850E54F8257000
:1045F00017F08047576054F8257027F0604608BFD1
:10460000C7F38A46166054F8257007F00057976084
:1046100054F8254004F000441461BEF80440D4610D
:10462000BEF8064014F00F04D460DEF8044004F431
:1046300080145461DEF8044004F4001494619EF880
:10464000074004F07F041462DEF804404FEAD4749B
:10465000546228D045F260680024C0F601080EEBD1
:104660000406651C377A1F55D76818F80770BD42D5
:1046700019D21F19757A7D70D56818F80590A51C98
:104680004D453FBFB57ABD70D56818F805903CBF61
:10469000E51C4D4507D2F57A0434FD70D56818F84D
:1046A0000550AC42DBD3402906D10068C0F8A8C051
:1046B0000020BDE8F08300BF412905D10068C0F8A3
:1046C000B8C00020BDE8F0831F2909D80068012286
:1046D00002FA01F1C0F898100020BDE8F08300BF95
:1046E000006801F01F01012202FA01F1C0F89C10DC
:1046F0000020BDE8F08300007047000000000000CB
:104700002DE9F04F89B004464AF61000C4F20000CB
:1047100001684AF61400C4F200000268206802EA48
:104720000108056DD0F85490036D0893436D07930D
:10473000036D0293436D0193076D436D0593036D04
:104740000493436D0393D0F854A0D0F850B05FEABF
:10475000CA5306970FD51BF480710CD04FF48071AB
:1047600001654AF610010020C4F2000108602046ED
:10477000FFF7C2FF20685FEA4A5105EA09064FEADF
:10478000887717D54AF610091BF48061C4F2000936
:1047900014D0D0F8DC10D0F8E42011404FF480623F
:1047A00002650020C9F80000204600F0B9FC20682E
:1047B00004E000BF4AF61009C4F20009DDE9072150
:1047C00001EA020506F4704657B10021016508F0C0
:1047D0000300C9F8000020463946FFF729FE20688B
:1047E000DDE90121DDF80C8001EA020705F00F0583
:1047F00046B106650020C9F800002046314600F0A9
:1048000097FC206807F0F00645B105650020C9F85F
:1048100000002046294600F0EFFB2068DDE9045740
:1048200046B106650020C9F800002046314600F078
:104830003FFC2068069E5FEA0A510CD51BF400611C
:1048400009D04FF4006101650020C9F8000020463E
:1048500000F072FC20685FEA8A5111D51BF40071E8
:104860000ED0D0F8D810D0F8E02011404FF40072EC
:1048700002650020C9F80000204600F055FC2068C1
:104880005FEA0A310CD51BF4002109D04FF4002156
:1048900001650020C9F80000204600F0A9FB20684F
:1048A0005FEACA310CD51BF4803109D04FF4803156
:1048B00001650020C9F80000204600F02DFC2068AA
:1048C0005FEA4A3105EA08050CD51BF4802109D0BE
:1048D0004FF4802101650020C9F80000204600F057
:1048E00017FC20685FEA8A3106EA070205F060716A
:1048F0000ED51BF400330BD04FF4003303650023B7
:10490000C9F80030D4F89C3043F08003C4F89C30E0
:1049100002F0715539B101650020C9F80000204648
:10492000FFF7F2FD206845B105650021C9F80010C8
:10493000D4F89C102943C4F89C10A9F50161884261
:104940000AD0D4F89C00002868D0204609B0BDE801
:10495000F04FFFF7D5BD00BF606881688907F0D0D0
:10496000016A426A036A476A114003EA070202F0D9
:104970003005D0F82080D0F82490D0F820B0D0F8BE
:1049800024A0026A089211F00F01426A0792466A57
:10499000026A069203D00162204600F0ADFB08EAED
:1049A00009072DB1606829460562204600F0ACFB7E
:1049B00070060BEA0A0607F4C0750ED5069810F0CB
:1049C00040000AD060684023C16BC26B090C02F042
:1049D0003F020362204600F093FBDDE9071000EA86
:1049E000010706F4FC462DB16068294605622046A1
:1049F00000F07EFB07F4F02036B161680E62D4F857
:104A00009C103143C4F89C1000289AD06168086259
:104A1000D4F89C100843C4F89C0092E709B0BDE8A4
:104A2000F08F000000000000F0B12DE9F04F83B0DE
:104A30004AF200080446C4F200080068404533D03A
:104A400094F89810B9B3816921F01001816100F0E8
:104A5000E3FC054620688169090707D500F0DCFC06
:104A6000401B0B28F6D312E001207047816941F00A
:104A70000101816100F0D0FC054600BF206881691A
:104A8000C90721D100F0C8FC401B0B28F6D3012038
:104A9000D4F89C100843C4F89C00032084F89800C4
:104AA000012003B0BDE8F08F08F58071616094F8D3
:104AB00098100029C7D1002084F89900204600F002
:104AC000B3F92068BFE700BF816941F0020181614D
:104AD000217C826922F04002012918BF40328261A4
:104AE000617C826922F48042012908BF02F580427C
:104AF0008261A17C826922F48052012918BF02F5EB
:104B000080528261816921F44073D4E902120B431F
:104B10008361836923F0A4038361036923F0100395
:104B200003619AB1012A0DD0022A09D08369032AB0
:104B300043F080038361036943F01002026105D1F1
:104B4000202200E0042283691A438261D4E90572BD
:104B5000E369561E6FF0FF02256A02EB0323B1F5ED
:104B6000407F43EA4663A5F1010646EA030640F2A8
:104B70000003CFF6FF7303EB074746EA0701C16165
:104B800010D1D4E90B65D4E90917013F02EB0622E5
:104B90006FF00F063A4306EB05173A4303EB01416A
:104BA0001143C160236E2BB1616ED0F8C020114358
:104BB000C0F8C010E16DCDE90113D94245F28C3146
:104BC000C0F6010109D0D0F8C820A36E22F0070278
:104BD00051F823301A43C0F8C820D4F840A0BAF1E5
:104BE000000F09D0D0F8BC20636C22F0070251F806
:104BF00023301A43C0F8BC20D4F848C0BCF1000FE1
:104C00000AD0D0F8BC20E36C22F0700251F82330B7
:104C100042EA0312C0F8BC20D4F850B0BBF1000F38
:104C20000AD0D0F8BC20636D22F4E06251F8231062
:104C300042EA0121C0F8BC10404504D161688A688D
:104C400022F003028A600021C4F89410C4F89C107A
:104C5000012184F8981004F13409D0F884104FF63B
:104C6000FC729143656C99E80C02009541EA82015F
:104C7000C0F88410D0F8841021F47F0141EA034188
:104C8000C0F884109918D0F888306FF38F0343EA86
:104C90008103C0F88830D0F8883023F4FE0343EA5B
:104CA0000943C0F8883001EB4903D0F8A0606FF3E6
:104CB0008F0646EA8306C0F8A060D0F8A06026F40C
:104CC000FE0646EA0A46C0F8A06005FB0A36D0F8A0
:104CD000B0306FF38F0343EA8603C0F8B030D0F8EA
:104CE000B03023F4FE0343EA0C43C0F8B030E36C69
:104CF000D0F8AC506FF38F0503FB0C6645EA8605D0
:104D0000C0F8AC50D4F8548008FB0B65D0F8F060C4
:104D10006FF38F0646EA8506C0F8F060D0F8F0E041
:104D2000A66D2EF47C1747EA0647C0F8F070F7002E
:104D300007EB8507D0F8C0506FF38F052F43C0F8FD
:104D4000C070D0F8C070009D27F47C1705FB0AF5F1
:104D5000DDF804A003FB0C5347EA0A47C0F8C07013
:104D60004AF20007D0F8C0E0C4F20007DDF808C03E
:104D700007F5406707EB820207EB81012EF07C57B5
:104D800047EA0C67C0F8C07001EBC90008FB0B379D
:104D90002167A16E00EB8505606700EB8303E26687
:104DA000C4E91E530AFB01F300EB87000CFB01F181
:104DB000C4F8800000EBC600C4F8840000EB830058
:104DC000C4F8880000EB81004DF2FC31C4F2000110
:104DD000C4F89000884201D9202059E682421FD2AF
:104DE0001146002041F8040BD4F890309942BFF4EA
:104DF00058AE506002F10801D4F8903099423FBF9C
:104E0000906002F10C01D4F890309942BFF449AEA1
:104E1000D0601032D4F890108A42E1D341E600BF4E
:104E2000002003B0BDE8F08FB0B5B6B0044602A8CC
:104E3000B8210025CDE93455CDE932553195FBF740
:104E400028FC4DF200412068C4F20001884241D0A4
:104E50004AF20041C4F20001884273D04AF20001D4
:104E6000C4F20001884240F0BF80002003904FF45C
:104E7000004002904FF080501D9002A802F0E8FC24
:104E800008B1FCF75DFE40F2706144F2E040C2F20E
:104E90000041C5F602000A68002A02F101020A6018
:104EA00008D1C16841F48071C160C16801F48071AA
:104EB000019101990168152441F008010160006821
:104EC000132500F00800019001980320319009217A
:104ED00033E000BF4FF4004002904FF080501D902F
:104EE00002A8039502F0B4FC08B1FCF729FE40F2D9
:104EF000706144F2E040C2F20041C5F602000A6867
:104F0000002A02F101020A6008D1C16841F48071EF
:104F1000C160C16801F48071019101990168A02408
:104F200041F00801016000689F2500F00800019031
:104F3000052101984FF44050319040F60040C5F6ED
:104F4000020038E0002003904FF4004002904FF040
:104F500080501D9002A802F07BFC08B1FCF7F0FD28
:104F600040F2706144F2E040C2F20041C5F6020036
:104F70000A68002A02F101020A6008D1C16841F4FE
:104F80008071C160C16801F480710191019901686B
:104F9000162441F0020101600068142500F00200AF
:104FA000019001986020319040F60040C5F6020063
:104FB0000921A0F50060359131A902223292002228
:104FC000CDE9332200F044F905210022284600F003
:104FD000EBFA284600F0D4FA05210022204600F022
:104FE000E3FA204600F0CCFA36B0B0BD0000000075
:104FF0007047000000000000C90708BF70474CF66A
:10500000C471C2F2004188420CD04DF26401C2F278
:105010000041884222D04DF20411C2F20041884280
:1050200030D07047B0B540F2743440F29C254CF655
:10503000C470C2F20044C2F20045C2F200404021F6
:1050400022462B46FFF764FA4AF6E8402168C2F28E
:1050500000402A46BDE8B04007F02ABA40F274305A
:1050600040F29C21C2F20040C2F2004100F128024D
:105070004DF2640001F10803C2F200404021FFF745
:1050800047BA00BF40F2743040F29C21C2F20040A7
:10509000C2F2004100F150024DF2041001F1100380
:1050A000C2F200404021FFF733BA000000000000C8
:1050B000704700000000000090F8981001290DD101
:1050C000022180F8981001688A6922F001028A6141
:1050D0000021C0F89C100846704700BFD0F89C1013
:1050E00041F00401C0F89C1001207047000000004E
:1050F0007047000000000000704700000000000042
:105100007047000000000000704700000000000031
:105110007047000000000000704700000000000021
:105120007047000000000000704700000000000011
:105130007047000000000000704700000000000001
:10514000002908BF70472DE9F04F81B000F12642D9
:1051500042F2004702F1FF728305C5F602070A26F4
:10516000B84243EA922208BF0926082A40F2040BFB
:1051700038BF1646C5F6000B002200960027002611
:105180004FF00F0C24E000BF6FF00304032304EA88
:1051900056040568934004441D43056007F01C0550
:1051A0000CFA05FE256A25EA0E052562C5689D43B1
:1051B000C560456825EA0A054560856825EA030358
:1051C00083600136043731FA06F302F102023BD064
:1051D000012303FA06FA1AEA0108F2D040F2084362
:1051E00026F00305C5F6000307F00C0E0CFA0EF9C5
:1051F000ED58009B05EA090503FA0EF39D42C3D161
:10520000DBF87C304FF0B04423EA0803CBF87C3065
:10521000DBF8803023EA0803CBF88030DBF800307D
:1052200023EA0803CBF800302568B30825EA08050F
:10523000256040F20844C5F6000454F8235025EADE
:10524000090544F823509FE701B0BDE8F04F7047CF
:105250002DE9F04F82B00D68002D00F0C78000F1FD
:10526000264242F2004402F1FF728305C5F60204B1
:105270000A27A04243EA922208BF0927082A40F2DF
:10528000040C38BF1746C5F6000C4FF0000E00970F
:10529000002700260AE000BF01360D6835FA06F245
:1052A00007F102070EF1040E00F0A080012202FABD
:1052B00006FB15EA0B08EFD0D1F804A003220AF090
:1052C000030502FA07F36C1E6FEA0309012C0FD8DD
:1052D0008368CC6803EA0903BC4023438360CAF3B4
:1052E0000014436823EA0B03B4402343436003E004
:1052F000032D01D1032520E0C3688C6803EA09036C
:10530000BC40022D43EA0403C36016D16FF00302D0
:105310000EF01C0502EA56030F22034402FA05FBB5
:10532000D3F820A00C692AEA0B0AAC4044EA0A042C
:105330001C62D1F804A00AF00305036805FA07F41B
:1053400003EA09031AF4403F43EA04030360A3D0CD
:1053500044F2F44240F2084AC5F60202C5F6000AD9
:10536000136843F00203136013680F2203F0020373
:10537000019326F00303019C0EF00C0453F80A90ED
:1053800002FA04F5009A29EA050502FA04F44FF03E
:10539000B0492C4343F80A40D9F800304C6843EA3E
:1053A0000805E20258BF23EA0805C9F80050A50223
:1053B000DCF8002042EA080358BF22EA0803A503EC
:1053C000CCF80030DCF8802042EA080358BF22EA1B
:1053D0000803E403CCF88030DCF87C2042EA0803C0
:1053E00058BF22EA0803CCF87C3055E702B0BDE88C
:1053F000F08F0000000000000069084018BF012085
:105400007047000000000000002A08BF0904816105
:10541000704700000000000041F69420C2F20140F5
:10542000006870470000000040F2000041F694213F
:10543000C2F20040C2F2014100780A6810440860DC
:10544000704700000000000080B5032000F0DCF889
:1054500003F03AF944F2184145F23843C5F6020127
:10546000C0F601030A68C2F303229A5C096801F0DE
:105470000F0102F01F02595CD04040F20C02C2F250
:10548000004201F01F0120FA01F1116040F2080111
:10549000C2F2004108600F2000F00AF800281CBF8B
:1054A000012080BD00F054F8002080BD0000000005
:1054B0000F2843D8B0B58AB00446A1200022214667
:1054C000002500F071F8A12000F05AF840F2040025
:1054D000C2F20040046044F2EC40C5F602000168EC
:1054E00041F080710160006801A900F080700290B5
:1054F000029802A803F034F803F0B6F84DF6836181
:105500004000C4F21B314EF20002A0FB01014DF637
:105510004000C2F200404FF0FF33C4F200020260CC
:1055200003EB9141C0E9011540F2E731C0E90315F1
:1055300003F0DAFF20B101200AB0B0BD01207047AE
:105540004DF64000C2F2004004F002F80AB0B0BDCF
:1055500081B044F2F4400022C5F60200016841F037
:105560000201016000680F2100F0020000906FF05E
:105570000100009B01B000F017B80000000000001F
:10558000002848BF704700F01F01012202FA01F114
:105590004EF20012C0F34A10CEF2000242F8201080
:1055A000704700000000000070B54EF60C5C4FF034
:1055B000FF36CEF2000C00F1604505F56445DCF8DD
:1055C0000030C3F3022E8EF00703042B28BF042300
:1055D000BEF1030406FA03F321EA030100F00F030E
:1055E00038BF0024043B0028634406FA04F048BF97
:1055F00003F10C05A14022EA0000084300012870D5
:1056000070BD0000000000004EF60C514FF6FF0385
:10561000CEF200010A681A4060F30A2242F080606C
:1056200040F0FD70086070472DE9F04F8EB04BF2EE
:1056300004480023C5F200280693CDE90233CDE9E2
:105640000433D0F800A0D8F8000000F00303012BC9
:1056500078D10123029300F03003102B77D000F4AF
:105660004073B3F5807F01D10123049300F4A0239C
:1056700040F2010EB3F5803FC0F2001E70D18303EB
:10568000734658BF4FF00113059300F0A063B3F1C8
:10569000807F6AD0D8F8040000F00303012B70D19A
:1056A0000223029300F03003102B6ED000F44073FD
:1056B000B3F5807F01D10223049300F4A02340F2CC
:1056C000020BB3F5803FC0F2010B05D183035B46AB
:1056D00048BF0EF10103059300F0A063B3F1807F92
:1056E00005D18001584648BF0EF101000690002404
:1056F0000C94CDE90A44CDE9084458F8040C4FF461
:105700000073D8F80060C00704BF40F22223C0F243
:105710000443F00705D086EA0300800701D4012482
:105720000894F0063AD586EA0300800636D44FF096
:105730000109CDF8249006F44070B0F5407F34D0D4
:1057400035E000BF00F03003102B7FF488AF012359
:10575000039300F44073B3F5807F3FF485AF85E792
:1057600000F0A063B3F1807F94D18001704658BFF0
:105770004FF001100690D8F8040000F00303012B4D
:105780008ED000F03003102B90D10223039300F44D
:105790004073B3F5807F8ED08FE700BF4FF00009D4
:1057A00006F44070B0F5407F01D101200A90F0036B
:1057B0000ED586EA030040030AD4F446B00358BF6E
:1057C0004FF0011CCDF82CC0F00115D504E000BF4E
:1057D0004FF0000CF0010FD586EA030040010BD416
:1057E0007546B00158BF4FF001150C95D8F804006C
:1057F000C6070CD005E000BF0025D8F80400C60796
:1058000005D080EA0306B60701D402240894C60630
:1058100007D580EA0306B60603D44FF00209CDF897
:10582000249000F44076B6F5407F01D102260A9616
:1058300045F20002C603C5F200220AD580EA03063B
:10584000760306D4DC46870348BF0EF1010CCDF881
:105850002CC0C60109D543405B0106D4800148BF76
:105860000EF1010B5D46CDF830B00095BAEB0200A9
:105870001368D34618BF0120DB07AAEB020301D14E
:10588000002204E0166826F00106166001224AF2A2
:105890000007CA46C5F200273D68ED07B3FA83F555
:1058A00002D1B94606E000BF3B68B946023223F098
:1058B00001033B6000EB400602AB01926D0903EB74
:1058C000C600D0F808E008EB8E0757F8042C22F445
:1058D000807247F8042C58F8042CD2072AD153F8C8
:1058E0003640002C5CD008EB840252F8047C27F090
:1058F000010742F8047C44683CB108EB840252F88A
:10590000047C27F0100742F8047CC4683CB10122F3
:10591000A24358F8227027F4803748F822700069B3
:1059200000283DD0012222EA000058F8202022F071
:10593000807233E045F2000258F8040CC5F20022F0
:1059400020F00100934548F8040C29D108EB8400AD
:10595000BAF1000F50F8042C42F0020240F8042C77
:1059600007D008EB8A0050F8042C42F0200240F8DF
:10597000042CBCF1000F08D0012020EA0C0058F8DC
:10598000202042F4802248F82020009840B10120D5
:10599000009A904358F8202042F0806248F8202076
:1059A00005EB4500D1E9002603EBC00453F83000B5
:1059B0008242656816D145F2000CAE422B46C5F214
:1059C000002C28D1CA68E3689A421DD10A6923696C
:1059D0009A4233461FD158F8040C40F0010048F8B1
:1059E000040C48E045F2000CAE423346C5F2002CF0
:1059F00011D08A68A3689A4203D0CA68E3689A42C1
:105A000004D12B4607E000BF334604E00A6923694E
:105A10009A422B462FD108EB800050F8042C22F03C
:105A2000010240F8042C3BB108EB830050F8042C31
:105A300022F0100240F8042CD4E9022008EB820284
:105A400052F8043C23F4807342F8043C40B1012234
:105A500022EA000058F8202022F4803248F8202062
:105A6000206940B1012222EA000058F8202022F0EB
:105A7000807248F8202088684FF48072E34508EB74
:105A8000800050F8043C18BF4FF4407223F4407378
:105A90001A4440F8042C486958F8042C431EC2F3F9
:105AA000074293420BD9002358F8042CCFF6FF731A
:105AB00022F47F0203EB0040104348F8040C58F82E
:105AC000042C08680138D20758F8203023F003036B
:105AD00028D10122E34518BF03221A4348F82020A9
:105AE000486860B108EB80001022E34550F8043CA0
:105AF00018BF302223F020031A4340F8042CC86852
:105B0000C20327D4B0B30122E34522EA00004FF0DC
:105B1000807258F8203023F0E06318BF4FF0A06285
:105B200025E000BF43F0010248F82020486840B15A
:105B300008EB8000012350F8042C63F3051240F8B1
:105B4000042CC868C20329D4A8B34FF080736FF047
:105B5000E06427E00122E34522EA00004FF48032AE
:105B600058F8203018BF4FF4A02223F4E0231A4441
:105B700048F820200869C1032AD4002842D0012116
:105B8000E34521EA00004FF0407158F8202022F050
:105B9000E06218BF4FF0E06127E000BF4FF48033B0
:105BA0006FF4E024012222EA000058F8202022406D
:105BB0001A4348F820200869C10319D410B3012101
:105BC000032221EA000058F8201062F31A6117E05E
:105BD0000121E34521EA00004FF4403158F820202C
:105BE00018BF4FF4E02122F4E022114408E000BF86
:105BF0000121032221EA000058F8201062F312412B
:105C000048F820100199C80706D188070CD4002055
:105C10000EB0BDE8F08F00BFDCF8000040F00100DE
:105C2000CCF800008807F2D5D9F8000040F0010058
:105C3000C9F8000000200EB0BDE8F08F00000000A1
:105C400080B110B504460068016821F001010160CF
:105C5000816821F002018160204600F099F800205F
:105C6000206510BD01207047F0B581B00446FFF7F4
:105C7000D3FB002C00F08980054600206065216D73
:105C800011B101B0F0BD00BF204600F0B1F82068AE
:105C900041F28836A6654FF6F40ED4E903C2636973
:105CA0008168CFF6E00E0027CFF6FF7701EA0E01FC
:105CB00007EB024241EA0C016FF0FF0E676B1143E4
:105CC0000EEB03223943E369114319438160C16834
:105CD000226A21F4E0211143C160216BA26B42EAE8
:105CE00001410161E16B41610168626821F4F85191
:105CF0000EEB022211430160016A890609D500BF3B
:105D0000FFF78AFB401BB04238D82068016A890639
:105D1000F6D4C168A268D4E9097621F0FF01013FF9
:105D2000A3693943C160022B016821F0400141EAB7
:105D300002010160D0F80811E26A21F0A04141EAB5
:105D4000060141EA0201C0F80811016841F00101B1
:105D5000016003D1816841F002018160E068B0F127
:105D6000806F05D101202065002001B0F0BD00BF8B
:105D700002202065002001B0F0BD00BF4FF400708C
:105D80002065606D40F001006065012001B0F0BD4C
:105D90004AF200010068C5F20021884218BF70472E
:105DA00010B544F2D4400024C5F60200C5F6020442
:105DB000016821F400110160016821F400210160F3
:105DC0000A212046FFF7BCF904F580600521FFF7A2
:105DD000B7F904F580504FF40061FFF7B1F904F50D
:105DE00040604FF40061BDE81040FFF7A9B9000022
:105DF0002DE9F04FB3B06946044601F10800B02127
:105E0000FAF747FC4AF200012068C5F200218842F7
:105E100002D033B0BDE8F08F4FF0007000906846BC
:105E20004FF00008CDF8048001F012FD08B1FBF737
:105E300087FE44F2E04040F20009C5F60200C5F6D4
:105E400002092EAC022750F80C1C4FF0030B41F452
:105E5000001140F80C1C50F80C1C4FF0090A01F41A
:105E600000112E912E9950F80C1C41F4002140F89D
:105E70000C1C50F80C1C01F400212E912E99016885
:105E800041F001010160016801F001012E912E999C
:105E9000016841F002010160016801F002012E91E8
:105EA0002E99016841F010010160016801F01001B4
:105EB0002E912E99016841F0080101600068214689
:105EC00000F008002E902E984846CDE92E77CDF8A8
:105ED000C080CDF8C4B0CDF8C8A0FFF7B9F92EA99D
:105EE000082081E881090620329048462146FFF7C4
:105EF000AFF92EA9012009F58066042581E8810902
:105F0000304621463295FFF7A3F92EA82146CDF859
:105F1000C8A080E8A0093046FFF79AF92EA84FF4F0
:105F20000065214680E8A0090B20329009F58050D9
:105F3000FFF78EF92EA82146CDF8C8A080E8A00969
:105F400009F54060FFF784F933B0BDE8F08F000039
:105F500001680122C0F8D824002280F8CC24886986
:105F600040F000608861486D40F08052002042F0AF
:105F700003024A65704700007047000000000000FF
:105F800002680020516270472DE9F043D0F800808C
:105F9000D8F8243081B1D8F82870B1F1010E03EBA4
:105FA000174355D05FFA8EF10EF0030C04290BD283
:105FB000002700212DE000BF002043EA0241C8F87D
:105FC0002810BDE8F08300BF0EF0FC0908F1F405CD
:105FD000002108F5827600BF55F8107F41F00100DE
:105FE000C0B241F00304E4B203EB174341F00207EF
:105FF00056F82000FFB2043103EB104056F827306A
:1060000056F82440CFB200EB13404F4500EB144349
:10601000E2D1BCF1000F1BD008EB8700BCF1010FEF
:10602000D0F8040103EB104312D0481CBCF1020F5E
:10603000C0B208EB8000D0F8040103EB104307D096
:10604000881CC0B208EB8000D0F8040103EB1043B9
:1060500008EB8E0043EA0241C0F804110020BDE8BD
:10606000F083000000000000D0F8E0040AF068B8F7
:1060700001EBC10200EB8202D0F8E004126A09F0E1
:10608000C3BF00000000000001EBC10200EB820270
:10609000D0F8E004D2F860220AF016B80000000040
:1060A000D0F8E0040AF050B810B54AB2044601F046
:1060B0000F00B2F1FF3F00EBC00104EB81020BDDEA
:1060C00002F51571002382F8553294F89424087073
:1060D000012A0AD1022010BD02F1140101235375D7
:1060E00094F894240870012AF4D0012084F89404D0
:1060F00020680AF029FE002084F8940410BD0000F6
:10610000B0B50279044601F00F00904202D9012097
:10611000B0BD00BF49B2B1F1FF3F09DD00EBC001E6
:10612000002304EB810202F5157182F8553207E075
:1061300000EBC001012304EB810202F1140153754D
:1061400094F8942400258D70012A087002D1022051
:10615000B0BD00BF012084F8940420680BF0E0F883
:10616000284684F89454B0BD01F00F0101EBC10141
:1061700000EB8100D0F868027047000000000000CA
:1061800070B54CB2064601F00F00B4F1FF3F00EBD2
:10619000C00107DD06EB8104002504F5157184F8C4
:1061A000555206E006EB810C01240CF114018CF829
:1061B00015404D7808708A60002D0B7118BF488318
:1061C000022B01D10020487196F89404012801D1D6
:1061D000022070BD012086F8940430680AF044FC67
:1061E000002086F8940470BD80B501F00F0E0EEB10
:1061F000CE0100EB810C0021CCE998238379CCF807
:1062000068128CF855120CF51571012B8CF854E2BC
:1062100008BFCCF8702200681A460BF0CDF80020B9
:1062200080BD000000000000B0B50446007901F018
:106230000F05854202D90120B0BD00BF48B2B0F1C0
:10624000FF3F09DD01EBC100002204EB800000F5F7
:10625000157180F8552207E005EBC500012204EB1B
:10626000800000F11401427594F894240120887094
:10627000012A0D7002D10220B0BD00BF84F8940441
:1062800020680BF079F81DB1002084F89404B0BDAB
:10629000A179206804F29C420BF012F8002084F8E7
:1062A0009404B0BD0000000010B501F00F0C0124F3
:1062B0000CEBCC0100EB810E714601F814CF4FF0CE
:1062C000000CC1F814C090F806C04C70CA60BCF154
:1062D000010F0B6108BFCEF83020006862460BF05A
:1062E0006BF8002010BD00002DE9F04F89B0056863
:1062F000824628460BF068FA10B109B0BDE8F08F6D
:10630000DAF800000BF090FA0028F6D0D5F808086B
:10631000C0F30D20CAF8D404DAF800000BF084FAB8
:106320008007DAF8000003D5416901F002014161FC
:1063300005F5006104910BF077FAC006DAF8000069
:1063400007953BD5816921F0100181612C6A04F029
:106350000F05C4F34340062818D0022827D147F67A
:10636000F07014EA000622D005EBC50034090AEBF0
:10637000800707982246D7F860120BF059FAD7F831
:10638000600200EB1610C7F8600207E00AF29C41B9
:10639000082207980BF04CFAC4F30A1405EBC50069
:1063A0000AEB8000D0F868122144C0F86812DAF8CD
:1063B0000000816941F010018161079D0BF034FA02
:1063C000000340F10181DAF800000BF009FA00281F
:1063D00000F0FA8006460AF51D784FF430644FF05D
:1063E000000B0AF29C40089009E000BF0BF1010B82
:1063F000760804F1200408F1240800F0E580F00795
:10640000F4D05FFA8BF9DAF8000049460BF004FA91
:106410000746C00771D0281901218160DAF8000011
:1064200004EB000C036CDCF808209AF80650012DF0
:1064300028D115073AD4950658D412F0280F079D95
:106440005BD143F20B01C4F654718B4202D312F4B8
:10645000004235D1D8F80020DCF810106FF3DF418E
:10646000BBF1000FA2EB010148F80C1C19D1DAF8BE
:106470006422002A00F0A280DAF860020844CAF818
:1064800060020EE043F20B05C4F65475FF35AB42D3
:106490001CD110042CD49006079D02D52020CCF8E6
:1064A000080050464946FFF7EFFD26E043F20B0097
:1064B000079DC4F6547083421FD312F400401CD0D1
:1064C0004FF40040CCF8080017E000BFBBF1000F0C
:1064D00006D1DAF8641219B90021089A0AF0F0FE20
:1064E00050464946FFF7D0FD06E000BF202001E0FE
:1064F0004FF40040CCF80800079D38072CD5281928
:106500000821816043F20B01DAF80000C4F65471EF
:10651000056C20448D4281680AD311F4004107D0F4
:106520004FF400418160504600F07AFD079D09E07C
:10653000504600F075FD43F20B00C4F654708542DE
:10654000079D09D39AF80600012805D1DAF8000062
:106550000121089A0AF0B4FEF80607D4B8070AD455
:10656000B80620D4B8047FF541AF22E028191021E5
:106570008160B807F4D56869000604D504994868B5
:1065800040F48060486018F81D0C012806D10020F6
:1065900008F81D0C5046494600F08AFB28190221D4
:1065A0008160B806DED5281920218160B8047FF506
:1065B0001DAF28194FF40051816017E70121089A97
:1065C0000AF07EFE6DE700BFDAF800000BF02CF950
:1065D0004003DDF810B040F1E180DAF800000BF084
:1065E000F7F8002800F0DA800646079800F51067F3
:1065F00000250AF29C400290CDF814A0039704E015
:10660000760805F1010500F0C980F007F8D0E9B27D
:10661000DAF8000008910BF0EBF80446C0070BD144
:10662000200733D4E00637D460063BD4A0073FD41C
:106630002006E5D555E000BF05F00F00012307EB6C
:106640004512DBF8341003FA00F021EA0000CBF821
:10665000340093609AF80600012811D105EBC500BB
:106660000AEB8000D0E907121144016245B9DAF85B
:10667000240028B9DAF800000121029A0AF020FE6D
:1066800050460899FFF7F4FC2007CBD507EB4510DF
:1066900008218160E006C7D507EB45101021816015
:1066A0006006C3D507EB451040218160A007BFD528
:1066B000079829460BF018F805EBC5000AEB800097
:1066C00010F8171F012905D10021017050460899C3
:1066D00000F0EAFA07EB45100221816020067FF501
:1066E0008FAF05EBC5000AEB8002914659F8241FD5
:1066F000C84658F8040F8142FFF482AF9346DAF897
:1067000000400B1A5BF81C7FBB4238BF1F4604EBEE
:106710004513069407F1030CD3F81879BFB2B7EB11
:106720009C0F29D303F5106A02F12007D9F8001055
:1067300081421FD9081A0599DBF80040A0428A79E6
:1067400038BF044639680092A3B20698089A0BF045
:106750001BFB3868E11C20443860D8F80000204456
:10676000C8F80000DAF8182092B2B2EB910FDDD22F
:10677000D9F80010DDF814A0DDE9037B81423FF673
:106780003FAF069A05F00F00012101FA00F0D2F8A0
:10679000341821EA0000C2F8340831E7DAF80000C2
:1067A0000BF042F800281BD4DAF800000BF03CF89C
:1067B000000534D4DAF800000BF036F800013FD4BD
:1067C000DAF800000BF030F8C0044BD4DAF800001F
:1067D0000BF02AF88004DAF8000000F15C8175E122
:1067E000DBF8040020F00100CBF804009AF8CC0498
:1067F000012807D100208AF8CC0400215046FFF779
:10680000BBFB02E0504600F0EFFBDAF80000416904
:1068100001F0004141610BF007F80005CAD5DBF833
:106820000800C00702D0504600F022FCDAF8000051
:10683000416901F4006141610AF0F6FF0001BFD532
:10684000DAF80000416901F0006141619AF8CC1466
:1068500001B3504600F00CFCDAF800000AF0E4FF47
:10686000C004B3D5DBF80400102120F00100CBF800
:106870000400DAF800000AF037FF9AF80400010675
:1068800000F0CF80C1B200F00300042916D200212D
:106890007CE000BF01218AF8CC14406DC0F3830076
:1068A000CAF8D0045046FFF767FBDAF800000AF098
:1068B000BBFFC0047FF58AAFD4E700BF6FF0600272
:1068C000002302EA41124FF67F370021079C00BFE8
:1068D000E61880339A4201F10401C6F80879D6F827
:1068E000005925F40015C6F80059C6F8087BD6F8FB
:1068F000005B25F40015C6F8005BD6F8005B45F098
:106900000065C6F8005BC6F82879D6F8205925F44A
:106910000015C6F82059C6F8287BD6F8205B25F468
:106920000015C6F8205BD6F8205B45F00065C6F878
:10693000205BC6F84879D6F8405925F40015C6F80A
:106940004059C6F8487BD6F8405B25F40015C6F8D8
:10695000405BD6F8405B45F00065C6F8405BC6F882
:106960006879D6F8605925F40015C6F86059C6F85C
:10697000687BD6F8605B25F40015C6F8605BD6F836
:10698000605B45F00065C6F8605BA1D1002848D087
:10699000079A4D0102F5106302F5306203EB4116D0
:1069A0004FF67F3702EB41140128B7605E5926F499
:1069B00000165E51A760565926F4001656515659D6
:1069C00046F0006656512CD04E1C02284FEA461461
:1069D00003EB461502EB4616AF601D5925F4001572
:1069E0001D51B760175927F400171751175947F071
:1069F0000060105115D0881C4FF67F36470103EB1D
:106A0000401102EB40108E60D95921F40011D95188
:106A10008660D05920F40010D051D05940F0006069
:106A2000D051DBF81C0040F00110CBF81C009AF8A4
:106A30000F0048B1DBF8840040F00B00CBF8840075
:106A40000BF1440009E000BFDBF8140042F22B0117
:106A50000843CBF814000BF1100001680AF29C42C5
:106A600041F00B010160DBF8000020F4FE60CBF880
:106A700000009AF80610DAF800000AF021FCDAF8B3
:106A80000000416901F4805141610AF0CDFE8004AB
:106A9000DAF800001AD50AF02FF8DAF800000AF048
:106AA00083FE8AF80700DAF8004001F085FD9AF8C5
:106AB0000720014620460BF0DBF8504600F07CFA38
:106AC000DAF80000416901F4005141610AF0ACFEBE
:106AD000000707D4DAF800000AF0A6FE00060ED47C
:106AE00036E000BF504600F083FADAF80000416952
:106AF00001F0080141610AF097FE000628D50799C8
:106B0000886920F0800088619AF8040002281FD369
:106B1000012440F27B2503E001342435844217D25E
:106B20001AF805100129F7D104F00F00220600EB36
:106B3000C0000AEB800000F1140158BF00F5157188
:106B4000DAF800000AF040FD9AF80400E4E700BF1C
:106B5000DAF800000AF068FEC00251D4DAF800004A
:106B60000AF062FE800240F180809AF80410022947
:106B70002DD30798013900F532600AF51F72012301
:106B800004E000BF013900F1200020D0174606685C
:106B900012F8245B012DF5D1B6F1FF3FF2DCDAF8F3
:106BA000D45406F4803605F00105AE42EAD1079EC2
:106BB00007F8013CB76947F08007B76177693F067E
:106BC000E0D4DBF8040040F40070CBF80400DAF8FD
:106BD0000000416901F4001141610AF025FE400006
:106BE00049D55046FFF740FADAF80000416901F054
:106BF000804141610AF018FE400743D4FFF77DBB96
:106C00009AF80400022825D307990AF13C0501F5FA
:106C100012640126012703E001372034874219D28C
:106C20002946226815F8243B012BF5D1B2F1FF3F2C
:106C3000F2DC07F00F0001F8016C00EBC0000AEB7A
:106C4000800000F11401DAF800000AF0BDFC9AF8A7
:106C50000400E1E7DAF80000416901F480114161C4
:106C60000AF0E2FD80023FF580AFDAF800000AF09A
:106C7000DBFD4000B5D4DAF800000AF0D5FD40078E
:106C80007FF53BABDAF800004468610704D5504655
:106C9000FFF706FADAF8000041682143416009B0C5
:106CA000BDE8F08F00000000D0F8E00409F0B0BAB1
:106CB000D0F8E00409F0C4BA002800F02B81F0B548
:106CC00081B0044690F8950428B9002084F8940413
:106CD000204600F035F9032084F8950420680AF076
:106CE000E7FAD4E90001267CD4E90223009609F0F2
:106CF00013FF002840F00881206800210AF0F0FD11
:106D0000002840F0018194F804E0BEF1000F00F08B
:106D1000F280BEF1040F0EF0030C4FF0000241D3DD
:106D20000EF0FC03A4F1900003210125CE1E80F893
:106D3000A460A0F8BE608E1E80F8C8604F1CA0F84A
:106D4000E2604E1E80F8EC609F42A0F8066101F1FF
:106D5000040680F8A55080F8A820C0E92B22C0F8CE
:106D6000B42080F8C95080F8CC20C0E93422C0F8A3
:106D7000D82080F8ED5080F8F020C0E93D22C0F81E
:106D8000FC2080F8115180F81011A0F82A1131462A
:106D900080F81421C0E94622C0F8202100F19000BB
:106DA000C4D1F21EBCF1000F2DD002EBC2000121B4
:106DB000BCF1010F04EB80034FF0000059751A7508
:106DC000DA851876C3E9070058621CD0531CBCF161
:106DD000020F03EBC30504EB850569752B75EB8585
:106DE0002876C5E9070068620DD0901C012200EBEF
:106DF000C00104EB81014A750875C885002008763A
:106E0000C1E907004862BEF1000F74D0BEF1040F63
:106E10004FF0000237D30EF0FC000321234600BFE1
:106E2000CF1E83F854728F1E83F878724F1E83F83A
:106E30009C724F1C0D1D83F85522874283F85822FF
:106E4000C3E99722C3F8642283F8792283F87C226D
:106E5000C3E9A022C3F8882283F89D2283F8A022E8
:106E6000C3E9A922C3F8AC2283F8C12283F8C01277
:106E7000294683F8C422C3E9B222C3F8D02203F121
:106E80009003CDD1EA1EBCF1000F34D002EBC2005A
:106E9000BCF1010F04EB80014FF0000081F85502B6
:106EA00081F8542281F85802C1E99700C1F86402C0
:106EB00021D0511CBCF1020F01EBC10304EB830391
:106EC00083F8550283F8541283F85802C3E99700F7
:106ED000C3F864020FD0901C002200EBC00104EB49
:106EE000810181F8552281F8540281F85822C1E9C4
:106EF0009722C1F86422D4E90001277CD4E9022357
:106F0000009709F085FF38B1022084F8950401202C
:106F100001B0F0BD0120704700206074012084F8AA
:106F20009504207B012802D12046FFF711F8206844
:106F300009F05EFF002001B0F0BD0000000000007D
:106F400010B5B0B002A9044601F10800B021F9F76C
:106F5000A0FB00212068C4F20401884202D030B0B6
:106F600010BD00BF002003904FF4802002904FF42A
:106F70004010239002A800F06BFC08B1FAF7E0FD86
:106F800000F0BAF844F2D8400022C5F602000168C9
:106F900041F0007101600068052100F0007001906F
:106FA00001984D20FEF700FB4D20FEF7E9FA30B0C6
:106FB00010BD00000000000010B50446C07928B1E3
:106FC000022801D0FAF7BCFD012100E00021D4F82D
:106FD000E00409F0C1F9D4F8E004BDE8104009F07C
:106FE0006FB9000000000000D0F8E00409F098B983
:106FF000D0F8E00409F0A0B910B5044690F8940464
:10700000012801D1022010BD012084F8940461748C
:1070100020680AF019FE002084F8940410BD0000D6
:10702000D0F8E02400F29C41104609F0ADB9000010
:1070300010B5044690F89404012801D1022010BD37
:107040002068012184F89414C168490606D5617B43
:10705000012903D1816B41F4803181630AF03CFB4B
:10706000206809F0B5FE002084F8940410BD0000EB
:1070700010B50446D0F8E00409F0E2F92068D0F831
:10708000001E41F00101C0F8001EE07A002808BF90
:1070900010BD4EF61050CEF20000016841F006011E
:1070A000016010BD00000000B0B544F60C05C5F647
:1070B000020529684907296806D401F00701081A62
:1070C00018BF0120B0BD00BF21F0070108432860B0
:1070D000FEF7A2F9044600BF55F8080C800407D457
:1070E000FEF79AF9001BB0F57A7FF5D90120B0BD03
:1070F0000020B0BD0000000044F60C00C5F6020000
:10710000016841F0807101607047000000000000DC
:1071100080B501F051FA44F2204145F23842C5F6FB
:107120000201C0F601020968C1F30211515C01F0CD
:107130001F01C84080BD000080B544F2304EC5F646
:10714000020E5EF8083C5EF8081CC1F3051C5EF8F0
:10715000041CBCF1000FDEF8042019D001F001017D
:1071600003F003034942022B01EAD2016FF35F31BE
:1071700000EE101AB8EE400A10D0012B12D01BB945
:107180005EF8301C890611D49FED361A1CE000BF52
:1071900000218160C0E9001180BD00BF9FED301A61
:1071A00012E000BF9FED2D1A0EE000BF5EF8301C0C
:1071B00049F20002C0F2D032C1F3C10122FA01F15A
:1071C00001EE101AB8EE411ADEF800109FED263AD3
:1071D0006FF35F2102EE101ADEF80010C1F34621B2
:1071E000B8EE422A00EE032A00EE10CAB7EE003ACB
:1071F000B8EE400A81EE000A32EE031A02EE101ACF
:10720000B8EE422A20EE010A32EE031A80EE011A8D
:10721000BCEEC11A80ED001ADEF80010C1F3064181
:1072200001EE101AB8EE411A31EE031A80EE011A7F
:10723000BCEEC11A80ED011ADEF80010C1F3066140
:1072400001EE101AB8EE411A31EE031A80EE010A6F
:10725000BCEEC00A10EE101A816080BD0024744A92
:10726000001BB74B0024744C0000003900000000E4
:1072700080B544F2384EC5F6020E5EF8103C5EF85A
:10728000101C5EF80C2CC1F3053CDEF80410BCF1B8
:10729000000F15D0C908D20601EAE2716FF35F3121
:1072A00000EE101A03F003010229B8EE400A0DD0D7
:1072B00081B95EF8381C890610D49FED361A1BE0A0
:1072C00000218160C0E9001180BD00BF9FED301A30
:1072D00012E000BF9FED2D1A0EE000BF5EF8381CD3
:1072E00049F20002C0F2D032C1F3C10122FA01F129
:1072F00001EE101AB8EE411ADEF800109FED263AA2
:107300006FF35F2102EE101ADEF80010C1F3462180
:10731000B8EE422A00EE032A00EE10CAB7EE003A99
:10732000B8EE400A81EE000A32EE031A02EE101A9D
:10733000B8EE422A20EE010A32EE031A80EE011A5C
:10734000BCEEC11A80ED001ADEF80010C1F3064150
:1073500001EE101AB8EE411A31EE031A80EE011A4E
:10736000BCEEC11A80ED011ADEF80010C1F306610F
:1073700001EE101AB8EE411A31EE031A80EE010A3E
:10738000BCEEC00A10EE101A816080BD0024744A61
:10739000001BB74B0024744C0000003900000000B3
:1073A00080B544F2404EC5F6020E5EF8183C5EF819
:1073B000181C5EF8142CC1F3055CDEF80410BCF157
:1073C000000F15D0C908D20501EAE2716FF35F31F1
:1073D00000EE101A03F003010229B8EE400A0DD0A6
:1073E00081B95EF8401C890610D49FED361A1BE067
:1073F00000218160C0E9001180BD00BF9FED301AFF
:1074000012E000BF9FED2D1A0EE000BF5EF8401C99
:1074100049F20002C0F2D032C1F3C10122FA01F1F7
:1074200001EE101AB8EE411ADEF800109FED263A70
:107430006FF35F2102EE101ADEF80010C1F346214F
:10744000B8EE422A00EE032A00EE10CAB7EE003A68
:10745000B8EE400A81EE000A32EE031A02EE101A6C
:10746000B8EE422A20EE010A32EE031A80EE011A2B
:10747000BCEEC11A80ED001ADEF80010C1F306411F
:1074800001EE101AB8EE411A31EE031A80EE011A1D
:10749000BCEEC11A80ED011ADEF80010C1F30661DE
:1074A00001EE101AB8EE411A31EE031A80EE010A0D
:1074B000BCEEC00A10EE101A816080BD0024744A30
:1074C000001BB74B0024744C000000390000000082
:1074D00010B584B0024641F6FF7300209B1A70EB92
:1074E00001032BDA47F6FF739B1A70EB01036BDA8B
:1074F00082F400430B4300F0938082F480330B430B
:1075000000F0CC8082F40022114340F0708144F2FC
:107510000040C5F60200816D01F44031B1F5003F35
:1075200000F03681B1F5803F00F01E81002940F067
:1075300028810068000100F1D88022E140F2FF7349
:107540009B1A70EB01031FDB82F480730B4300F086
:107550007B8082F48062114340F0498144F2004113
:10756000C5F60201886DC0F34252042A00F2098177
:1075700048F20000C0F2BB00DFE812F08E00B40059
:10758000BE003901C80000BF82F400630B4300F065
:107590006F8082F48052114340F0298144F200410F
:1075A000C5F60201086DC0F30232042A00F2E98038
:1075B00048F20000C0F2BB00DFE812F06E00940059
:1075C0009E001901A80000BF82F400530B4300F095
:1075D000758082F48042114340F0098144F20044F6
:1075E000C5F60204A06DC0F30270052800F2C98040
:1075F000DFE810F00600DA00E200E400EA00EC0048
:1076000000F0DAFF216A45F23842C0F60102C1F308
:107610000211515C01F01F01C84004B010BD00BF51
:1076200044F20040C5F60200016D01F04051B1F195
:10763000005F00F07D80B1F1805F00F09F80002945
:1076400000F07A809DE000BF44F20041C5F60201DF
:10765000086D00F00702042A00F2938048F200004F
:10766000C0F2BB00DFE802F0183E48C3520000BF82
:1076700044F20041C5F60201886DC0F30262042A9B
:1076800000F27F8048F20000C0F2BB00DFE802F0A9
:10769000042A34AF3E0000BF086870E044F20040A6
:1076A000C5F60200C16C0068C90368D5000168D541
:1076B00001A8FFF7DDFD039804B010BD44F20040BF
:1076C000C5F60200016DC1F30241052959D8DFE872
:1076D00001F0032F8791973304B0BDE8104000F00C
:1076E00093BF00BF086800014BD501A8FFF7C0FD9C
:1076F000019804B010BD00BF0868800041D501A802
:10770000FFF74EFE019804B010BD00BFC86C0A68B8
:10771000520700F04052086810D57AB9C0F3C10092
:1077200049F20001C0F2D03121FA00F004B010BDDE
:107730000068000125D53AE0006848E0C00502D5A0
:10774000B2F1805F6BD00868B2F1005F00F40031E5
:107750004FF0000004BF43F20060C0F26E10002939
:1077600008BF084604B010BD0068800009D501A814
:10777000FFF716FE039804B010BD00BF006880013B
:1077800002D4002004B010BD01A8FFF7D5FC2DE005
:10779000C16C0268520701F0405102683AD5C9BB7A
:1077A000C2F3C100BCE700BF20680001E9D501A811
:1077B000FFF75EFD1AE000BF206812E02068400776
:1077C000DFD52068AAE700BF20681AE0206843F2EE
:1077D00000618003C0F26E1101EAE07004B010BDD8
:1077E00000688000CDD501A8FFF7DAFD029804B04B
:1077F00010BD00BF01684907C3D500688EE700BF10
:10780000006840F60011C005C0F23D0101EAE070D9
:1078100004B010BDD20509D5B1F1805F06D140F6A4
:107820000010C0F23D0004B010BD00BF0068B1F10F
:10783000005F00F400324FF0000004BF43F200602C
:10784000C0F26E10002A08BF104604B010BD000040
:107850002DE9F0470446C07844F22C480007C5F6ED
:10786000020833D5606E4FEA305103290CD8DFE8A7
:1078700001F003111D2600BFD8F8001041F40031BB
:10788000C8F800101BE000BF01266078C0070BD0CD
:1078900020E000BF04F10800022104F0D1FF0646F9
:1078A00060B16078C00715D1354646E004F1280084
:1078B000022105F059F806460028F2D1606ED8F88A
:1078C000241021F440110843C8F8240000266078F1
:1078D000C007E9D0A06D04280ED83546DFE800F0D7
:1078E0000412181E1E0000BFD8F80000354640F4F0
:1078F0000030C8F8000011E001250127607840073A
:107900001FD453E004F10800002104F099FF04E0C3
:1079100004F12800002105F027F805462F461DB187
:10792000607840070DD441E0D8F82400A16D20F024
:10793000070000250843C8F8240037466078400750
:1079400034D5D4F8A4004FEA705005280CD8DFE8ED
:1079500000F00311171D1D1DD8F8000040F4003081
:10796000C8F8000012E000BF01250126607800077A
:1079700020D455E004F10800002104F061FF04E088
:1079800004F12800002104F0EFFF05462E461DB14A
:10799000607800070ED443E0D8F82C00D4F8A41087
:1079A00020F4600000250843C8F82C003E466078AB
:1079B000000735D5D4F8A8004FEA306005280DD867
:1079C000DFE800F00412181E1E1E00BFD8F80000E9
:1079D00040F40030C8F8000012E000BF0125012784
:1079E000E078800720D44EE004F10800002104F084
:1079F00027FF04E004F12800002104F0B5FF05464C
:107A00002F461DB1E07880070ED43CE0D8F82C005A
:107A1000D4F8A81020F0E06000250843C8F82C0036
:107A20003746E07880072ED5E06C4FEA3010032807
:107A30000ED8DFE800F00903130900BFD8F80000F2
:107A400040F40030C8F800002E467DB912E000BFB7
:107A5000012501266078C00619D44CE004F1080025
:107A6000022104F0EDFE05462E461DB16078C006E9
:107A70000DD440E0D8F82000E16C20F03000002563
:107A80000843C8F820003E466078C00633D5E06D54
:107A90004FEA303004280DD8DFE800F00412181E39
:107AA0001E0000BFD8F8000040F40030C8F8000005
:107AB00012E000BF01250127607880061FD44EE048
:107AC00004F10800002104F0BBFE04E004F12800EA
:107AD000002104F049FF05462F461DB1607880065D
:107AE0000DD43CE0D8F82400E16D20F4E0400025FE
:107AF0000843C8F824003746607880062FD5206EEA
:107B00004FEA3040052809D8DFE800F0040E1404DD
:107B1000040400BF2E46ADB918E000BF01250126C0
:107B2000607840061FD44FE004F10800012104F002
:107B300087FE04E004F12800012104F015FF05464A
:107B40002E461DB1607840060DD43DE0D8F82400E3
:107B5000216E20F4E02000250843C8F824003E46AA
:107B60006078400630D5D4F8AC004FEA3070052874
:107B700008D8DFE800F0030D130303032F46ADB967
:107B800018E000BF012501276078000620D442E0FC
:107B900004F10800012104F053FE04E004F1280080
:107BA000012104F0E1FE05462F461DB16078000674
:107BB0000ED430E0D8F82C00D4F8AC1020F0E0401F
:107BC00000250843C8F82C0037466078000622D507
:107BD000E06E58B1B0F1005F0CD0B0F1805F2FD1F2
:107BE000D8F8000040F40030C8F800002E469DB9D7
:107BF00008E000BF04F10800012104F021FE054661
:107C00002E464DB9D8F82400E16E20F040500025F2
:107C10000843C8F824003E46E078C00733D0A06C83
:107C2000032813D8DFE800F008021A08D8F800008B
:107C300040F40030C8F80000A946BDB91AE000BF02
:107C400001250126E078C007E9D11CE001254FF0AD
:107C50000109A07840061AD51CE000BF04F1080015
:107C6000022104F0EDFD0546A9461DB1A0784006AD
:107C70000DD50FE0D8F82000A16C20F003000025FE
:107C80000843C8F82000B146A078400602D44F4609
:107C900018E000BFD8F8D40340F48070C8F8D403CB
:107CA000FDF7BAFB064600BFD8F8D403C00507D4D9
:107CB000FDF7B2FB801B6428F6D90325032701E0FA
:107CC0002F468DB12078C00761D0A06F4FEAF00039
:107CD00005283BD8DFE800F004404604040400BF58
:107CE000002D2E4646D149E0D8F84410D4F8B00013
:107CF000414011F4407F11D0D8F84410D8F8442006
:107D000042F48032C8F84420D8F8442021F440716D
:107D100022F48032C8F84420C8F84410B0F5807FBF
:107D200040F0CE82FDF778FB064641F2883A032503
:107D3000032700BFD8F84400800700F1BF82FDF799
:107D40006BFB801B5045F5D9BCE700BF0125012620
:107D5000207880071FD44CE004F10800012104F0D2
:107D60006FFD04E004F12800012104F0FDFD05464B
:107D70002E461DB1207880070DD43AE0D8F82800AF
:107D8000A16F20F0380000250843C8F828003E46BF
:107D9000207880072DD5606F052809D8DFE800F02E
:107DA000040E1404040400BF2F46ADB918E000BF50
:107DB00001250127207840071FD44DE004F1080079
:107DC000012104F03DFD04E004F12800012104F04C
:107DD000CBFD05462F461DB1207840070DD43BE072
:107DE000D8F82800616F20F0070000250843C8F884
:107DF00028003746207840072ED5D4F89000052873
:107E000008D8DFE800F0030D130303032E46ADB9D5
:107E100018E000BF012501262078800620D451E01B
:107E200004F10800012104F00BFD04E004F1280036
:107E3000012104F099FD05462E461DB120788006EB
:107E40000ED43FE0D8F82C00D4F8901020F00700B2
:107E500000250843C8F82C003E462078800631D51E
:107E6000D4F88C004FEA3070052809D8DFE800F01C
:107E7000040E1404040400BF2F46ADB918E000BF7F
:107E8000012501272078400620D451E004F10800A4
:107E9000002104F0D5FC04E004F12800022104F0E4
:107EA00063FD05462F461DB1207840060ED43FE005
:107EB000D8F82800D4F88C1020F0E04000250843C2
:107EC000C8F8280037462078400631D5D4F8980005
:107ED0004FEAB020052809D8DFE800F0040E1404AA
:107EE000040400BF2E46ADB918E000BF01250126ED
:107EF0002078000620D454E004F10800002104F0AA
:107F00009FFC04E004F12800022104F02DFD054649
:107F10002E461DB1207800060ED442E0D8F82C0081
:107F2000D4F8981020F4E05000250843C8F82C003D
:107F30003E462078000634D5D4F89C004FEA7030D5
:107F400005280FD8DFE800F004141A04040400BF69
:107F50002F46E5B12068010727D4C1063ED40003AF
:107F600055D475E00125012720680107F5D51CE0EF
:107F700004F10800002104F063FC04E004F128008F
:107F8000022104F0F1FC0546002D2F46E2D1D8F87D
:107F90002C00D4F89C1020F4604000250843C8F859
:107FA0002C00374620680107D7D5D4F88000B0F5FB
:107FB000805F09D104F12800022104F0D5FC0028DB
:107FC00018BF0127D4F88000D8F8281021F44051B8
:107FD0000843C8F828002068C106C0D5D4F894002A
:107FE000B0F5807F09D104F12800022104F0BCFC27
:107FF000002818BF0127D4F89400D8F82C1021F4D9
:1080000040710843C8F82C002068000320D5D4F83C
:10801000A000B0F5003F0FD0B0F5803F06D078BB90
:1080200004F10800002104F00BFC04E004F1280036
:10803000022104F099FC05462E4655B9D8F82C00CB
:10804000D4F8A01020F4403000250843C8F82C00D4
:108050003E46A07840072BD5D4F88400B0F5401FE9
:108060000BD0B0F5001F11D0B0F5801F2AD1D8F881
:10807000000040F40030C8F800002F46CDB90DE0F4
:1080800001250126A0784007E6D411E004F128007C
:10809000012104F069FC05462F4655B9D8F828009F
:1080A000D4F8841020F4401000250843C8F82800B4
:1080B0003746A078C0070AD13E462168880016D509
:1080C00033E000BF01250127A078C007F4D0206D60
:1080D000B0F5803F10D018BBD8F8000040F4003055
:1080E000C8F800002E4685B1216888001DD460685C
:1080F0008A0326D465E000BF04F10800022104F0E1
:108100009FFB0546002D2E46EED1D8F82000216DAC
:1081100020F4803000250843C8F82000CCE700BFD9
:108120000125012621688800E1D504F128000221FB
:1081300004F01AFC002818BF0126D4E900108A03B5
:108140003FD5E26F6FF0010303EB3223022B0BD319
:108150004FEA322343B1012B40F0AA80D8F8003017
:1081600043F40033C8F8003025B3CA022CD48A0285
:1081700034D44A003CD4CA0F49D1090251D4C107B2
:108180005AD1810763D441076CD4010776D4C10664
:1081900000F18080800607D504F12800022104F058
:1081A000E3FB002818BF0125002D18BF0125284634
:1081B000BDE8F087D8F8283023F440731A43C8F894
:1081C00028203546CA02D2D5D8F82420236F22F0C1
:1081D00000421A43C8F824208A02CAD5D8F82420BD
:1081E000A36E22F080721A43C8F824204A00C2D538
:1081F00058F81C2C22F4004248F81C2CD4F8B42067
:1082000058F81C3C1A4348F81C2CCA0FB5D0D8F8B3
:108210002020636D22F040521A43C8F82020090242
:10822000ADD5D8F82810D4F8882021F440011143A6
:10823000C8F82810C107A4D004F10800002104F0F8
:10824000FFFA002818BF0546606881079BD504F136
:108250000800012104F0F4FA002818BF0546606800
:10826000410792D504F10800022104F0E9FA002840
:1082700018BF0546606801077FF589AF04F1280043
:10828000002104F071FB002818BF05466068C10694
:108290007FF580AF04F12800012104F065FB002880
:1082A00018BF0546606880063FF576AF7CE700BFE3
:1082B0000125CA027FF55BAF86E700BFD4F8B000A6
:1082C0004FF6CF7358F81C2CC0F2FF0300F4407136
:1082D00022F47C5203EA10136FF31F30B1F5407F94
:1082E00008BF1A43002548F81C2CD8F8441008434E
:1082F000C8F84400FFF7CBBC2DE9F04381B000285B
:1083000000F02A8142F200080446C5F2002889469E
:10831000D8F8000000F00F0088420ED2D8F8000014
:1083200020F00F0040EA0900C8F80000D8F800006B
:1083300000F00F00484540F00F81206844F21847D4
:108340004107C5F602070AD521693A6802F07002B2
:10835000914204D93A6822F0700211433960010752
:108360000AD561697A6802F07002914204D97A688C
:1083700022F0700211437960C1060AD5A1697A68BA
:1083800002F4E062914204D97A6822F4E062114377
:10839000796081060AD5E169BA6802F070029142FB
:1083A00004D9BA6822F070021143B96010F00201DA
:1083B0000AD0E2683B6803F00F039A4204D93B6895
:1083C00023F00F031A433A60C20746D03968D4E954
:1083D000010221F47061012841EA0201396009D0EB
:1083E00003280DD0022811D157F8181C890312D484
:1083F000B2E000BF57F8181CC9050CD4ACE000BFB0
:1084000057F8181C890106D4A6E000BF57F8181CBD
:10841000490740F1A18057F8081C21F007010843E3
:1084200047F8080CFCF7F8FF064641F2883500BF14
:1084300057F8080C616800F03800B0EBC10F09D0A4
:10844000FCF7EAFF801BA842F2D9032001B0BDE887
:10845000F08300BF206800F0020151B1E1683A6882
:1084600002F00F02914204D23A6822F00F02114347
:108470003960D8F8001001F00F0149450DD9D8F83E
:10848000001021F00F0141EA0901C8F80010D8F8E6
:10849000001001F00F0149455ED141070AD521695D
:1084A0003A6802F07002914204D23A6822F07002F7
:1084B0001143396001070AD561697A6802F07002D8
:1084C000914204D27A6822F0700211437960C106A9
:1084D0000AD5A1697A6802F4E062914204D27A680E
:1084E00022F4E0621143796080060AD5E069B96838
:1084F00001F07001884204D2B96821F0700108438C
:10850000B86000F0E1F8396845F23842C0F601027F
:10851000C1F30321515C3B6803F00F0301F01F011D
:10852000D25C20FA01F102F01F0040F20C02C2F20C
:10853000004221FA00F0106040F2040040F208020C
:10854000C2F20040C2F200420068116001B0BDE812
:10855000F043FCF7ADBF00BF012001B0BDE8F083E0
:108560003F22026044F21842C5F6020252F8083C6B
:1085700003F007034360136803F4706383601368B8
:1085800003F00F03C360136803F0700303615368C3
:1085900003F070034361536803F4E06383619268FE
:1085A00002F07002C26142F20000C5F200200068D1
:1085B00000F00F000860704780B500F085F844F2C5
:1085C000184145F23843C5F60201C0F601030A68B6
:1085D000C2F303229A5C096801F00F0102F01F0246
:1085E000595C20FA02F201F01F0040F20C01C2F2C5
:1085F000004122FA00F0086040F20801C2F2004196
:108600000A6080BD0000000080B500F05DF844F213
:10861000184C45F23843C5F6020CC0F60103DCF8ED
:108620000020C2F303229A5CDCF8001001F00F0175
:1086300002F01F02595CD04040F20C02C2F200422C
:1086400001F01F0120FA01F1116040F20802C2F2AC
:1086500000421060DCF80400C0F30210185C00F067
:108660001F0021FA00F080BD80B500F02DF844F223
:10867000184C45F23843C5F6020CC0F60103DCF88D
:108680000020C2F303229A5CDCF8001001F00F0115
:1086900002F01F02595CD04040F20C02C2F20042CC
:1086A00001F01F0120FA01F1116040F20802C2F24C
:1086B00000421060DCF80400C0F30220185C00F0F7
:1086C0001F0021FA00F080BD44F20041C5F602010E
:1086D0000869C0F3C200032810D002282ED098BB2E
:1086E0000868800649F20000C0F2D03058BF7047D9
:1086F0000968C1F3C101C840704700BF8A6A886A2F
:10870000C0F3051CC86ABCF1000F4B6B22D000F00F
:10871000010002F003024042022A00EAD3006FF394
:108720005F3000EE100AB8EE400A15D0C2B90868F2
:10873000800619D49FED281A23E000BF43F20060A1
:10874000C0F26E10704700BF40F60010C0F23D004E
:10875000704700BF002070479FED1E1A11E000BF58
:108760009FED1B1A0DE000BF086849F20002C0F23D
:10877000D032C0F3C10022FA00F001EE100AB8EEC8
:10878000411A086B9FED153A6FF35F2002EE100A55
:10879000086BC0F34620B8EE422A013000EE032AEF
:1087A00000EE10CAB7EE003AB8EE400A81EE000AB9
:1087B00032EE031A20EE010A01EE100AB8EE411A59
:1087C00080EE010ABCEEC00A10EE100A704700BF2E
:1087D0000024744A001BB74B0024744C000000397D
:1087E00070B586B0002844F2E04640F2000014461E
:1087F0000D46C5F60206C5F6020023D0316800F525
:10880000006041F004013160316801F00401019120
:1088100001994FF400710191022102910321049109
:1088200000210391059101A9FCF712FD56F8D00C27
:1088300020F07E4040EAC410284346F8D00C06B031
:1088400070BD00BF316841F001013160316801F055
:108850000101019101994FF480710191022102916E
:108860000321049100210391059101A9FCF7F0FC7B
:1088700056F8D00C20F0FE702843204346F8D00C68
:1088800006B070BD0000000070B3F0B581B00446C2
:10889000007844F20046C007C5F6020626D12078CB
:1088A00080076ED5306910F03801B06A46D01829BB
:1088B00008BF5FEA807041D0E0683168002800F0AE
:1088C000318121F0190108433060FCF7A5FD054610
:1088D000306840074ED4FCF79FFD401B0228F7D9B3
:1088E000032001B0F0BD00BF01207047306900F0E7
:1088F0003801B06A102905D018290BD100F0030007
:10890000022807D130688003C9D560680028C6D125
:10891000AEE000BF6068002800F03A81B0F5A02FFB
:1089200000F04E81B0F5803F00F04E81306820F4B9
:1089300080303060306820F4802048E130684007A3
:10894000E06802D5002800F09380316821F0190119
:1089500008433060FCF760FD054600BF3068400703
:1089600008D4FCF759FD401B02284FF00300F5D94D
:1089700001B0F0BD7068216920F0FE4040EA01605E
:1089800070602078C0061AD5306900F03801B06AEE
:10899000082907D0182940F0858000F0030001283D
:1089A00040F080803068C00502D5E06980285FD142
:1089B000F068216A20F07C5040EA0160F060207885
:1089C00000073FD42078800656D42078400700F175
:1089D0008180656A9DB3306900F03800182840F046
:1089E0001981012DB16A306B42D001F00302A36AF4
:1089F0009A423DD1C1F30511E26A914238D1014654
:108A0000226B6FF35F21013A914231D1C0F34622CC
:108A1000616B01398A422BD1C0F30642A16B013947
:108A20008A4225D1C0F30660E16B013988421FD12B
:108A3000706BA16CC0F3CC00814240F0A18100209A
:108A400001B0F0BD60690028706F59D040F001009E
:108A50007067FCF7E1FC0546706F8007B2D4FCF745
:108A6000DBFC401B0228F7D9032001B0F0BD00BF9A
:108A7000012001B0F0BD00BFA0690028306875D0AA
:108A800040F480503060FCF7C7FC05463068800435
:108A90009BD4FCF7C1FC401B0228F7D9032001B08E
:108AA000F0BD00BFE0690028306800F0A18040F010
:108AB00080003060FCF7B0FC054600BF3068C005A0
:108AC0003FF576AFFCF7A8FC401B02284FF00300EF
:108AD000F4D94DE7D6F8000440F48070C6F80004DD
:108AE000FCF79AFC054600BFD6F80004C0052BD45D
:108AF000FCF792FC401B6428F6D9032001B0F0BDBE
:108B000020F001007067FCF787FC0546706F800756
:108B10007FF558AFFCF780FC401B02284FF00300A4
:108B2000F4D925E721F001003060FCF775FC05461B
:108B3000306840077FF525AFFCF76EFC401B02282C
:108B40004FF00300F4D913E7A068002800F08480F8
:108B5000052800F09B80012800F09C80306F20F0F9
:108B600001003067306F20F0040096E020F4805060
:108B70003060FCF751FC0546306880047FF525AF76
:108B8000FCF74AFC401B02284FF00300F4D9EFE643
:108B9000306820F480303060306820F4802030600D
:108BA000FCF73AFC054600BF306880037FF577AEDE
:108BB000FCF732FC401B64284FF00300F4D9D7E6E1
:108BC000306840F480203060306840F4803030609D
:108BD000FCF722FC054600BF306880033FF55FAE1E
:108BE000FCF71AFC401B6428F6D9032001B0F0BD45
:108BF00020F080003060FCF70FFC05463068C005AF
:108C00007FF5DDAEFCF708FC401B02284FF00300A7
:108C1000F4D9ADE6306820F080703060FCF7FCFBE2
:108C2000022D05460CD100BF3068800148D5FCF705
:108C3000F3FB401B02284FF00300F5D998E600BF74
:108C4000306880017FF5FBAEFCF7E6FB401B022895
:108C50004FF00300F4D98BE6306F20F0010030674D
:108C6000306F20F004003067FCF7D6FB054641F278
:108C70008837306F80077FF5ACAEFCF7CDFB401B2B
:108C8000B8424FF00300F4D972E600BF306F40F0F5
:108C900004003067306F40F001003067FCF7BCFB28
:108CA000054641F2883700BF306F80073FF591AE2F
:108CB000FCF7B2FB401BB8424FF00300F4D957E673
:108CC00004F12807B06A40F2F33188438ECF08439D
:108CD000591E40EA02104FF47E426FF35F21B062EA
:108CE00002EB47204FF4FE0280B2E36B0844A16B15
:108CF00002EB01414FF0FE4201F4FE0102EB036280
:108D0000084402F0FE4108443063F06A4FF6F871FF
:108D100020F00100F062706BA26C884340EAC20050
:108D20007063F06A216C20F00C000843F062F06A76
:108D3000616C20F002000843F062F06A40F4803079
:108D4000F062F06A40F40030F062F06A40F4802093
:108D5000F062F06A40F00100F062306840F080702C
:108D60003060FCF759FB0446306880013FF567AE80
:108D7000FCF752FB001B02284FF00300F4D9F7E583
:108D8000F06A20F00100F062FCF746FB0546FCF7B4
:108D900043FBA842FBD0706B4FF6F871A26C88437E
:108DA00040EAC2007063F06A40F00100F062002007
:108DB00001B0F0BD00000000F0B581B0F8B104468C
:108DC000D0F888001E4615460F4628B9002084F8C2
:108DD0008400204601F0F8FE2420C4F888002068B2
:108DE000A16A0268002922F00101016002D0204638
:108DF00004F0CAFD204605F023FE012802D101201F
:108E000001B0F0BD2068816841F4804181608168D3
:108E100021F40041394381603104026841EA45513F
:108E20006FF3194211430160016841F001010160D3
:108E3000204601B0BDE8F04004F016BE000000007E
:108E400000284DD02DE9F04F81B043F600010446D3
:108E50000068C4F2000143F2000E43F6004C884261
:108E6000C4F2010EC4F2000C4FF00002A26203D063
:108E7000604518BF704541D1E36B0125E268884227
:108E800002F1080205EB53134FEAD20202FB03F38F
:108E900018BF704526D1102B33D894F8810028B91B
:108EA000002084F88000204600F0AAF8022084F810
:108EB0008100D4E90009D4F818800368B8F1806F04
:108EC00023F001030360836803F4F81E26D1B9F18F
:108ED000000F1BD0B9F5800F20D1A36B23BB19E085
:108EE00001207047604518BF082B0AD80CF5744163
:108EF0008842D0D06045CED0CFE700BFE3680F2BCB
:108F0000BAD9012001B0BDE8F08F00BFA36BB3F167
:108F1000805F06D1036843F4805303605FEA49230E
:108F200002D44FF0010C0FE0E368072B0AD3056869
:108F300025F4807C256D45EA0C0505604FF0000C9A
:108F400007E000BF4FF0000C036823F48073036058
:108F5000E368E769A26A47EA0E07E16B3A43A7684C
:108F60001143B9F1000FD4E904BA41EA0301816069
:108F7000616BA56B626A41EA0201226A41EA05015E
:108F800041EA0B0141EA0A01D4E9126341EA020114
:108F9000A26D41EA030141EA070141EA060141EA03
:108FA000020141EA080141EA0901C1600ED0016DE8
:108FB000BCF1000F21F00101016515D1C168626D9E
:108FC00021F000411143C1600EE000BF8168012221
:108FD00062F3CC2181608168022262F34A218160C0
:108FE000016D21F0010101650020C4F88400012118
:108FF00084F8811001B0BDE8F08F0000000000008F
:10900000F0B5B5B0044602A8B8210025CDE9335526
:10901000CDE931553095F7F73CFB41F2004120682E
:10902000C5F6000188424BD043F60001C4F20001AE
:10903000884240F08E804FF48050029002A80025B4
:109040000395FEF705FC08B1F8F77AFD44F2E0401D
:1090500040F60004C5F60200C5F602040226032706
:10906000816841F480418160816801F4804101910F
:109070000199016841F004010160016801F00401F7
:1090800001910199016841F002010160006830A975
:1090900000F00200019001980620309005203490E5
:1090A0002046CDE931653397FCF7D2F84FF40050F4
:1090B000A4F58064CDE93006CDE9325743E000BF26
:1090C0004FF4804002904FF0A0402D9002A80395ED
:1090D000FEF7BEFB08B1F8F733FD44F2E04040F67E
:1090E0000004C5F60200C5F6020402250026416907
:1090F00041F020014161416901F020010191019994
:10910000016841F001010160016801F00101019174
:109110000199016841F004010160006830A900F084
:109120000400019001988020309008203490A4F52C
:1091300000603195CDE93266FCF78AF830A94FF42A
:109140008050339661C10520349030A92046FCF749
:109150007FF835B0F0BD00002DE9F0471D461746F9
:109160000E460446D0F80090FCF756F994F88110AA
:1091700001290BD180460120002E18BF002F01D1FC
:10918000BDE8F08794F88000012803D10220BDE8F3
:10919000F08700BF012184F88010032084F881004B
:1091A0000020C4F88400E665A4F86070A4F862703A
:1091B0006066A4F86800A4F86A00A2682067B2F5A7
:1091C000C02F6067206805D1016841F4006101602B
:1091D00004E000BFC26861F35242C26041684FF6CA
:1091E000FF72914339444160016841F0010101601F
:1091F0006168B1F5800F03D1016841F4007101602D
:10920000E16810294ED3B4F86200002800F0C6804F
:10921000681C10D133E000BFE16D51F8042B0262ED
:10922000E165B4F862000138A4F86200B4F86200A5
:10923000002800F0B380206841698907ECD4FCF76E
:10924000EBF8A0EB0800A842F0D3204604F018F891
:10925000D4F8840040F48070C4F88400012084F8BD
:109260008100002084F880000320BDE8F08700BF63
:10927000FCF7D2F8B4F86200002800F08F80206874
:1092800041698907F4D5E16D51F8042B0262E1656B
:10929000B4F862000138A4F86200B4F86200002853
:1092A000EDD17BE0B4F86200072933D9002875D0EE
:1092B0004FF6FE706E1C471C13E000BFE06B0028E9
:1092C000E06D20D050F8042B0A624FF6FE71E06585
:1092D000B4F862000844A4F86200B4F86200002800
:1092E0005CD021684869800708D4FCF795F8002E07
:1092F000F3D0A0EB0800A842EFD3A6E7B4F86200D1
:109300000128DBD8E06D30F8021BA9F8201039469F
:10931000DDE700BF002841D04FF6FE706E1CA0F1C3
:10932000020A471C0EE000BFE16D51F8042B0262F7
:109330005046E165B4F862100844A4F86200B4F83D
:10934000620058B320684169890709D4FCF764F8C2
:10935000002EF4D0A0EB0800A842F0D375E700BFC0
:10936000B4F86210042902D3E16B4129DCD2B4F8CD
:10937000621001290AD9E16B0029E16D07D031F8AB
:10938000020BA9F820004FF6FE70D2E7E16D0978D4
:1093900080F82010E06D411C3846CAE7681C13D0E5
:1093A00020684069000713D4FCF736F8A0EB0800EA
:1093B000A842F5D3D4F8840040F02000C4F884001B
:1093C00006E000BFFCF728F8206840690007F9D5DF
:1093D000204603F055FF012084F88100002084F826
:1093E0008000D4F88400002818BF0120BDE8F08771
:1093F00070470000000000007047000000000000FF
:10940000704700000000000090F83C20012A4FF057
:10941000020266D0B0B580F83D2040F2004C0268F0
:10942000C4F2010C42F4806363455368D2F808E04B
:1094300002BF23F470034C6823434DF6FF740D689C
:10944000C4F2000423F07003A24243EA0503536010
:1094500014DC40F2FF73C4F200039A4222DD40F6AE
:109460000003C4F200039A422ED040F60043C4F237
:1094700000039A4228D041F6000321E04FF6FF7323
:10948000C4F200039A4213DD0023C4F201039A429E
:109490001AD044F20003C4F201039A4214D0624588
:1094A00012D016E0B2F1804F0ED040F2004307E038
:1094B0004EF20003C4F200039A4205D04EF200437C
:1094C000C4F200039A4204D12EF080038968194344
:1094D00091600022012180F83D1080F83C20BDE819
:1094E000B04010467047000060B310B5044690F8D5
:1094F0003D0028B9002084F83C00204600F024F804
:10950000022084F83D002068211D04F071F901203B
:1095100084F8480084F83E0084F83F0084F8400056
:1095200084F8410084F8420084F8430084F8440041
:1095300084F8450084F8460084F8470084F83D002C
:10954000002010BD0120704770470000000000009F
:1095500090F83D10012927D1022180F83D100168C3
:109560004DF6FF70C4F200008142C86840F001006F
:10957000C8601BDC40F2FF70C4F2000081422DDDA8
:1095800040F60000C4F2000081423DD040F60040A9
:10959000C4F20000814237D041F60000C4F200005E
:1095A000814231D03CE000BF012070474FF6FF7090
:1095B000C4F2000081421BDD0020C4F201008142A0
:1095C00022D044F20000C4F2010081421CD040F2DB
:1095D0000040C4F20100814216D021E0B1F1804F79
:1095E00012D040F20040C4F2000081420CD017E0DB
:1095F0004EF20000C4F20000814205D04EF200405D
:10960000C4F2000081420BD107228868C0F2010237
:1096100002400020062A18BFB2F5803F00D17047F3
:10962000086840F00100086000207047000000005A
:109630007047000000000000F0B581B004460068EB
:10964000C5680669B10717D515F0020114D06FF08F
:1096500002010161012121778069800704D0204641
:10966000FFF7E6FF06E000BF204600F09DF8204629
:1096700000F05AFB00202077700719D515F0040080
:1096800016D020686FF00401016102212177806902
:1096900010F4407F04D02046FFF7CAFF06E000BF69
:1096A000204600F081F8204600F03EFB00202077A5
:1096B000300717D515F0080014D020686FF00801A6
:1096C000016104212177C069800703D02046FFF79C
:1096D000AFFF05E0204600F067F8204600F024FBCD
:1096E00000202077F00619D515F0100016D020685C
:1096F0006FF01001016108212177C06910F4407FEB
:1097000004D02046FFF794FF06E000BF204600F09B
:109710004BF8204600F008FB00202077F00718BF28
:1097200015F0010006D020686FF0010101612046AC
:1097300000F0CEFB05F0800716F4025F18BF002F83
:1097400002D1F00509D410E020686FF402510161E4
:109750002046FFF751FEF00507D537B120686FF4BA
:10976000807101612046FFF743FE700609D515F0B0
:10977000400006D020686FF040010161204600F0F3
:10978000B3FBB0060CD515F0200009D020686FF0AF
:1097900020010161204601B0BDE8F040FFF730BE76
:1097A00001B0F0BD000000007047000000000000A4
:1097B00090F83C30012B01D1022070474FEAB202F1
:1097C000052A33D82DE9F041DFE812F00600360013
:1097D0007400B200D800FE00036843F6FF76C4F2BE
:1097E00001061C6AB3421A6A24F0020422F0010244
:1097F0001A621A46D3F804C052F818EF8D6844EA8A
:109800000504D1F8008040F3058144F20007C4F25A
:109810000107BB4200F0098144F60007C4F20107CA
:10982000BB4200F0028144F20047FAE0012100222D
:1098300080F83C2008467047036840F2004E43F42D
:109840008067C4F2010E1C6A77451A6A24F020046E
:1098500022F010021A621A465D6852F818CF8E681C
:1098600044EA061407D1CE686FF0400724F0C00424
:1098700007EA0616344343F6FF76D1F80080C4F2B7
:109880000106B34240F3EC8044F20007C4F2010742
:10989000BB4200F0EC8044F60007C4F20107BB4273
:1098A00000F0E58044F20047C4F20107BB4200F03B
:1098B000DE80E3E0036840F2004E43F48067C4F2C8
:1098C000010E1C6A77451A6A24F4007422F480722F
:1098D0001A621A465D6852F81CCF8E6844EA062464
:1098E00007D1CE6840F2FF47360224F44064BE43FD
:1098F000344343F6FF76D1F80080C4F20106B34248
:1099000040F3D48044F20007C4F20107BB4200F0E8
:10991000D48044F60007C4F20107BB4200F0CD80BA
:1099200044F20047C4F20107BB4200F0C680CBE01E
:10993000036843F6FF77C4F20107D3F820C0BB42A7
:109940001A6A22F480521A621A465C6852F81C6F36
:109950000D68D1F808E040F3CF8044F20007C4F26C
:109960000107BB4200F0D38044F60007C4F20107B0
:10997000BB4200F0CC8044F20047C4E0036843F6E9
:10998000FF77C4F20107D3F820C0BB421A6A22F461
:1099900080321A621A465C6852F8546F0D68D1F82A
:1099A00008E040F3D38044F20007C4F20107BB4251
:1099B00000F0D78044F60007C4F20107BB4200F074
:1099C000D08044F20047C8E0036843F6FF77C4F252
:1099D0000107D3F820C0BB421A6A22F480121A622F
:1099E0001A465C6852F8546F0D68D1F808E040F3ED
:1099F000D98044F20007C4F20107BB4200F0DD80C9
:109A000044F60007C4F20107BB4200F0D68044F2DE
:109A10000047CEE00027C4F20107BB4205D040F268
:109A20000047C4F20107BB4205D1CF6824F00C0403
:109A300027F004073C43B34240F3E28044F20006BF
:109A4000C4F20106B34200F0E68044F60006C4F218
:109A50000106B34200F0DF8044F20046D7E000BFC9
:109A60000027C4F20107BB4201D0734506D1D1E9FA
:109A70000576374325F4406646EA870548F6FF47F2
:109A80005D60CFF6FF6707EA0C0747EA08279F618A
:109A90004F6809699F631C629F6947F400679F6173
:109AA0009F6927F480679F61A7E000BF0027C4F289
:109AB0000107BB4201D0734506D1D1E90576374392
:109AC00025F4405646EA07154FF68C775D60CFF6D1
:109AD000FE7707EA0C0747EA0807DF614F68096964
:109AE000DF631C62DF6947F00807DF61DF6927F089
:109AF0000407DF61ADE000BF0027C4F20107BB42ED
:109B000005D040F20047C4F20107BB4204D14F69BF
:109B100024F4804444EA871448F6FF475C60CFF69B
:109B2000FF673E402CF4005746EA0524DC614E688E
:109B300009691E6447EA0E371F62DF6947F4006750
:109B4000DF61DF6927F48067DF6156E00027C4F238
:109B50000107BB4205D040F20047C4F20107BB42F7
:109B600004D14F6924F4803444EA07244FF68C77FB
:109B70005C60CFF6FE7703373E402CF4003746EAB0
:109B800005045C654E6809699E6547EA0E471F62D9
:109B90005F6D47F008075F655F6D27F004075F653D
:109BA00057E000BF0027C4F20107BB4205D040F2D6
:109BB0000047C4F20107BB4204D14F6924F480245A
:109BC00044EA872448F6FF475C60CFF6FF6707F555
:109BD00040773E402CF4001746EA05245C654E6849
:109BE0000969DE6547EA0E571F625F6D47F400673B
:109BF0005F655F6D27F480675F65090229E000BF3C
:109C00000026C4F20106B34205D040F20046C4F279
:109C10000106B34206D12CF44077D1E905653743FC
:109C200047EA050C4FF68C75C3F804C0CFF6FE75F5
:109C30000EEA050747EA08079F614F6809695F63F5
:109C40001C629F6947F008079F619F6927F004071E
:109C50009F611368194311600021BDE8F0410022A3
:109C600080F83C200846704760B310B5044690F871
:109C70003D0028B9002084F83C00204600F024F87C
:109C8000022084F83D002068211D03F0B1FD012071
:109C900084F8480084F83E0084F83F0084F84000CF
:109CA00084F8410084F8420084F8430084F84400BA
:109CB00084F8450084F8460084F8470084F83D00A5
:109CC000002010BD0120704782B041F600010068FD
:109CD000C4F20001884215D040F20041C4F20001F4
:109CE00088421CD144F2E840C5F60200016841F008
:109CF00002010160006800F002000190019802B0CA
:109D0000704700BF44F2E840C5F60200016841F028
:109D100040010160006800F040000090009802B02F
:109D200070470000000000007047000000000000C5
:109D300081B10A1F8B0743EA9202032A12D8DFE897
:109D400002F003171F2500BF00F13F031B78012B12
:109D500013D120E090F83E20012A0ED1022280F893
:109D60003E2032E000F143031B78012B05D112E0C5
:109D700000F140031B78012B0DD00120704700BF7C
:109D800000F141031B78012B05D0F6E700F14203F7
:109D90001B78012BF1D1032A08D8DFE802F0030B6E
:109DA0000F1300BF022280F83F200EE0022280F84D
:109DB00043200AE0022280F8402006E0022280F8D8
:109DC000412002E0022280F84220026801F01F00D8
:109DD000012101FA00F0116A814311624EF2FF3154
:109DE000C4F200018A42116A40EA0100106215DCE7
:109DF00040F6FF30C4F20000824227DCB2F1804F0F
:109E00004ED040F20040C4F20000824248D040F6FA
:109E10000000C4F20000824242D053E043F6FF70DB
:109E20000021C4F20100C4F20101824244F20000A8
:109E3000C4F201001EDC4EF20043C4F200039A4259
:109E40002ED08A4224D040F200431DE040F600406C
:109E5000C4F20000824223D041F60000C4F20000A8
:109E600082421DD04EF20000C4F20000824217D0A0
:109E700028E000BF82420BD044F60003C4F2010385
:109E80009A4205D044F20043C4F201039A4219D128
:109E9000536C8A4243F40041516418BF82420BD193
:109EA00007219068C0F2010101400020062918BF77
:109EB000B1F5803F06D1704740F20040C4F2010086
:109EC0008242EDD0106840F0010010600020704721
:109ED0004EF200010068C4F20001884218BF7047CA
:109EE000FBF7A2BA0000000070470000000000006D
:109EF00090F88410012901D1022070472421C0F874
:109F0000881002681368116823F0005321F00101E2
:109F100011600021416613602022C0F8882080F87B
:109F2000841008467047000010B50446D0F88C0035
:109F3000202805D10120002918BF002A02D110BD18
:109F4000022010BDE06600202067204604F0C8FF14
:109F5000002818BF10BDE06E01282DD12068102107
:109F60000162206850E8000F216840F0100041E8CD
:109F700000021AB3206850E8000F216840F010007A
:109F800041E80002002A1FBF206850E8000F216846
:109F900040F010001CBF41E80002002A0ED02068EB
:109FA00050E8000F216840F0100041E80002002056
:109FB000002AD6D1C3E700BF012010BD002010BD8C
:109FC000B0B54DF60021C2F2004188421DD14DF6D8
:109FD0008C600021C2F20040006809F0A9FF40F245
:109FE000F8244CF65915C2F20044C2F20045202272
:109FF00020462946F6F700FB2078FD2805D1607839
:10A00000EE2804BF207CFD2800D0B0BD607CEE2887
:10A0100018BFB0BDA07812280DD12046296840F89D
:10A02000201F69684160A9688160E968C1600121F9
:10A03000016208F0F1F8A07C1328E6D14CF6D0209C
:10A040002169C2F20040016061694160A1698160DB
:10A05000E169C16001210162BDE8B04008F0DCB8EF
:10A06000704700000000000090F88420012A01D110
:10A070000220704770B52422C0F888200268D0F80A
:10A0800064E0BEF1000FD2F800C0136823F00103B2
:10A090001360936823F0606341EA0301916019D073
:10A0A000916845F2706E9368C0F6010E5B0F45F241
:10A0B0007865C1F34266C0F601051EF80340E95C0D
:10A0C0002301B3FBF1F11EF80630AE5D1B01B3FBBB
:10A0D000F6F301E001210123A0F86A102021A0F885
:10A0E0006830C2F800C0C0F88810002180F88410E1
:10A0F000BDE870400846704790F88420012A01D1DD
:10A100000220704770B52422C0F888200268D0F879
:10A1100064E0BEF1000FD2F800C0136823F0010321
:10A120001360936823F0604341EA0301916019D002
:10A13000916845F2706E9368C0F6010E5B0F45F2B0
:10A140007865C1F34266C0F601051EF80340E95C7C
:10A150002301B3FBF1F11EF80630AE5D1B01B3FB2A
:10A16000F6F301E001210123A0F86A102021A0F8F4
:10A170006830C2F800C0C0F88810002180F8841050
:10A18000BDE87040084670477047000000000000BE
:10A19000704700000000000010B50446206850E839
:10A1A000000F216820F4F07041E80002F2B120684D
:10A1B00050E8000F216820F4F07041E80002002A06
:10A1C0001FBF206850E8000F216820F4F0701CBF0A
:10A1D00041E80002002A09D0206850E8000F2168F9
:10A1E00020F4F07041E80002002AD7D14FF6FE704B
:10A1F000CEF67F70216851E8021F2268014042E8D4
:10A200000213DBB1216851E8021F2268014042E8D5
:10A210000213002B1FBF216851E8021F2268014072
:10A220001CBF42E80213002B08D0216851E8021F2E
:10A230002268014042E80213002BDBD1E06E0128C6
:10A2400027D1206850E8000F216820F0100041E875
:10A250000002F2B1206850E8000F216820F01000E1
:10A2600041E80002002A1FBF206850E8000F216863
:10A2700020F010001CBF41E80002002A09D020682D
:10A2800050E8000F216820F0100041E80002002A89
:10A29000D7D120688068000633D5206850E8020FC7
:10A2A000216820F0800041E80202F2B1206850E805
:10A2B000020F216820F0800041E80202002A1FBF3F
:10A2C000206850E8020F216820F080001CBF41E8A0
:10A2D0000202002A09D0206850E8020F216820F00D
:10A2E000800041E80202002AD7D1E06F48B1002186
:10A2F0000165F8F7C5FA20B1E06FF8F7B5FE202840
:10A3000039D02068806840063AD5206850E8020FAE
:10A31000216820F0400041E80202F2B1206850E8D4
:10A32000020F216820F0400041E80202002A1FBF0E
:10A33000206850E8020F216820F040001CBF41E86F
:10A340000202002A09D0206850E8020F216820F09C
:10A35000400041E80202002AD7D1D4F8800078B149
:10A3600000210165F8F78CFA50B1D4F88000F8F7B5
:10A370007BFE202804D103201021C4F8901010BDCA
:10A380000021A4F85610A4F85E102068626EB2F1A5
:10A39000005F4FF00F02026203D1826942F01002A7
:10A3A0008261826942F0080282612020C4F888003C
:10A3B000C4F88C000020E166C4F8901010BD0000C5
:10A3C0004DF60021C2F20041884218BF704708686C
:10A3D000C169090701D50821016210B54DF60024B5
:10A3E000C2F200442046FFF7D7FE4CF65911202256
:10A3F000C2F200412046BDE81040FFF795BD0000C5
:10A4000070B50446006840F62F01C269114020294A
:10A41000016886680CD101F0200306F080555B19B5
:10A4200018D0616F71B32046BDE87040084700BF87
:10A4300040F60F031A420DD0012340F22015C1F25D
:10A440000003C0F2004506EA030C01EA050313EB22
:10A450000C0327D1D306E36E16D5012B14D111F0CE
:10A46000100311D0102101628068400626D4B4F890
:10A470005C00B4F85E10B4F85E20002A18BF884271
:10A4800040F0C68170BD00BFD30235D516F48003FD
:10A4900032D04FF4801101622046BDE87040FFF7D2
:10A4A00077BE00BFD30718BF11F4807340F08880D7
:10A4B000930706F0010E00F18F8098E0D4F8800039
:10A4C00040F20F42C4F202020168914254DC6F2252
:10A4D000C4F20202914200F323823F22C4F202023C
:10A4E000914200F351821022C4F20202914200F024
:10A4F000708228226AE200BF100606D501F08000B3
:10A5000006F40003C01840F0178250064CD511F035
:10A51000400049D0206850E8000F216820F040003A
:10A5200041E80002F2B1206850E8000F216820F0F5
:10A53000400041E80002002A1FBF206850E8000FD9
:10A54000216820F040001CBF41E80002002A09D029
:10A55000206850E8000F216820F0400041E8000228
:10A56000002AD7D12020C4F888000020A067204608
:10A57000BDE8704000F0FCBD40F26F42C4F2020240
:10A58000914200F3DF8140F23F42C4F20202914265
:10A5900000F3028240F21042C4F20202914200F043
:10A5A000188240F2284211E2100240F1E18111F0DC
:10A5B000804000F0DD812046BDE87040FFF7E4BD3B
:10A5C00001230362D4F8903043F00103C4F89030C3
:10A5D000930706F0010E0AD5BEF1000F07D0022343
:10A5E0000362D4F8903043F00403C4F8903053076A
:10A5F0000AD5BEF1000F07D004230362D4F89030CF
:10A6000043F00203C4F8903013070CD501F0200387
:10A6100053EA0C0307D008230362D4F8903043F0C8
:10A620000803C4F8903013050BD511F0806308D0EF
:10A630004FF400630362D4F8903043F02003C4F871
:10A640009030D4F89030002B3FF41CAF92060AD51E
:10A6500001F0200106F08052891804D0616F11B119
:10A66000204688472068D4F89010806800F04000A9
:10A6700001F02801401807D12046FFF7A1FE002075
:10A68000C4F8900070BD00BF206850E8000F21683A
:10A6900020F4907041E80002F2B1206850E8000F09
:10A6A000216820F4907041E80002002A1FBF206852
:10A6B00050E8000F216820F490701CBF41E80002B0
:10A6C000002A09D0206850E8000F216820F490701B
:10A6D00041E80002002AD7D14FF6FE70CEF6FF7097
:10A6E000216851E8021F2268014042E80213DBB1F1
:10A6F000216851E8021F2268014042E80213002B42
:10A700001FBF216851E8021F226801401CBF42E8B8
:10A710000213002B08D0216851E8021F2268014073
:10A7200042E80213002BDBD1E06E012827D120681C
:10A7300050E8000F216820F0100041E80002F2B15B
:10A74000206850E8000F216820F0100041E8000266
:10A75000002A1FBF206850E8000F216820F0100079
:10A760001CBF41E80002002A09D0206850E8000F11
:10A77000216820F0100041E80002002AD7D12020F3
:10A78000C4F88C000020E066216860678868400695
:10A7900040F1E880206850E8020F216820F0400076
:10A7A00041E80202F2B1206850E8020F216820F06F
:10A7B000400041E80202002A1FBF206850E8020F53
:10A7C000216820F040001CBF41E80202002A09D0A5
:10A7D000206850E8020F216820F0400041E80202A2
:10A7E000002AD7D1D4F88000002800F0BB804DF6B5
:10A7F000E131C0F600010165F8F7DAFA00283FF40C
:10A8000041AED4F88000016DBDE87040084700BF3C
:10A81000401A216851E8001F226821F4907142E833
:10A820000013F3B1216851E8001F226821F49071F0
:10A8300042E80013002B1FBF216851E8001F226867
:10A8400021F490711CBF42E80013002B09D021684D
:10A8500051E8001F226821F4907142E80013002B98
:10A86000D7D14FF6FE71CEF6FF71226852E8022F63
:10A8700023680A4043E80226DEB1226852E8022F2C
:10A8800023680A4043E80226002E1FBF226852E8D0
:10A89000022F23680A401CBF43E80226002E08D07E
:10A8A000226852E8022F23680A4043E80226002E5D
:10A8B000DBD12021C4F88C100021E166616721689A
:10A8C00051E8001F226821F0100142E80013F3B1A3
:10A8D000216851E8001F226821F0100142E80013AE
:10A8E000002B1FBF216851E8001F226821F01001D2
:10A8F0001CBF42E80013002B09D0216851E8001F5B
:10A90000226821F0100142E80013002BD7D181B258
:10A91000022020672046BDE87040FFF751BB00BF12
:10A920009F22C4F20202914240DC7022C4F2020271
:10A9300091424ED0882249E0A16F00297FF473AD87
:10A94000A0E500BF40F29F42C4F20202914235DC12
:10A9500040F27042C4F2020291423AD040F2884280
:10A9600034E000BF2046BDE87040FFF729BD00BFBE
:10A97000D0017FF587ADB1F1FF3FC8BF70BD204664
:10A98000BDE87040FFF76CBB4022C4F20202914266
:10A990001FD058221AE000BF40F24042C4F2020227
:10A9A000914216D040F2584210E000BFA022C4F2FB
:10A9B000020291420DD0B82208E000BF40F2B84236
:10A9C000C4F20202914204D040F2A042C4F2020258
:10A9D000914249688AB2002A3FF454ADB4F85C3021
:10A9E0009A42BFF44FADA4F85E10C069B0F5807F05
:10A9F00000F0A980206850E8000F216820F48070E2
:10AA000041E80002F2B1206850E8000F216820F40C
:10AA1000807041E80002002A1FBF206850E8000F44
:10AA2000216820F480701CBF41E80002002A09D090
:10AA3000206850E8000F216820F4807041E800028F
:10AA4000002AD7D1206850E8020F216820F00100C9
:10AA500041E80202F2B1206850E8020F216820F0BC
:10AA6000010041E80202002A1FBF206850E8020FDF
:10AA7000216820F001001CBF41E80202002A09D031
:10AA8000206850E8020F216820F0010041E802022E
:10AA9000002AD7D1206850E8020F216820F040003A
:10AAA00041E80202F2B1206850E8020F216820F06C
:10AAB000400041E80202002A1FBF206850E8020F50
:10AAC000216820F040001CBF41E80202002A09D0A2
:10AAD000206850E8020F216820F0400041E802029F
:10AAE000002AD7D12020C4F88C000020E06620681E
:10AAF00050E8000F216820F0100041E80002F2B198
:10AB0000206850E8000F216820F0100041E80002A2
:10AB1000002A1FBF206850E8000F216820F01000B5
:10AB20001CBF41E80002002A09D0206850E8000F4D
:10AB3000216820F0100041E80002002AD7D1D4F8A3
:10AB40008000F7F79DFE02202067B4F85C00B4F89F
:10AB50005E10401A81B22046BDE87040FFF730BA5F
:10AB600010B5D8B10446D0F8880028B9002084F880
:10AB70008400204600F028F82420C4F888002068CB
:10AB8000A16A0268002922F00101016002D020467A
:10AB900002F0FAFE204603F053FF08B1012010BD79
:10ABA0002068416821F490414160816821F02A01C8
:10ABB0008160016841F0010101602046BDE810405C
:10ABC00002F052BF000000002DE9F043B5B00021B3
:10ABD0000446CDE93311CDE93111309102A8B821F5
:10ABE000F5F757FD47F2FF712068C4F20001884273
:10ABF00046DD41F60041C4F20101884200F09A802E
:10AC000041F20001C4F20101884200F0D18047F610
:10AC10000001C4F20001884240F0748102A80024BF
:10AC2000039402250295FCF713FE08B1F6F788FF9E
:10AC300044F2E040C5F60200816841F08041816045
:10AC4000816801F0804101910199016841F0100192
:10AC50000160006830A900F01000019001984FF4E5
:10AC6000C070CDE930050720349041F20000C5F6F0
:10AC70000200CDE93244FAF7EBFA52243AE100BF80
:10AC800044F20041C4F20001884200F0C58044F65D
:10AC90000001C4F20001884240F0348102A800257E
:10ACA00003954FF00208CDF80880FCF7D1FD08B1FC
:10ACB000F6F746FF44F2E04041F20006C5F6020016
:10ACC000C5F6020630AC0727816841F48021816017
:10ACD000816801F4802101910199016841F002012C
:10ACE0000160016801F0020101910199016841F0E0
:10ACF000080101600068214600F0080001900198F9
:10AD00004FF48040CDE93008A6F540603497CDE996
:10AD10003255FAF79DFA4FF440702146CDE93008DC
:10AD2000A6F580603497CDE93255FAF791FA2724D9
:10AD3000E0E000BF0120029002A800260396FCF785
:10AD400087FD08B1F6F7FCFE44F2E04041F2000452
:10AD5000C5F60200C5F6020430AD0227016941F0D4
:10AD600080010161016901F080010191019901688F
:10AD700041F0100101600068294600F010000190C8
:10AD8000019804203090CDE933602046CDE931763A
:10AD9000FAF75EFA08202946CDE930070B203490F7
:10ADA0002046CDE93266FAF753FA9C24A2E000BFB0
:10ADB0000120029002A800240394FCF749FD08B189
:10ADC000F6F7BEFE44F2E040C5F60200016941F02C
:10ADD00010010161016901F01001019101990168FF
:10ADE00041F001010160006841F2000100F0010042
:10ADF0000190C5F6020101984FF4C0603090022026
:10AE00003394CDE9310407203490A1F5805030A966
:10AE1000FAF71EFA25246DE002A800260396022503
:10AE20000295FCF715FD08B1F6F78AFE44F2E04002
:10AE300040F21008C5F60200C4F20208816841F42D
:10AE400000318160816801F400310191019901684C
:10AE500041F008010160006830A900F0080001908D
:10AE60000198702061C141F200010720C5F602017E
:10AE70003490A1F5806030A93396FAF7E9F94CF6E1
:10AE80004C752C20C2F200454FF480694FF44037D6
:10AE900068604020C5E902062846C5F80080C5E97B
:10AEA0000496C5E90666C5E90876F8F7EDFC08B131
:10AEB000F6F746FEE56708F13000AC634CF6D46562
:10AEC000C2F200454FF4807128602B20686000209A
:10AED000C5E90200C5E90490A861C5E908702846E3
:10AEE000E961F8F7D1FC08B1F6F72AFEC4F8805002
:10AEF000AC632624052100222046FAF755FB2046A4
:10AF0000FAF73EFB35B0BDE8F0830000000000001A
:10AF1000D0F88C30202B07D10123002918BF002A3C
:10AF200006D11846704700BF02231846704700BF7D
:10AF300080B50023C36640F60043D0F800C0C5F6D4
:10AF400000039C4503D0DCF804301B0204D404F059
:10AF500073F8002080BD00BF036853E800CFD0F82D
:10AF600000E04CF080634EE8003CBCF1000FEED0F6
:10AF7000036853E800CFD0F800E04CF080634EE85F
:10AF8000003CBCF1000F1FBF036853E800CFD0F8AE
:10AF900000E04CF080631CBF4EE8003CBCF1000FA9
:10AFA000D5D0036853E800CFD0F800E04CF08063C0
:10AFB0004EE8003CBCF1000FCED1C8E70000000015
:10AFC000B0B54DF6D801C2F20041884228D04DF606
:10AFD0002831C2F2004188423CD04DF66C11C2F2D9
:10AFE0000041884218BFB0BD40F2583545F2DE61DD
:10AFF000C2F20045C0F6010105F10D04052220460C
:10B00000F5F7CEFA08B90120A8704DF66C10C2F21F
:10B01000004005222146BDE8B040FFF779BF00BFE0
:10B0200040F2583545F2DE61C2F20045C0F601013A
:10B03000EC1C05222046F5F7B3FA08B90120287068
:10B040004DF6D800C2F2004005222146BDE8B040CE
:10B05000FFF75EBF40F2583545F2DE61C2F20045AF
:10B06000C0F6010105F1080405222046F5F798FA1B
:10B0700008B9012068704DF62830C2F20040052260
:10B080002146BDE8B040FFF743BF000000000000CC
:10B09000704700000000000010B50446D0F888009A
:10B0A000202833D100294FF001005DD0002A13463B
:10B0B00008BF10BD21654FF0000EA4F854302120C8
:10B0C000A4F85630C4F890E0C4F88800E06FF8B1F6
:10B0D0004DF6817C4EF24102C0F6000CC0F6000233
:10B0E000C0E90FC24DF6F132C0F60002C0E9132EDE
:10B0F00022682832F8F7F4FE50B11020C4F890000E
:10B100002020C4F88800012010BD00BF022010BD1F
:10B11000206840210162206850E8020F216840F059
:10B12000800041E80202F2B1206850E8020F216875
:10B1300040F0800041E80202002A1FBF206850E86A
:10B14000020F216840F080001CBF41E80202002A83
:10B1500009D0206850E8020F216840F0800041E8E3
:10B160000202002AD7D1002010BD0000000000001C
:10B170004DF60021C2F20041884218BF70474DF6DB
:10B1800090600021C2F20040006808F0D1BE0000CB
:10B190007047000000000000FEE700000000000013
:10B1A000022007F0C1FAFBE7531E052B88BF70474A
:10B1B0002DE9F04F83B00446012A18BF002004F1A6
:10B1C0008008022A08BF404604F58079032A08BF98
:10B1D000484604F5C07A042A08BF504604F5007BAF
:10B1E000052A08BF584604F52076062A08BF3046CF
:10B1F000D5B20172C2604FF0FF3050FA82F0DFE842
:10B2000000F003070B0F131704F1080012E000BF52
:10B2100004F188000EE000BF04F584700AE000BF6E
:10B2200004F5C47006E000BF04F5027002E000BF40
:10B2300004F52270BCEEC00A47F2050100910078C7
:10B240000027ADF8057010EE101A00F19052684614
:10B250008DF807708DF804100821F6F789FC01209D
:10B2600007F062FA0020012D08BF2046022D4FF0A2
:10B27000080108BF4046032D08BF4846042D08BFFB
:10B280005046052D08BF5846062D08BF3046CDE96B
:10B290000077007A00F140726846F6F769FC0120F9
:10B2A00007F042FA013DDFE805F003070B0F131723
:10B2B00004F1080012E000BF04F188000EE000BFB6
:10B2C00004F584700AE000BF04F5C47006E000BF16
:10B2D00004F5027002E000BF04F522704CF655162A
:10B2E0000078C2F20046082100F1905242F21400A8
:10B2F0000090402030604FF0804001906846F6F7A3
:10B3000037FC012007F010FADFE805F004080C1004
:10B31000141800BF04F1080012E000BF04F1880017
:10B320000EE000BF04F584700AE000BF04F5C470AD
:10B3300006E000BF04F5027002E000BF04F52270D1
:10B34000007842F21501009144F63E41CCF6CC5112
:10B3500031604CF6CD4100F19052C3F64C61019141
:10B3600068460821F6F704FC012007F0DDF9DFE864
:10B3700005F003070B0F131704F1080012E000BFDC
:10B3800004F188000EE000BF04F584700AE000BFFD
:10B3900004F5C47006E000BF04F5027002E000BFCF
:10B3A00004F52270007847F2180100914AF240013A
:10B3B00031600021C4F2A00100F190520191684671
:10B3C0000821F6F7D5FB012007F0AEF903B0BDE880
:10B3D000F04F70470000000070B52DED028B82B079
:10B3E000B0EE008A4AF6E844C2F200446521012228
:10B3F0002046B0EE480A0125FFF7D6FEB0EE480A17
:10B40000672103222046FFF7CFFE4FF47A7007F042
:10B410008BF9207A0821002600F1C0626846CDE948
:10B420000056F6F7A5FB4FF47A7007F07DF994F813
:10B4300008010821CDE9005600F1C0626846F6F720
:10B4400097FB02B0BDEC028B70BD00000000000055
:10B450004CF6C470C2F2004006F0A2FE4DF2041099
:10B46000C2F2004006F09CFEFFF7B6FF4CF6C405A2
:10B47000C2F200452846F5F79FFE4DF6BC34C2F2F5
:10B480000044204606F0A0FF4FF47A7007F04CF914
:10B490002846F5F7CDFE4DF60C5540F2000A40F275
:10B4A0000009002740F2000B40F20008C2F20045FC
:10B4B000CCF2342AC4F27019C4F234270026C4F244
:10B4C000962BC4F2F01802E00A2007F02DF9287834
:10B4D00068B90020C4F800A0C4F27020A063C4F8CA
:10B4E0007090C4F8A870C4F8E070C4F8187141F204
:10B4F0007C5007F019F9287848B92760A663C4F88A
:10B5000070B0C4F8A8A0C4F8E0A0C4F818A141F233
:10B510007C5007F009F928780128D5D12660C4F8B5
:10B5200038802767C4F8A860C4F8E060C4F81861E0
:10B53000CAE7000000000000642007F0F5F8FBE710
:10B5400010B58CB06846242100240B94CDE9094441
:10B55000F5F79FF84CF6EC5042F20001C2F20040C1
:10B56000C4F20201042201604FF41011C0E9011479
:10B57000012180F82040C0E904124FF48072028358
:10B580000222C261C0E90A4403220263C0E90F44F7
:10B5900080F844408164F6F7BBFE08B1F6F7D0FAB4
:10B5A0004CF6EC5009A9C2F200400994F6F7A8FB4A
:10B5B00008B1F6F7C5FA102040F2FF71C1F2C000E1
:10B5C00000900620019004200290CDE90310002095
:10B5D00005908DF821004CF6EC50C2F2004069460F
:10B5E000F6F7E6FB08B1F6F7ABFA00206946C4F6B9
:10B5F000B87000900C2001904CF6EC50C2F2004064
:10B60000F6F7D6FB08B1F6F79BFA0CB010BD0000B8
:10B6100080B582B044F2D8400022C5F6020001682D
:10B6200041F0010101600068052100F00100019076
:10B6300001980B20F9F7B8FF0B20F9F7A1FF0C20B8
:10B6400005210022F9F7B0FF0C20F9F799FF0D2032
:10B6500005210022F9F7A8FF0D2002B0BDE88040C7
:10B66000F9F78EBF0000000080B54CF6C4704AF2B6
:10B670000001C2F20040C4F200014FF0010C0823A7
:10B6800001600021C0E90211C0F80F103B22C0F890
:10B6900014C08361C261142202620322C0E909233B
:10B6A0001F22C0F83CC0C0E90B23C0E90D112022C5
:10B6B00002640423C0E91132C0E91331C0E9153135
:10B6C000C0E91712C0E91913F9F7AEF9002808BF4D
:10B6D00080BDBDE88040F6F733BA000000000000EE
:10B6E00080B54DF264004AF20041C2F20040C4F25B
:10B6F00000011822022301600021C0E90211C0F8F4
:10B700000F10426101228261C0E90733C0E90922BA
:10B71000C0E90B2240F20643C163C0E90D3220228A
:10B7200002640423C0E91131C0E91331C0E91531C5
:10B73000C0E91712C0E91913F9F776F9002808BF14
:10B7400080BDBDE88040F6F7FBB9000000000000B6
:10B7500080B54DF204104DF20041C2F20040C4F237
:10B7600000014FF0010C082301600021C0E9021123
:10B77000C0F80F103B22C0F814C08361C2611422CC
:10B7800002620322C0E909231F22C0F83CC0C0E9BD
:10B790000B23C0E90D11202202640423C0E91132F9
:10B7A000C0E91331C0E91531C0E91712C0E9191316
:10B7B000F9F73AF9002808BF80BDBDE88040F6F7E8
:10B7C000BFB900000000000010B5B8B00120002192
:10B7D000032208F099F94DF690610322C2F200416C
:10B7E00008600120002108F08FF94DF68C61C2F24B
:10B7F0000041086045F21040C0F601000168319137
:10B800004168329181683391C16834910169359101
:10B81000416936918069379031A8002106F094FF84
:10B8200040F29814C2F20044206045F2F430C0F6B1
:10B83000010001682A9141682B9181682C91C168AF
:10B840002D9101692E9141692F91806930902AA82C
:10B85000002106F079FF606045F2D830C0F60100A3
:10B86000016823914168249181682591C1682691DE
:10B8700001692791416928918069299023A80021B5
:10B8800006F062FFA06033A032491C9141681D910F
:10B8900081681E91C1681F910169209141692191C0
:10B8A000806922901CA8002106F04EFFE06030A0C5
:10B8B0002F4915914168169181681791C1681891B7
:10B8C0000169199141691A9180691B9015A800219D
:10B8D00006F03AFF20612DA02C490E9141680F918E
:10B8E00081681091C16811910169129141691391A8
:10B8F000806914900EA8002106F026FF60612AA03E
:10B90000294907914168089181680991C1680A91A4
:10B9100001690B9141690C9180690D9007A8002184
:10B9200006F012FFA06127A026490091416801910D
:10B9300081680291C168039101690491416905918F
:10B94000806906906846002106F0FEFEE06138B08E
:10B9500010BD00BFC9560108A1B1000800000000D9
:10B960000000000000080000740600247426002473
:10B97000D1560108D91B0008FFFF0000000000009D
:10B9800080000000140400241406002490560108CE
:10B99000F1C30008020000000000000000100000D9
:10B9A000886C002488AC00248056010891CA0008E5
:10B9B000000000000000000080000000E8AF00244C
:10B9C000E8B10024AE56010851B40008020000009E
:10B9D0000000000000100000D0260024D0660024E3
:10B9E0002DE9F04F87B044F2E0404FF0000BC5F670
:10B9F0000200CDF818B0002700220168C5F6020742
:10BA000041F010010160016807F5006601F01001C6
:10BA100001910199016841F00401016001684FF44E
:10BA2000604801F0040101910199016841F0800131
:10BA30000160016801F0800101910199016841F004
:10BA400001010160016801F00101019101990168A2
:10BA500041F002010160016801F0020101910199C8
:10BA6000016841F00801016000684FF4604100F096
:10BA70000800019001983046F9F7C6FC29210122FF
:10BA800030460125F9F7C0FC012100223846F9F7BC
:10BA9000BBFC07F580544FF4004100222046F9F723
:10BAA000B3FC07F5806A4FF4805101225046F9F744
:10BAB000ABFC07F540694FF4906100224846F9F766
:10BAC000A3FC082100225046F9F79EFC02AF304645
:10BAD0003946CDE90285CDE904BBF9F7B9FB02A9E6
:10BAE00029204FF00308CDF8148081E82108304662
:10BAF0003946F9F7ADFB00263946C5F60206304651
:10BB0000CDE90255CDE904B8F9F7A2FB4FF4A050F6
:10BB100002904FF488103946CDE9030B2046F9F71F
:10BB200097FB4FF400403946CDE902052046CDE9A8
:10BB30000458F9F78DFB41F208003946CDE90205BA
:10BB40005046CDE90458F9F783FB02A94FF4806011
:10BB5000CDF814B081E8210848463946F9F778FB5A
:10BB60004FF480700290304639460224CDE9034BF1
:10BB7000CDE905BBF9F76CFB4FF400403946CDE940
:10BB8000020B3046CDF810B0F9F762FB8020394641
:10BB9000CDE902054846CDE90458F9F759FB1020D4
:10BBA0003946CDE9020B50460494F9F751FB07B032
:10BBB000BDE8F08F0000000070B586B04DF2A4140F
:10BBC0005821C2F200440025201DCDE90455CDE9DD
:10BBD0000255CDE90055F4F75CFD45F2000620461C
:10BBE000C5F200262660FAF72BF806F5A040206083
:10BBF0000820E560C4E90105C4E90C50204617217E
:10BC000021610126C4E90565C4E907650321616274
:10BC10004FF08041C4E90A15C4E90E55FAF724F83B
:10BC200008B1F5F78DFF4FF0011003904DF2A4100D
:10BC30006946C2F2004041F2883200960296F9F756
:10BC4000F3FC08B1F5F77CFF06B070BD0000000002
:10BC500010B54DF2E46443F60000C2F20044C4F2B1
:10BC60000000072120604FF4800060600020A06089
:10BC7000E1604FF0007121614FF0807161614FF020
:10BC80008061A1614FF08041C4E90710C4E9090057
:10BC9000E06204F1380061632421F4F7FAFC2046E5
:10BCA000FDF7CEF8002808BF10BDBDE81040F5F73D
:10BCB00047BF00000000000010B54DF26C7441F267
:10BCC0000040C2F20044C5F600004FF080712060D1
:10BCD0004FF4800060604FF40030A0600720E06007
:10BCE0000020206161614FF08061A1614FF08051BF
:10BCF000C4E90710C4E90900E0624FF080406063C6
:10BD000004F138002421F4F7C4FC2046FDF798F82C
:10BD1000002808BF10BDBDE81040F5F711BF0000B6
:10BD2000B0B590B04DF2F47041F60005C2F200409B
:10BD300000240994C4F20005CDE90644CDE9044489
:10BD400005601721C0E9011440F2CF718461C0E998
:10BD50000314FDF789FF08B1F5F7F2FE4DF2F47018
:10BD600008A9C2F2004008940A94FDF74DFB08B1FF
:10BD7000F5F7E6FE4DF2F4746020C2F20044019043
:10BD800000200590CDE9020001A904222046FDF71C
:10BD90000FFD08B1F5F7D4FE2068A84214D040F298
:10BDA0000041C4F2000188422BD144F2E040C5F6C4
:10BDB0000200016841F002010160006800F0020029
:10BDC0000B900B9802200EE044F2E040C5F6020012
:10BDD000016841F002010160006800F002000B9070
:10BDE0000B984FF400400B9002200C9000210F9014
:10BDF00040F20040CDE90D11C5F602000BA9F9F79C
:10BE000027FA10B0B0BD0000B0B590B04DF68C0070
:10BE100040F20045C2F2004000240994C4F200053B
:10BE2000CDE90644CDE9044405601721C0E90114B9
:10BE300042F20F71C0E9031480218161FDF714FF04
:10BE400008B1F5F77DFE4DF68C0008A9C2F200405E
:10BE500008940A94FDF7D8FA08B1F5F771FE4DF68B
:10BE60008C046020C2F20044019000200590CDE9CE
:10BE7000020001A90C222046FDF79AFC08B1F5F753
:10BE80005FFE41F600012068C4F20001884211D033
:10BE9000A8422CD144F2E040C5F60200016841F00E
:10BEA00002010160006800F002000B900B98022074
:10BEB0000FE000BF44F2E040C5F60200016841F027
:10BEC00002010160006800F002000B900B984FF433
:10BED00000400B9002200C9000210F9040F2004097
:10BEE000CDE90D11C5F602000BA9F9F7B1F910B0B3
:10BEF000B0BD00000000000080B54DF6283047F6C8
:10BF00000001C2F20040C4F200010C2201604FF4B3
:10BF1000612141600021C0E902110161C0E90521F0
:10BF2000C0E90711C0E90911FEF71AFE08B1F5F7DB
:10BF300007FE4DF628300021C2F20040FEF7DCF883
:10BF400008B1F5F7FDFD4DF628300021C2F20040A2
:10BF5000FEF78AF808B1F5F7F3FD4DF62830C2F286
:10BF60000040FDF7C5FF002808BF80BDBDE8804048
:10BF7000F5F7E6BD0000000080B54DF66C1041F607
:10BF80000041C2F20040C4F201010C2201604FF4F2
:10BF9000612141600021C0E902110161C0E9052170
:10BFA000C0E90711C0E90911FEF7DAFD08B1F5F79C
:10BFB000C7FD4DF66C100021C2F20040FEF79CF860
:10BFC00008B1F5F7BDFD4DF66C100021C2F200403E
:10BFD000FEF74AF808B1F5F7B3FD4DF66C10C2F262
:10BFE0000040FDF785FF002808BF80BDBDE8804008
:10BFF000F5F7A6BD0000000080B54DF6D80041F26F
:10C000000001C2F20040C4F201010C2201604FF4B1
:10C01000612141600021C0E902110161C0E90521EF
:10C02000C0E90711C0E90911FEF79AFD08B1F5F75B
:10C0300087FD4DF6D8000021C2F20040FEF75CF803
:10C0400008B1F5F77DFD4DF6D8000021C2F20040A1
:10C05000FEF70AF808B1F5F773FD4DF6D800C2F205
:10C060000040FDF745FF002808BF80BDBDE88040C7
:10C07000F5F766BD0000000080B54DF6002044F2E3
:10C080000041C2F2004040F60012C4F20001C0F2CA
:10C090003D02C0E9001200210C22C0E90521002266
:10C0A0000023C0E902110161C0E90711C0E90911CB
:10C0B000FCF782FE08B1F5F743FD4DF600200021A4
:10C0C000C2F20040FEF718F808B1F5F739FD4DF659
:10C0D00000200021C2F20040FDF7C6FF08B1F5F7CD
:10C0E0002FFD4DF60020C2F20040FDF701FF0028B1
:10C0F00008BF80BDBDE88040F5F722BD000000000C
:10C1000080B54DF6942044F60001C2F20040C4F21E
:10C1100000010C22002301604FF4612141600021E5
:10C12000C0E9052100220161C0E90211C0E907113F
:10C13000C0E90911FCF740FE08B1F5F701FD4DF625
:10C1400094200021C2F20040FDF7D6FF08B1F5F7B8
:10C15000F7FC4DF694200021C2F20040FDF784FF69
:10C1600008B1F5F7EDFC4DF69420C2F20040FDF762
:10C17000BFFE002808BF80BDBDE88040F5F7E0BCE9
:10C1800080B54CF6103040F21001C2F20040C2F20D
:10C190000041012203F0FCFE08B1F5F7D1FC4CF69A
:10C1A000103040F23001C2F20040C2F2004104F00F
:10C1B00077F908B1F5F7C4FC4CF6103040F2CC0129
:10C1C000C2F20040C2F2004103F0F2FB08B1F5F701
:10C1D000B7FC4CF61030C2F2004004F08DF908B103
:10C1E000F5F7AEFCBDE88040FAF786BF000000001E
:10C1F000FEE7000000000000F0B581B02DED0A8BD5
:10C2000082B04F1E0446B0EE428AB0EE619AB0EEA4
:10C2100041AAB0EE60CAB0EE40BA0D46DFE807F0C2
:10C2200004080C10141800BF04F1080012E000BF4D
:10C2300004F188000EE000BF04F584700AE000BF3E
:10C2400004F5C47006E000BF04F5027002E000BF10
:10C2500004F52270007847F20501ADF800100821BE
:10C2600000F1905268460026CDF80260ADF80660F5
:10C27000F5F77EFC0020012D08BF2046022D4FF06F
:10C28000080108BF04F18000032D08BF04F5807089
:10C29000042D08BF04F5C070052D08BF04F500701B
:10C2A000062D08BF04F52070CDE90066007A00F184
:10C2B00040726846F5F75CFC052F1CD8DFE807F0F4
:10C2C00004080C10141800BF04F1080012E000BFAD
:10C2D00004F188000EE000BF04F584700AE000BF9E
:10C2E00004F5C47006E000BF04F5027002E000BF70
:10C2F00004F5227006789FED370AB2EE082A2CEE7C
:10C30000001A9FED353A2AEE000AB3EE084A3BEEDA
:10C31000022A9FED325A81EE031A80EE030AB3EE31
:10C320000E3A82EE042A9FED2E4A31EE051A9FED59
:10C33000285A30EE030A9FED2B3A22EE052A81EEB1
:10C34000041AB1EE044A80EE030A9FED273A89EE03
:10C35000033A21EE051A20EE050A23EE053ABCEE5B
:10C36000C11ABCEEC00A88EE044A11EE100ABCEEF7
:10C37000C33ABCEEC22A8DF8010024EE051A010A68
:10C3800010EE100A8DF800108DF80300BCEEC10A03
:10C39000010A13EE100A8DF802108DF80500010A4B
:10C3A0008DF8041012EE101A10EE100A8DF8070026
:10C3B000020A8DF8062046EA0121684601F18072E2
:10C3C0000821F5F7D5FB02B0BDEC0A8B01B0F0BD3A
:10C3D00000FF7F47DA0F494000003443DA0F49413C
:10C3E000DA0FC941000070420000FA43000000006B
:10C3F0004DF600204CF65911C2F20040C2F2004145
:10C400002022FDF791FD00F0FFF94FF4FA7006F0DD
:10C410008BF94DF6BC344CF6C407C2F200449FEDD4
:10C42000228A04F1380804F1700904F1A80A04F121
:10C43000E00504F58C76C2F2004700BFB0EE480A72
:10C44000204605F0DDFCB0EE480A404605F0D8FC79
:10C45000B0EE480A484605F0D3FCB0EE480A504614
:10C4600005F0CEFCB0EE480A284605F0C9FCB0EE57
:10C47000480A304605F0C4FC6068B860E06B38627A
:10C48000606FB863D4F8AC003865D4F8E400B866DF
:10C49000D4F81C01C7F880003846F4F7E5FE012007
:10C4A00006F042F9CAE700BFA69B443B000000002B
:10C4B000B0B50B0E112B27D0022B61D01BBB01F0A6
:10C4C0007F43B3F1A85F18BF090A037AC9B28B4250
:10C4D00000F0DA8090F888308B4200F0E98090F824
:10C4E00008318B4200F0F88090F888318B4200F0E0
:10C4F000078190F808328B4200F0168190F888325C
:10C500008B4200F02581B0BD01F07F43B3F1A85FFD
:10C5100018BF090A90F88850CBB2017A90F8084108
:10C520009942014690F888C118BF00219D4208BF7A
:10C5300000F180019C4208BF00F5807190F808521C
:10C540009C4508BF00F5C07190F888429D4215785F
:10C5500008BF00F500719C4208BF00F52071052D51
:10C56000D1D150787028CED190780028CBD1D07816
:10C57000002818BFB0BDD07981F82E00B0BD00BF33
:10C5800001F07F439FED7C1AB3F1A85F0B4618BF03
:10C590001B0A90F888E09FED7A2A5FFA83FC037A01
:10C5A00090F8084163454FF0000390F8885108BFA8
:10C5B0000346E64508BF00F18003644508BF00F567
:10C5C000807390F80842654590F8885208BF00F5DE
:10C5D000C073644508BF00F50073654508BF00F5EA
:10C5E0002073C1F3044083F826000020C3F827001D
:10C5F000A3F82B00C1F3815083F82D00108800BAF6
:10C60000000C00EE100AB8EE400A20EE010A9FED81
:10C610005B1A80EE010A30EE020A9FED5A2A83ED82
:10C62000040A508800BA000C00EE100AB8EE400A66
:10C6300020EE020ABBEE0E2A80EE010A30EE020A5C
:10C64000B3EE082A83ED050A908800BA000C00EECC
:10C65000100AB8EE400A20EE020A80EE010ABAEE95
:10C66000081A30EE010A83ED060AD0889FED401BC0
:10C6700040BA00EE100AB8EEC00B20EE010BB7EE88
:10C68000C00B83ED070AB0BD92F801C0D37892F8D1
:10C6900000E01B0643EA0C4343EA0C23D2F804C033
:10C6A0007344C0E9003C90F888308B427FF417AFA8
:10C6B00092F801C0D37892F800E01B0643EA0C43DD
:10C6C00043EA0C23D2F804C07344C0E9203C90F83C
:10C6D00008318B427FF408AF92F801C0D37892F80A
:10C6E00000E01B0643EA0C4343EA0C23D2F804C0E3
:10C6F0007344C0E9403C90F888318B427FF4F9AE36
:10C7000092F801C0D37892F800E01B0643EA0C438C
:10C7100043EA0C23D2F804C07344C0E9603C90F8AB
:10C7200008328B427FF4EAAE92F801C0D37892F8D7
:10C7300000E01B0643EA0C4343EA0C23D2F804C092
:10C740007344C0E9803C90F888328B427FF4DBAEC2
:10C750005178D37892F800C052681B0643EA01432F
:10C7600043EA01216144C0E9A012B0BD00BF00BF8F
:10C770009A9999999999B93F0000B44400FF7F476D
:10C78000000034C400007042FEE70000000000001A
:10C790004DF20020C2F20040F9F7A6BD00000000F3
:10C7A000EFF30980BFF36F8F154B1A681EF0100F5F
:10C7B00008BF20ED108A20E9F04F10602DE9090034
:10C7C0004FF0500080F31188BFF34F8FBFF36F8F8E
:10C7D00007F09AF84FF0000080F31188BDE80900D7
:10C7E00019680868B0E8F04F1EF0100F08BFB0ECF1
:10C7F000108A80F30988BFF36F8F704700BF00BFB6
:10C80000B80100240000000010B540F600044FF409
:10C810008041C5F6020401222046F8F7F5FD4FF4E9
:10C82000005101222046F8F7EFFD4FF400410122AC
:10C830002046BDE81040F8F7E7BD0000000000000A
:10C84000F0B581B044F22C47C5F6020757F8042C26
:10C8500002F00302032A03D1012001B0F0BD00BFA2
:10C86000054657F82C0C0C4620F0806047F82C0C3D
:10C87000F8F7D2FD064600BF57F82C0C000105D58D
:10C88000F8F7CAFD801B0228F6D964E057F8040CBB
:10C89000EE6895E80E0020F47C30012C40EA01306F
:10C8A000A2F101016FF35F214FF47E4202EB4322BC
:10C8B00047F8040C92B24FF0FE4302EB01004FF434
:10C8C000FE012A6901EB064101F4FE0103EB02625D
:10C8D000084402F0FE410844F8603868696920F0B5
:10C8E000C00040EA010038603868A96920F02000E3
:10C8F00040EA0100386038684FF6F87120F0100007
:10C9000038603869EA6920EA01004FF4001140EA12
:10C91000C2003861386808BF4FF4801140F0100041
:10C92000002C386008BF4FF4002138680843386095
:10C9300057F82C0C40F0806047F82C0CF8F76CFD91
:10C94000044600BF57F82C0C000107D4F8F764FD2B
:10C95000001B0328F6D3032001B0F0BD002001B076
:10C96000F0BD000000000000F0B581B044F22C479B
:10C97000C5F6020757F8042C02F00302032A03D17C
:10C98000012001B0F0BD00BF054657F82C0C0C4645
:10C9900020F0805047F82C0CF8F73EFD064600BF0B
:10C9A00057F82C0C800005D5F8F736FD801B0228BF
:10C9B000F6D964E057F8040CEE6895E80E0020F014
:10C9C0007C70012C40EA0150A2F101016FF35F215C
:10C9D0004FF47E4202EB432247F8040C92B24FF030
:10C9E000FE4302EB01004FF4FE012A6901EB064110
:10C9F00001F4FE0103EB0262084402F0FE41084428
:10CA000078613868696920F4406040EA0100386064
:10CA10003868A96920F4007040EA0100386038687D
:10CA20004FF6F87120F480703860B869EA6920EA3E
:10CA300001004FF0807140EAC200B861386808BF59
:10CA40004FF4000140F48070002C386008BF4FF4B0
:10CA5000800138680843386057F82C0C40F080504B
:10CA600047F82C0CF8F7D8FC044600BF57F82C0CFC
:10CA7000800007D4F8F7D0FC001B0328F6D303206E
:10CA800001B0F0BD002001B0F0BD000000000000CA
:10CA900000200021002205F097FAC82005F044FE8E
:10CAA00000200021002205F08FFA322005F03CFE24
:10CAB00001200021002205F087FA322005F034FE23
:10CAC00002200021002205F07FFA322005F02CFE22
:10CAD00003200021002205F077FA322005F024FE21
:10CAE00004200021002205F06FFA322005F01CFE20
:10CAF00005200021002205F067FA322005F014FE1F
:10CB000006200021002205F05FFA322005F00CFE1D
:10CB100007200021002205F057FA322005F004FE1C
:10CB200008200021002205F04FFA322005F0FCFD1C
:10CB300009200021002205F047FA322005F0F4FD1B
:10CB40000A200021002205F03FFA322005F0ECFD1A
:10CB50000B200021002205F037FA322005F0E4FD19
:10CB60000C200021002205F02FFA322005F0DCFD18
:10CB70000D200021002205F027FA322005F0D4FD17
:10CB80000E200021002205F01FFA322005F0CCFD16
:10CB90000F200021002205F017FA322005F0C4FD15
:10CBA00010200021002205F00FFA322005F0BCFD14
:10CBB00011200021002205F007FA322005F0B4FD13
:10CBC00012200021002205F0FFF9322005F0ACFD13
:10CBD00013200021002205F0F7F9322005F0A4FD12
:10CBE00014200021002205F0EFF9322005F09CFD11
:10CBF00015200021002205F0E7F9322005F094FD10
:10CC000016200021002205F0DFF9322005F08CFD0E
:10CC100017200021002205F0D7F9322005F084FD0D
:10CC200018200021002205F0CFF9322005F07CFD0C
:10CC300019200021002205F0C7F9322005F074FD0B
:10CC40001A200021002205F0BFF9322005F06CFD0A
:10CC50001B200021002205F0B7F9322005F064FD09
:10CC60001C200021002205F0AFF9322005F05CFD08
:10CC70001D200021002205F0A7F9322005F054FD07
:10CC80001E200021002205F09FF9322005F04CFD06
:10CC90001D200121002205F097F9322005F044FD06
:10CCA0001C200221002205F08FF9322005F03CFD06
:10CCB0001B200321002205F087F9322005F034FD06
:10CCC0001A200421002205F07FF9322005F02CFD06
:10CCD00019200521002205F077F9322005F024FD06
:10CCE00018200621002205F06FF9322005F01CFD06
:10CCF00017200721002205F067F9322005F014FD06
:10CD000016200821002205F05FF9322005F00CFD05
:10CD100015200921002205F057F9322005F004FD05
:10CD200014200A21002205F04FF9322005F0FCFC06
:10CD300013200B21002205F047F9322005F0F4FC06
:10CD400012200C21002205F03FF9322005F0ECFC06
:10CD500011200D21002205F037F9322005F0E4FC06
:10CD600010200E21002205F02FF9322005F0DCFC06
:10CD70000F200F21002205F027F9322005F0D4FC06
:10CD80000E201021002205F01FF9322005F0CCFC06
:10CD90000D201121002205F017F9322005F0C4FC06
:10CDA0000C201221002205F00FF9322005F0BCFC06
:10CDB0000B201321002205F007F9322005F0B4FC06
:10CDC0000A201421002205F0FFF8322005F0ACFC07
:10CDD00009201521002205F0F7F8322005F0A4FC07
:10CDE00008201621002205F0EFF8322005F09CFC07
:10CDF00007201721002205F0E7F8322005F094FC07
:10CE000006201821002205F0DFF8322005F08CFC06
:10CE100005201921002205F0D7F8322005F084FC06
:10CE200004201A21002205F0CFF8322005F07CFC06
:10CE300003201B21002205F0C7F8322005F074FC06
:10CE400002201C21002205F0BFF8322005F06CFC06
:10CE500001201D21002205F0B7F8322005F064FC06
:10CE600000201E21002205F0AFF8322005F05CFC06
:10CE700000201D21012205F0A7F8322005F054FC06
:10CE800000201C21022205F09FF8322005F04CFC06
:10CE900000201B21032205F097F8322005F044FC06
:10CEA00000201A21042205F08FF8322005F03CFC06
:10CEB00000201921052205F087F8322005F034FC06
:10CEC00000201821062205F07FF8322005F02CFC06
:10CED00000201721072205F077F8322005F024FC06
:10CEE00000201621082205F06FF8322005F01CFC06
:10CEF00000201521092205F067F8322005F014FC06
:10CF0000002014210A2205F05FF8322005F00CFC05
:10CF1000002013210B2205F057F8322005F004FC05
:10CF2000002012210C2205F04FF8322005F0FCFB06
:10CF3000002011210D2205F047F8322005F0F4FB06
:10CF4000002010210E2205F03FF8322005F0ECFB06
:10CF500000200F210F2205F037F8322005F0E4FB06
:10CF600000200E21102205F02FF8322005F0DCFB06
:10CF700000200D21112205F027F8322005F0D4FB06
:10CF800000200C21122205F01FF8322005F0CCFB06
:10CF900000200B21132205F017F8322005F0C4FB06
:10CFA00000200A21142205F00FF8322005F0BCFB06
:10CFB00000200921152205F007F8322005F0B4FB06
:10CFC00000200821162204F0FFFF322005F0ACFB00
:10CFD00000200721172204F0F7FF322005F0A4FB00
:10CFE00000200621182204F0EFFF322005F09CFB00
:10CFF00000200521192204F0E7FF322005F094FB00
:10D00000002004211A2204F0DFFF322005F08CFBFF
:10D01000002003211B2204F0D7FF322005F084FBFF
:10D02000002002211C2204F0CFFF322005F07CFBFF
:10D03000002001211D2204F0C7FF322005F074FBFF
:10D04000002000211E2204F0BFFF322005F06CFBFF
:10D05000002000211D2204F0B7FF322005F064FB00
:10D06000002000211C2204F0AFFF322005F05CFB01
:10D07000002000211B2204F0A7FF322005F054FB02
:10D08000002000211A2204F09FFF322005F04CFB03
:10D0900000200021192204F097FF322005F044FB04
:10D0A00000200021182204F08FFF322005F03CFB05
:10D0B00000200021172204F087FF322005F034FB06
:10D0C00000200021162204F07FFF322005F02CFB07
:10D0D00000200021152204F077FF322005F024FB08
:10D0E00000200021142204F06FFF322005F01CFB09
:10D0F00000200021132204F067FF322005F014FB0A
:10D1000000200021122204F05FFF322005F00CFB0A
:10D1100000200021112204F057FF322005F004FB0B
:10D1200000200021102204F04FFF322005F0FCFA0D
:10D13000002000210F2204F047FF322005F0F4FA0E
:10D14000002000210E2204F03FFF322005F0ECFA0F
:10D15000002000210D2204F037FF322005F0E4FA10
:10D16000002000210C2204F02FFF322005F0DCFA11
:10D17000002000210B2204F027FF322005F0D4FA12
:10D18000002000210A2204F01FFF322005F0CCFA13
:10D1900000200021092204F017FF322005F0C4FA14
:10D1A00000200021082204F00FFF322005F0BCFA15
:10D1B00000200021072204F007FF322005F0B4FA16
:10D1C00000200021062204F0FFFE322005F0ACFA18
:10D1D00000200021052204F0F7FE322005F0A4FA19
:10D1E00000200021042204F0EFFE322005F09CFA1A
:10D1F00000200021032204F0E7FE322005F094FA1B
:10D2000000200021022204F0DFFE322005F08CFA1B
:10D2100000200021012204F0D7FE322005F084FA1C
:10D220003EE400000000000010B5044605F048F997
:10D230004DF600201122C2F200402146FDF72CFFDE
:10D2400010B1C0B210BD00BF4DF690600121C2F216
:10D250000040006806F0ECFF01280DD14DF68C600F
:10D260000121C2F20040006806F0E2FF013818BF59
:10D270000320C0B210BD00BF0320C0B210BD00002B
:10D28000016840F26F32D1F814C08B6943F0080393
:10D290008B618B6943F010038B610B6823F00103F2
:10D2A0000B600B6923EA02020A618A6822F4404299
:10D2B0008A6090F88120042A18BF1CF0200209D04F
:10D2C000D0F8842042F08002C0F884208A6942F0BD
:10D2D00020028A6190F88120032A18BF1CF04002C6
:10D2E0000CD15FEA8C5216D45FEACC5220D40021D4
:10D2F000A0F86210A0F86A10704700BFD0F8842030
:10D3000042F00402C0F884208A6942F040028A6137
:10D310005FEA8C52E8D5D0F8842042F00102C0F8D0
:10D3200084208A6942F400728A615FEACC52DED5B9
:10D33000D0F8842042F00802C0F884208A6942F4C0
:10D3400080728A610021A0F86210A0F86A1070470C
:10D35000074B19680868B0E8F04F80F30988BFF3FD
:10D360006F8F4FF0000080F31188704700BF00BF3F
:10D37000B801002400000000F4F72EF84CF6EC543D
:10D380000021C2F2004440F2FF7220460027F4F769
:10D390004BFC40F26C350222C2F200452046291DAA
:10D3A000F5F7D2F9642005F0BFF946F6084040F2DF
:10D3B0000016C2F20040C2F2004640F218324CF6AB
:10D3C000D02190ED060AC2F20042B0EEC01A46F635
:10D3D0008830C2F20040C2F2004196ED062A4CF6B7
:10D3E000C4048B4686ED000A924692ED0C0AB4EE18
:10D3F000421AC2F20044F1EE10FA8069096BC6E9E4
:10D40000020186ED010A07DDF3F7EEFF96ED010A52
:10D410006761C4E903776760B0EEC00A96ED071A4A
:10D42000B4EE410AF1EE10FA06DDF3F7DDFF00205D
:10D43000E062C4E90900E06196ED020AB0EEC00ABC
:10D4400096ED081AB4EE410AF1EE10FA06DDF3F794
:10D45000CBFF00206064C4E90F00606396ED030A0F
:10D46000B0EEC00A96ED091AB4EE410AF1EE10FAD8
:10D4700006DDF3F7B9FF0020E065C4E91500E064BC
:10D48000F3F7D6FF4DF60C574DF6BC380128C2F223
:10D490000047C2F200481CD1F3F7B6FF3878B0FA63
:10D4A00080F100284FEA5110387012D1002100207D
:10D4B000C4F2F011C8F838100021C8F80000C4F216
:10D4C0003421C8F87010C8F8A800C8F8E000C8F8FF
:10D4D0001801B2EE068A9FED4C9A9FED4CAA4FF0D0
:10D4E000000900BFA88800EE100A0A20B8EE400A22
:10D4F00020EE090A80EE0A0A20EE080A85ED000AED
:10D5000005F012F946F6084096ED062AC2F20040F0
:10D51000DBF8301090ED060A46F68830B0EEC01AFF
:10D52000C2F2004086ED000A9AED0C0A86ED010A6F
:10D530008069B4EE421AF1EE10FAC6E9020109DD83
:10D54000F3F752FF96ED010AC4F81490C4E9039969
:10D55000C4F80490B0EEC00A96ED071AB4EE410A82
:10D56000F1EE10FA07DDF3F73FFFC4E90999C4F8BB
:10D570002C90C4F81C9096ED020AB0EEC00A96ED0D
:10D58000081AB4EE410AF1EE10FA07DDF3F72CFFAA
:10D59000C4E90F99C4F84490C4F8349096ED030A96
:10D5A000B0EEC00A96ED091AB4EE410AF1EE10FA97
:10D5B00007DDF3F719FFC4E91599C4F85C90C4F8C6
:10D5C0004C90F3F735FF01288CD1F3F71DFF387825
:10D5D000B0FA80F100284FEA511038707FF482AF22
:10D5E0000020C8F80090C4F2F010C8F838000020FD
:10D5F000C8F8A890C4F23420C8F87000C8F8E090C9
:10D60000C8F818916EE700BF3333534000FF7F47DF
:10D61000FEF7B6FD012005F087F8FBE700000000EB
:10D6200080B54FF0500080F31188BFF36F8FBFF3C8
:10D630004F8F07F019F830B14EF604504FF080517B
:10D64000CEF200000160002080F3118880BD000050
:10D6500070B59CB044F61804022000251195CDE960
:10D660000F55CDE90D55CDE90B550895C5F60204CA
:10D67000CDE90655CDE90455CDE902550195F9F7F7
:10D6800013FD0095206820F440402060206800F4DD
:10D690004040009000982068800409D420688004ED
:10D6A0005CBF20685FEA804002D420688004F2D525
:10D6B000232009904FF480300A9001200C900F90A5
:10D6C0001422CDE915200C20199009A840240D94AE
:10D6D0000221CDE9121114910325CDE9175100263D
:10D6E000CDE91A66FBF7D0F820B1EFF3108072B6DF
:10D6F000FEE700BF01A93F20CDE9046461C14FF4FA
:10D7000080600321CDE9070401A80694FAF7F4FD2F
:10D7100020B1EFF3108072B6FEE700BF00200021B9
:10D720004FF48022FBF75CF81CB070BD00000000D5
:10D730004EF6885042F2000CCEF20000C5F2002CEA
:10D74000026842F470020260DCF8000000F00F0092
:10D75000062806D8DCF80000072262F30300CCF8A4
:10D76000000044F200404EF67F51C5F60200CEF6AE
:10D77000F621026842F001020260002202610368A1
:10D7800019400160DCF80010090706D5DCF800102C
:10D79000072363F30301CCF8001040F200218261FB
:10D7A000C261C0F20221026281620021C0F2FF1157
:10D7B000C16240F28021C0F20111016342638163C2
:10D7C000C26301644264016821F480210160026641
:10D7D00044F20000C5F2002043F2D201016070471C
:10D7E0004DF64000C2F20040FBF726BF00000000EB
:10D7F00040F6FF32C4F200029042026810DCB0F141
:10D80000804F1ED040F20043C4F20003984218D06B
:10D8100040F60003C4F20003984212D015E000BFA6
:10D8200040F60043C4F2000398420AD040F200439D
:10D83000C4F20103984204D00023C4F201039842C9
:10D8400003D122F070024B681A434EF2FF3343F6C5
:10D85000FF7CC4F20003C4F2010C984214DD604561
:10D860002CDC4EF20043C4F20003984243D0002364
:10D87000C4F2010398423ED040F20043C4F20103D7
:10D88000984238D03BE000BF40F2FF73C4F200037F
:10D89000984227DD40F60003C4F2000398422AD0E4
:10D8A00040F60043C4F20003984224D04EF2000335
:10D8B000C4F2000398421ED021E000BF44F20003EE
:10D8C000C4F20103984216D044F60003C4F20103E7
:10D8D000984210D044F20043C4F2010398420AD0A7
:10D8E0000DE000BFB0F1804F05D040F20043C4F21C
:10D8F0000003984203D122F44072CB681A4310B55A
:10D9000022F08002D1F800E04C698B68224302606B
:10D91000C3626045C0F828E0BDE8104012DD44F263
:10D920000002C4F20102904217D044F60002C4F291
:10D930000102904211D044F20042C4F2010290422E
:10D940000BD00CE00022C4F20102904205D040F25C
:10D950000042C4F20102904201D109690163012130
:10D9600041610169C90708BF7047016921F00101E0
:10D9700001617047000000004DF62830C2F20040FF
:10D98000FCF73EBD00000000816A0A070CD4CA07FC
:10D9900015D18A071ED44A0727D4CA0630D48A066E
:10D9A00039D44A0642D454E00268D0F838C05368EB
:10D9B00023F4004343EA0C035360CA07E9D002682A
:10D9C000D0F82CC0536823F4003343EA0C035360AF
:10D9D0008A07E0D50268D0F830C0536823F480335A
:10D9E00043EA0C0353604A07D7D50268D0F834C025
:10D9F000536823F4802343EA0C035360CA06CED550
:10DA00000268D0F83CC0936823F4805343EA0C03C7
:10DA100093608A06C5D50268D0F840C0936823F4A5
:10DA2000005343EA0C0393604A0612D50268D0F80B
:10DA300044C0BCF5801F536823F4801343EA0C03F1
:10DA4000536006D1536823F4C00C836C43EA0C0383
:10DA50005360090658BF70470168C06C4A6822F4D9
:10DA60000022104348607047B0B582B004460020E1
:10DA7000C4F89000F7F7D0FC216805460A68120741
:10DA800037D54FF4001100226FF07E400090204601
:10DA90002B4601F00DFC58B3206850E8000F2168B8
:10DAA00020F0800041E80002F2B1206850E8000F49
:10DAB000216820F0800041E80002002A1FBF206892
:10DAC00050E8000F216820F080001CBF41E80002F0
:10DAD000002A09D0206850E8000F216820F080005B
:10DAE00041E80002002AD7D12020C4F8880062E073
:10DAF00021680868400765D54FF4800100226FF067
:10DB00007E40009020462B4601F0D2FB002859D0E1
:10DB1000206850E8000F216820F4907041E800026E
:10DB2000F2B1206850E8000F216820F4907041E8BD
:10DB30000002002A1FBF206850E8000F216820F46F
:10DB400090701CBF41E80002002A09D0206850E80C
:10DB5000000F216820F4907041E80002002AD7D11C
:10DB6000206850E8020F216820F0010041E802021D
:10DB7000F2B1206850E8020F216820F0010041E86E
:10DB80000202002A1FBF206850E8020F216820F01F
:10DB900001001CBF41E80202002A09D0206850E8B9
:10DBA000020F216820F0010041E80202002AD7D1CB
:10DBB0002020C4F88C000320002184F8841002B0D7
:10DBC000B0BD00BF2020C4F88800C4F88C0000203D
:10DBD000E0662067002184F8841002B0B0BD000028
:10DBE000806B0021A0F85E10A0F85610FCF7E8BB8F
:10DBF000806B0268D0F88830D0F88CC09168090634
:10DC000058D5212B56D10021A0F85610016851E8B3
:10DC1000001F026821F0C00142E80013F3B101685F
:10DC200051E8001F026821F0C00142E80013002BF8
:10DC30001FBF016851E8001F026821F0C0011CBF2E
:10DC400042E80013002B09D0016851E8001F026868
:10DC500021F0C00142E80013002BD7D1016851E840
:10DC6000021F026821F4000142E80213F3B10168C7
:10DC700051E8021F026821F4000142E80213002B60
:10DC80001FBF016851E8021F026821F400011CBF98
:10DC900042E80213002B09D0016851E8021F026814
:10DCA00021F4000142E80213002BD7D12021C0F853
:10DCB000881002689168490640F18C80BCF1220FFF
:10DCC00040F088800021A0F85E10016851E8001F34
:10DCD000026821F4907142E80013F3B1016851E841
:10DCE000001F026821F4907142E80013002B1FBF4F
:10DCF000016851E8001F026821F490711CBF42E8DE
:10DD00000013002B09D0016851E8001F026821F4BC
:10DD1000907142E80013002BD7D14FF6FE7CCEF66F
:10DD2000FF7C026852E8022F036802EA0C0243E813
:10DD30000221F1B1016851E8021F026801EA0C01F9
:10DD400042E80213002B1FBF016851E8021F02685E
:10DD500001EA0C011CBF42E80213002B09D0016844
:10DD600051E8021F026801EA0C0142E80213002B8D
:10DD7000D7D1C16E012927D1016851E8001F02687F
:10DD800021F0100142E80013F3B1016851E8001FCF
:10DD9000026821F0100142E80013002B1FBF016848
:10DDA00051E8001F026821F010011CBF42E8001377
:10DDB000002B09D0016851E8001F026821F0100112
:10DDC00042E80013002BD7D12021C0F88C1000218D
:10DDD000C1664167D0F8901041F01001C0F8901072
:10DDE000FCF7EEBA00000000C169806BB1F5807FDE
:10DDF00000F0AA800021A0F85E10016851E8001F21
:10DE0000026821F4807142E80013FBB1016851E817
:10DE1000001F026821F4807142E80013002B1FBF2D
:10DE2000016851E8001F026821F480711CBF42E8BC
:10DE30000013002B0AD0016851E8001F026821F48A
:10DE4000807142E80013002BD7D100BF016851E870
:10DE5000021F026821F0010142E80213F3B10168D8
:10DE600051E8021F026821F0010142E80213002B71
:10DE70001FBF016851E8021F026821F001011CBFA9
:10DE800042E80213002B09D0016851E8021F026822
:10DE900021F0010142E80213002BD7D1016851E8BB
:10DEA000021F026821F0400142E80213F3B1016849
:10DEB00051E8021F026821F0400142E80213002BE2
:10DEC0001FBF016851E8021F026821F040011CBF1A
:10DED00042E80213002B09D0016851E8021F0268D2
:10DEE00021F0400142E80213002BD7D12021C0F8D5
:10DEF0008C10C16E012927D1016851E8001F02680A
:10DF000021F0100142E80013F3B1016851E8001F4D
:10DF1000026821F0100142E80013002B1FBF0168C6
:10DF200051E8001F026821F010011CBF42E80013F5
:10DF3000002B09D0016851E8001F026821F0100190
:10DF400042E80013002BD7D100210167C16E0129DF
:10DF500004D1B0F85C10FCF733B800BFFDF730B85F
:10DF6000806B01210167C16E012905D1B0F85C10F9
:10DF70004908FCF725B800BFFDF78AB8000000008B
:10DF8000C169806BB1F5807F02D1FDF7F1B800BFA8
:10DF90000021A0F85610016851E8021F026821F024
:10DFA000800142E80213FBB1016851E8021F0268D8
:10DFB00021F0800142E80213002B1FBF016851E8E5
:10DFC000021F026821F080011CBF42E80213002BEF
:10DFD0000AD0016851E8021F026821F0800142E87E
:10DFE0000213002BD7D100BF016851E8001F02685F
:10DFF00041F0400142E80013F3B1016851E8001F0D
:10E00000026841F0400142E80013002B1FBF016885
:10E0100051E8001F026841F040011CBF42E80013B4
:10E02000002B09D0016851E8001F026841F040014F
:10E0300042E80013002BD7D1704700000000000019
:10E04000806BFDF7A5B80000B0F860200168D0F83B
:10E050008C30222B40F0A880496A836D114023F850
:10E06000021B8365B0F85E100139A0F85E10B0F8AD
:10E070005E10002918BF7047016851E8001F026850
:10E0800021F4907142E80013F3B1016851E8001FD8
:10E09000026821F4907142E80013002B1FBF016851
:10E0A00051E8001F026821F490711CBF42E8001380
:10E0B000002B09D0016851E8001F026821F490711B
:10E0C00042E80013002BD7D1016851E8021F026813
:10E0D00021F0010142E80213F3B1016851E8021F87
:10E0E000026821F0010142E80213002B1FBF016802
:10E0F00051E8021F026821F001011CBF42E802132F
:10E10000002B09D0016851E8021F026821F00101CB
:10E1100042E80213002BD7D12021C0F88C10002137
:10E120004167016740F600420168C5F6000291426E
:10E1300002D0496809023DD4C16E012964D1002191
:10E14000C166016851E8001F026821F0100142E831
:10E150000013F3B1016851E8001F026821F01001BB
:10E1600042E80013002B1FBF016851E8001F02683E
:10E1700021F010011CBF42E80013002B09D00168F8
:10E1800051E8001F026821F0100142E80013002B43
:10E19000D7D10168CA69D20601D510220A62B0F847
:10E1A0005C10FBF70DBF00BF886940F00800886174
:10E1B000704700BF016851E8001F026821F08061CC
:10E1C00042E80013002BB7D0016851E8001F026835
:10E1D00021F0806142E80013002B1FBF016851E865
:10E1E000001F026821F080611CBF42E80013002B71
:10E1F000A2D0016851E8001F026821F0806142E866
:10E200000013002BD6D197E7FCF7DABE0000000020
:10E210002DE9F04F81B004460368B0F86050DA6928
:10E2200018689968D4F88C70222F65D1B4F86830DA
:10E23000002B18BF12F0200266D1B4F85E0000284F
:10E240005ED0B4F8681088425AD2206850E8020FB5
:10E25000216820F0805041E80202F2B1206850E8C5
:10E26000020F216820F0805041E80202002A1FBFFF
:10E27000206850E8020F216820F080501CBF41E860
:10E280000202002A09D0206850E8020F216820F01D
:10E29000805041E80202002AD7D14EF24900C0F670
:10E2A00000006067206850E8000F216840F02000FF
:10E2B00041E8000222B3206850E8000F216840F0D6
:10E2C000200041E80002002A1FBF206850E8000F2C
:10E2D000216840F020001CBF41E80002002A0FD056
:10E2E000206850E8000F216840F0200041E800025B
:10E2F000002AD7D104E000BF986940F00800986177
:10E3000001B0BDE8F08F00BF4FF6FE7640F6004941
:10E31000CEF6FF760027C5F6000900F4807B01F0F9
:10E32000010A07E02046FCF74BFE00BF5FEA886069
:10E330007FF583AF2068A16D426A2A4021F8022B45
:10E34000A165B4F85E100139A4F85E10D0F81C8005
:10E350005FEA487135D05FEAC87218BFBBF1000FA1
:10E3600004D15FEA88720CD416E000BF0122026279
:10E37000D4F8902042F00102C4F890205FEA88723D
:10E380000AD5BAF1000F07D002220262D4F8902019
:10E3900042F00402C4F8902000290AD5BAF1000F17
:10E3A00007D004210162D4F8900040F00200C4F8C4
:10E3B0009000D4F8900020B12046FCF701F8C4F892
:10E3C0009070B4F85E000028B0D1206850E8000FCB
:10E3D000216820F4807041E80002FAB1206850E81A
:10E3E000000F216820F4807041E80002002A1FBF5E
:10E3F000206850E8000F216820F480701CBF41E8BD
:10E400000002002A0AD0206850E8000F216820F49A
:10E41000807041E80002002AD7D100BF206850E890
:10E42000020F2168304041E80202DAB1206850E86A
:10E43000020F2168304041E80202002A1FBF206815
:10E4400050E8020F216830401CBF41E80202002A58
:10E4500008D0206850E8020F2168304041E80202ED
:10E46000002ADBD12020C4F88C006767276720686A
:10E47000484502D04068000238D4E06E01287FF49D
:10E4800051AFE766206850E8000F216820F01000C7
:10E4900041E80002F2B1206850E8000F216820F046
:10E4A000100041E80002002A1FBF206850E8000F5A
:10E4B000216820F010001CBF41E80002002A09D0AA
:10E4C000206850E8000F216820F0100041E80002A9
:10E4D000002AD7D12068C169C90601D5102101627F
:10E4E000B4F85C102046FBF76BFD1FE7206850E88E
:10E4F000000F216820F0806041E80002002ABCD0B3
:10E50000206850E8000F216820F0806041E8000298
:10E51000002A1FBF206850E8000F216820F08060AB
:10E520001CBF41E80002002AA7D0206850E8000F75
:10E53000216820F0806041E80002002AD6D19CE7E3
:10E54000B0F860100268D0F88C30222B40F0AA801E
:10E55000526A836D11401970816D01318165B0F887
:10E560005E100139A0F85E10B0F85E10002918BFE7
:10E570007047016851E8001F026821F4907142E879
:10E580000013FBB1016851E8001F026821F490718B
:10E5900042E80013002B1FBF016851E8001F02680A
:10E5A00021F490711CBF42E80013002B0AD00168CF
:10E5B00051E8001F026821F4907142E80013002B1B
:10E5C000D7D100BF016851E8021F026821F00101A4
:10E5D00042E80213F3B1016851E8021F026821F01A
:10E5E000010142E80213002B1FBF016851E8021F1E
:10E5F000026821F001011CBF42E80213002B09D080
:10E60000016851E8021F026821F0010142E802138B
:10E61000002BD7D12021C0F88C1000214167016761
:10E6200040F600420168C5F60002914202D04968F6
:10E6300009023DD4C16E012964D10021C16601687F
:10E6400051E8001F026821F0100142E80013F3B105
:10E65000016851E8001F026821F0100142E8001330
:10E66000002B1FBF016851E8001F026821F0100154
:10E670001CBF42E80013002B09D0016851E8001FBD
:10E68000026821F0100142E80013002BD7D1016885
:10E69000CA69D20601D510220A62B0F85C10FBF7F5
:10E6A0008FBC00BF906940F008009061704700BFC8
:10E6B000016851E8001F026821F0806142E8001300
:10E6C000002BB7D0016851E8001F026821F080617B
:10E6D00042E80013002B1FBF016851E8001F0268C9
:10E6E00021F080611CBF42E80013002BA2D001681A
:10E6F00051E8001F026821F0806142E80013002BFE
:10E70000D6D197E7FCF75CBC2DE9F04F81B0044609
:10E710000368B0F86050DA6918689968D4F88C70AA
:10E72000222F65D1B4F86830002B18BF12F02002F8
:10E7300066D1B4F85E0000285ED0B4F86810884254
:10E740005AD2206850E8020F216820F0805041E83A
:10E750000202F2B1206850E8020F216820F08050D8
:10E7600041E80202002A1FBF206850E8020F21681A
:10E7700020F080501CBF41E80202002A09D0206826
:10E7800050E8020F216820F0805041E80202002A80
:10E79000D7D14EF24150C0F600006067206850E8C3
:10E7A000000F216840F0200041E8000222B32068F9
:10E7B00050E8000F216840F0200041E80002002AE4
:10E7C0001FBF206850E8000F216840F020001CBFE8
:10E7D00041E80002002A0FD0206850E8000F2168AD
:10E7E00040F0200041E80002002AD7D104E000BF39
:10E7F000986940F00800986101B0BDE8F08F00BF53
:10E800004FF6FE7640F60049CEF6FF760027C5F6B5
:10E81000000900F4807B01F0010A07E02046FCF7C4
:10E82000CFFB00BF5FEA88607FF583AF2068A16DF2
:10E83000406A28400870A06D0130A0652068B4F8D7
:10E840005E100139A4F85E10D0F81C805FEA4871B0
:10E8500035D05FEAC87218BFBBF1000F04D15FEA80
:10E8600088720CD416E000BF01220262D4F8902016
:10E8700042F00102C4F890205FEA88720AD5BAF12A
:10E88000000F07D002220262D4F8902042F0040266
:10E89000C4F8902000290AD5BAF1000F07D004214E
:10E8A0000162D4F8900040F00200C4F89000D4F85F
:10E8B000900020B12046FBF783FDC4F89070B4F8B7
:10E8C0005E000028AED1206850E8000F216820F4D7
:10E8D000807041E80002FAB1206850E8000F21681A
:10E8E00020F4807041E80002002A1FBF206850E831
:10E8F000000F216820F480701CBF41E80002002A4C
:10E900000AD0206850E8000F216820F4807041E8A8
:10E910000002002AD7D100BF206850E8020F21680A
:10E92000304041E80202DAB1206850E8020F216865
:10E93000304041E80202002A1FBF206850E8020F61
:10E94000216830401CBF41E80202002A08D020683C
:10E9500050E8020F2168304041E80202002ADBD172
:10E960002020C4F88C00676727672068484502D0DC
:10E970004068000238D4E06E01287FF44FAFE766AC
:10E98000206850E8000F216820F0100041E80002E4
:10E99000F2B1206850E8000F216820F0100041E833
:10E9A0000002002A1FBF206850E8000F216820F0F5
:10E9B00010001CBF41E80002002A09D0206850E87E
:10E9C000000F216820F0100041E80002002AD7D192
:10E9D0002068C169C90601D510210162B4F85C1034
:10E9E0002046FBF7EDFA1DE7206850E8000F21688C
:10E9F00020F0806041E80002002ABCD0206850E886
:10EA0000000F216820F0806041E80002002A1FBF4B
:10EA1000206850E8000F216820F080601CBF41E8AA
:10EA20000002002AA7D0206850E8000F216820F0DB
:10EA3000806041E80002002AD6D19CE70000000077
:10EA4000F0B583B00446006846F6F31640F6004E73
:10EA500022696569D4E902130A43E7690168CCF6C3
:10EA6000FF762A4331401143C5F6000E3943016059
:10EA70004168704521F4405144F2544C41EA03018D
:10EA80004160A2694FF2FF431CBF216A0A438168BB
:10EA9000C1F2FF131940C5F6020C1143816047F61D
:10EAA000FF32C16AC4F2000221F00F01656A904290
:10EAB0004FF0800341EA0501C16219DD41F2FF71A7
:10EAC000C4F20101884229DC47F60041C4F200018A
:10EAD000884253D041F20001C4F20101884235D08E
:10EAE00041F20041C4F2010188422FD052E000BF40
:10EAF00044F6FF31C4F20001884233DD44F60041A0
:10EB0000C4F20001884239D045F20001C4F200018C
:10EB1000884233D047F600012CE000BF41F60001E7
:10EB2000C4F20101884211D041F60041C4F2010152
:10EB300088420BD070452DD1DCF8041001F007029B
:10EB4000062A27D20FF28C3122E000BFDCF8001039
:10EB5000C1F3C202062A1DD245F23241C0F60101BC
:10EB600016E000BF44F20041C4F20001884205D023
:10EB700044F60001C4F2000188420BD1DCF8001019
:10EB800001F00702062A05D245F22C41C0F6010128
:10EB90008B181B78704540F60010C0F23D0000F065
:10EBA0005380B7F5004F40F07B80402B4FF00101C0
:10EBB00000F28781DFE813F042000C018501850136
:10EBC00010018501850185011601850185018501F9
:10EBD00085018501850185011E018501850185016C
:10EBE00085018501850185018501850185018501F5
:10EBF00085018501850185012E018501850185013C
:10EC000085018501850185018501850185018501D4
:10EC100085018501850185018501850185018501C4
:10EC200085018501850185018501850185018501B4
:10EC300085018501850185012C0100BFF9F7E4FC00
:10EC4000002840F0D58038E19A1E01211E2A00F2EA
:10EC50007580DFE812F01F003601790036013601B9
:10EC600036017F00360136013601360136013601A4
:10EC7000360189003601360136013601360136018A
:10EC800036013601360136013601360136013601CC
:10EC900036019600F8F73CFA002840F062800CE15B
:10ECA000402B4FF0010100F20C81DFE813F041002E
:10ECB000CF000A010A01D3000A010A010A01D900A2
:10ECC0000A010A010A010A010A010A010A01E10016
:10ECD0000A010A010A010A010A010A010A010A01DC
:10ECE0000A010A010A010A010A010A010A01F100E6
:10ECF0000A010A010A010A010A010A010A010A01BC
:10ED00000A010A010A010A010A010A010A010A01AB
:10ED10000A010A010A010A010A010A010A010A019B
:10ED20000A010A010A010A010A010A010A01EF00A7
:10ED3000F9F76AFC002840F09880BEE0402B40F0D4
:10ED4000C0804FF400401CE06846F8F791FA019843
:10ED500038B9B2E06846F8F723FB0198002800F0C4
:10ED6000AC80656A0DE000BF5CF8540C800649F287
:10ED70000000C0F2D03004D55CF8541CC1F3C101CE
:10ED8000C84045F248416268C0F6010131F81510EB
:10ED9000B0FBF1F002EB420188424FF00101C0F0FC
:10EDA00090801303984200F28C80010E0023000231
:10EDB00010EB520041F10001F1F73EFB4FF600521B
:10EDC000A0F54071C0F20F02914274D378E000BF09
:10EDD000F9F74AFC60B970E06846F8F749FA01981B
:10EDE00030B96AE06846F8F7DBFA0198002864D089
:10EDF000656A0FE05CF8540C800649F20000C0F22E
:10EE0000D03007D55CF8541CC1F3C101C84001E003
:10EE10004FF4004045F24841C0F6010131F81510A9
:10EE2000B0FBF1F061684A0802EB40004FF6EF7268
:10EE3000B0FBF1F0A0F11001914241D84FF6F07112
:10EE40000140C0F34200084435E000BFF9F70CFC74
:10EE500058B932E06846F8F70BFA019828B92CE067
:10EE60006846F8F79DFA019838B3656A10E000BF6C
:10EE70005CF8540C800649F20000C0F2D03007D58F
:10EE80005CF8541CC1F3C101C84001E04FF40040DC
:10EE900045F248416268C0F6010131F81510B0FB37
:10EEA000F1F000EB5200B0FBF2F0A0F110014FF6D0
:10EEB000EF72914204D82168C860002101E000BFD0
:10EEC00001214FF00110A0660020C4E91D00084692
:10EED00003B0F0BD02040810204000000000000054
:10EEE00010B504468C4681650021A0F85C20C0F86E
:10EEF00090102220C4F88C00D4F88000F0B11346A2
:10EF00004DF6E95E4DF66172C0F6000EC0F60002E5
:10EF1000C0E90FE24DF6F132C0F60002C0E913215C
:10EF2000216862462431F4F7DBFF38B11020C4F8C1
:10EF300090002020C4F88C00012010BD206938B357
:10EF4000206850E8000F216840F4807041E800021A
:10EF5000F2B1206850E8000F216840F4807041E869
:10EF60000002002A1FBF206850E8000F216840F40B
:10EF700080701CBF41E80002002A09D0206850E8D8
:10EF8000000F216840F4807041E80002002AD7D1C8
:10EF9000206850E8020F216840F0010041E80202B9
:10EFA000F2B1206850E8020F216840F0010041E80A
:10EFB0000202002A1FBF206850E8020F216840F0BB
:10EFC00001001CBF41E80202002A09D0206850E875
:10EFD000020F216840F0010041E80202002AD7D167
:10EFE000206850E8020F216840F0400041E802022A
:10EFF000F2B1206850E8020F216840F0400041E87B
:10F000000202002A1FBF206850E8020F216840F06A
:10F0100040001CBF41E80202002A09D0206850E8E5
:10F02000020F216840F0400041E80202002AD7D1D7
:10F03000002010BD0000000081650023A0F85C20C6
:10F04000A0F85E208168436751B1B1F1805F0BD0B9
:10F05000B1F5805F0CD1016921B940F2FF110AE0DE
:10F06000016939B9FF2106E0016919B13F2102E0C8
:10F07000002100E07F21A0F860100021C0F890106E
:10F080002221C0F88C10016851E8021FD0F800C09E
:10F0900041F001014CE802130BB3016851E8021F73
:10F0A000D0F800C041F001014CE80213002B1FBF53
:10F0B000016851E8021FD0F800C041F001011CBFF7
:10F0C0004CE80213002B0AD0016851E8021FD0F867
:10F0D00000C041F001014CE80213002BD3D1416E76
:10F0E000B1F1005F03D1B0F86810914240D9816856
:10F0F000B1F5805F016907D1002947D04EF2415137
:10F10000C0F60001416706E04EF241520029C0F608
:10F11000000242673FD0016851E8001F026841F4D5
:10F12000907142E80013002B00F0BE80016851E8A6
:10F13000001F026841F4907142E80013002B1FBFCA
:10F14000016851E8001F026841F490711CBF42E859
:10F150000013002B00F0A880016851E8001F02682E
:10F1600041F4907142E80013002BD4D19CE000BF21
:10F170008168B1F5805F016938D1002966D04EF20F
:10F180000971C0F60001416736E000BF4EF2490147
:10F19000C0F600014167016851E8001F026841F0B4
:10F1A000200142E80013002B7ED0016851E8001FC7
:10F1B000026841F0200142E80013002B1FBF0168E4
:10F1C00051E8001F026841F020011CBF42E8001313
:10F1D000002B69D0016851E8001F026841F020014E
:10F1E00042E80013002BD6D15EE000BF4EF2097258
:10F1F000C0F60002426779B3016851E8001F026857
:10F2000041F4807142E8001333B3016851E8001FF4
:10F21000026841F4807142E80013002B1FBF0168AF
:10F2200051E8001F026841F480711CBF42E80013DE
:10F23000002B11D0016851E8001F026841F4807171
:10F2400042E80013002BD7D106E000BF4EF2112197
:10F25000C0F60001416700BF016851E8021F026863
:10F2600041F0805142E80213F3B1016851E8021FF6
:10F27000026841F0805142E80213002B1FBF016871
:10F2800051E8021F026841F080511CBF42E802139E
:10F29000002B09D0016851E8021F026841F080513B
:10F2A00042E80213002BD7D1002070470000000075
:10F2B0002DE9F041804600680D46C7693940491B79
:10F2C000B1FA81F14909914225D1069C34B3164621
:10F2D000611C29D1C1692940491BB1FA81F1490951
:10F2E000B14218D1C1692940491BB1FA81F14909DC
:10F2F000B14201BFC1692940491BB1FA81F104BF84
:10F300004909B14207D1C1692940491BB1FA81F1CC
:10F310004909B142DED00020BDE8F081F6F77CF863
:10F320000320BDE8F08100BF1F4607E0C069284008
:10F33000401BB0FA80F04009B042ECD1F6F76CF80F
:10F34000C01BA04200F2B680D8F80000016849074F
:10F35000ECD5402D18BF802DE8D0C169090700F118
:10F36000AD80C1690905E1D54FF400610162D8F8AB
:10F37000000050E8000FD8F8001020F4907041E829
:10F38000000222B3D8F8000050E8000FD8F80010AF
:10F3900020F4907041E80002002A1FBFD8F8000056
:10F3A00050E8000FD8F8001020F490701CBF41E81E
:10F3B0000002002A0BD0D8F8000050E8000FD8F85F
:10F3C000001020F4907041E80002002ACFD14FF6DF
:10F3D000FE70CEF6FF70D8F8001051E8021FD8F882
:10F3E0000020014042E802130BB3D8F8001051E8A6
:10F3F000021FD8F80020014042E80213002B1FBF73
:10F40000D8F8001051E8021FD8F8002001401CBFB6
:10F4100042E80213002B0AD0D8F8001051E8021F6E
:10F42000D8F80020014042E80213002BD3D1D8F8CD
:10F430006C0001282FD1D8F8000050E8000FD8F850
:10F44000001020F0100041E8000222B3D8F80000BC
:10F4500050E8000FD8F8001020F0100041E800023A
:10F46000002A1FBFD8F8000050E8000FD8F800109D
:10F4700020F010001CBF41E80002002A0BD0D8F891
:10F48000000050E8000FD8F8001020F0100041E80C
:10F490000002002ACFD12020C8F88C000021C8F833
:10F4A0006C10C8F87410C8F89000032088F8841015
:10F4B000BDE8F0810320BDE8F08100BF08210162B2
:10F4C000D8F8000050E8000FD8F8001020F4907031
:10F4D00041E8000222B3D8F8000050E8000FD8F845
:10F4E000001020F4907041E80002002A1FBFD8F8F5
:10F4F000000050E8000FD8F8001020F490701CBFF6
:10F5000041E80002002A0BD0D8F8000050E8000FB4
:10F51000D8F8001020F4907041E80002002ACFD102
:10F520004FF6FE70CEF6FF70D8F8001051E8021FBB
:10F53000D8F80020014042E802130BB3D8F80010BD
:10F5400051E8021FD8F80020014042E80213002BC6
:10F550001FBFD8F8001051E8021FD8F80020014062
:10F560001CBF42E80213002B0AD0D8F8001051E863
:10F57000021FD8F80020014042E80213002BD3D12B
:10F58000D8F86C0001282FD1D8F8000050E8000FFF
:10F59000D8F8001020F0100041E8000222B3D8F89B
:10F5A000000050E8000FD8F8001020F0100041E8EB
:10F5B0000002002A1FBFD8F8000050E8000FD8F85A
:10F5C000001020F010001CBF41E80002002A0BD000
:10F5D000D8F8000050E8000FD8F8001020F0100014
:10F5E00041E80002002ACFD12020C8F88C0000207A
:10F5F000C8F86C00C8F874000821C8F8901088F8A2
:10F6000084000120BDE8F0814DF66C10C2F200408C
:10F61000FAF7F6BE000000004DF6D800C2F2004036
:10F62000FAF7EEBE000000004DF60020C2F20040E6
:10F63000FAF7E6BE000000004DF69420C2F200404A
:10F64000FAF7DEBE0000000070B5D0F8D42200EB5F
:10F650008203D3F8C0222AB301F00F0E8C460EEBC2
:10F660008E0100EB810151F8184F5CB1D0F8C862EF
:10F670000EEBCE0506EB8506F669B4FBF6F505FB49
:10F6800016468EB10024C2F81442D3F8C4020369AE
:10F6900033B1D2F8080202F504716246984700249B
:10F6A000204670BD032070BD00240C6000220023A2
:10F6B000614600F0D5FE204670BD0000000000004D
:10F6C000B0B50446D0F8D40204EB8000D0F8C052A4
:10F6D00095B1204600F048FDD4F8D412C5F80C02CC
:10F6E000D5F8040204EB8101D1F8C42205F50371B9
:10F6F000D26890470020B0BD0320B0BD00000000DC
:10F7000070B58121044600F06BFC012120460025E4
:10F71000258700F065FC82212046A4F8785100F08E
:10F720005FFCD4F8D402E56404EB8000D0F8C0128A
:10F7300089B1D0F8C40240688047D4F8D40204F5F7
:10F74000307656F8200001F083F9D4F8D40246F858
:10F750002050C4F8BC52002070BD00000000000022
:10F7600010B5D0F8D41200EB8100D0F8C0428CB1B3
:10F77000D0F8C41259B194F80002FF2807D094F8C9
:10F7800001228B6821469847FF2084F80002002060
:10F7900010BD00BF032010BD40F2AC010A22C2F22E
:10F7A0000041028008467047F0B581B040F268071A
:10F7B0000446C2F200478221384600F005FA0646A8
:10F7C0000121384600F000FA05468121384600F054
:10F7D000FBF9002E1CBF1021B171002D1CBF402170
:10F7E000A98000281CBF4021818040F2680043218D
:10F7F000C2F20040218001B0F0BD00000000000016
:10F80000F0B581B040F268070446C2F20047822199
:10F81000384600F0D9F906460121384600F0D4F9FF
:10F8200005468121384600F0CFF9002E1CBF10217B
:10F83000B171002D1CBF4FF40071A98000281CBFBE
:10F840004FF40071818040F268004321C2F2004011
:10F85000218001B0F0BD0000F0B581B040F2680732
:10F860000446C2F200478221384600F0ADF9064650
:10F870000121384600F0A8F905468121384600F0FC
:10F88000A3F9002E1CBF1021B171002D1CBF402117
:10F89000A98000281CBF4021818040F268004321DC
:10F8A000C2F20040218001B0F0BD00000000000065
:10F8B0002DE9F04104464FF4077001F0CDF800281F
:10F8C0004AD04FF407710546F0F7E3FED4F8D402AE
:10F8D000217C4027022204EB800000294FF08101A7
:10F8E0004FF00206C0F8C0522046C4F8BC5208BF10
:10F8F0004FF400773B4600F0BBFC0121022220467A
:10F900003B464FF00108A4F8388000F0B1FC10200D
:10F91000A4F84E008221032208232046A4F878810F
:10F9200000F0A6FCD4F8D4020027C5F8047204EB5A
:10F930008000A4F84C80D0F8C40200688047C5F865
:10F940001472C5F81872D5F80422AAB1207C0121DE
:10F9500060B140230CE000BFD4F8D402002104EBD6
:10F960008000C0F8C0120220BDE8F0814FF400739F
:10F97000204600F091FC00263046BDE8F0810000F2
:10F98000D0F8D41200EB8101D1F8C01271B180B56A
:10F99000027C4023002AD1F804224FF0010108BF65
:10F9A0004FF4007300F078FC002080BD0320704706
:10F9B00041B1D0F8D42200EB8200C0F8C41200207C
:10F9C000704700BF03207047D0F8D42200EB8200BC
:10F9D000D0F8C00220B1C0F804120020704700BF68
:10F9E0000320704700000000D0F8D43200EB830001
:10F9F000D0F8C00230B1C0F80812C0F810220020C0
:10FA0000704700BF0320704770B582B00446D0F83D
:10FA1000D40200228DF8072004EB8000ADF804200A
:10FA2000D0F8C062002E63D00D46097811F0600254
:10FA300018D0202A58D1EA88002A29D049B2B1F139
:10FA4000FF3F31DD6878402A86F80002204628BF53
:10FA50004022314686F8012200F07EF8002630462A
:10FA600002B070BD68780B283ED80026DFE800F0B1
:10FA700008063C3C3C3C3C3C3C3C2A38EFE700BFA1
:10FA800094F89C0203282FD101A9022221E000BF93
:10FA9000D0F8C4126878002200268B68294698475F
:10FAA000304602B070BD00BFD0F8C41268788B68D1
:10FAB00031469847EA8820463146072A28BF072260
:10FAC00008E000BF94F89C0203280DD10DF1070156
:10FAD0000122204600F05CF80026304602B070BDDE
:10FAE00094F89C020328BAD02046294600F028F852
:10FAF0000326304602B070BD80B5D0F8B8225268F7
:10FB00009047002818BF032080BD000000000000BF
:10FB10000020704700000000002070470000000037
:10FB200080B513460A46002100F0B6FB002080BDD8
:10FB300080B513460A46002100F092FC002080BDEB
:10FB400010B58021044600F053FC00212046BDE89A
:10FB5000104000F04DBC000080B50323C0F8943283
:10FB60001346C0F858210A460021C0F85C3100F065
:10FB700093FB002080BD000080B50521C0F89412E1
:10FB800000210022002300F087FB002080BD000040
:10FB900080B50223C0F89432134682610A460021E0
:10FBA000C36100F05DFC002080BD0000000000008B
:10FBB00080B50421C0F8941200210022002300F037
:10FBC0004FFC002080BD0000B0F802C003789C45C7
:10FBD00038D980B504E000BF73449AB2624533D28D
:10FBE00090F800E070444278052A02D182788A4277
:10FBF0002BD073449AB2624526D290F800E070444C
:10FC00004278052A02D182788A421ED073449AB281
:10FC1000624519D290F800E070444278052A02D17A
:10FC200082788A4211D073449AB262450CD290F81D
:10FC300000E070444278052ACED182788A42CBD146
:10FC400003E000BF00207047002080BD00000000DE
:10FC5000002808BF704710B503783BB300F1020ECF
:10FC6000F4461CF8013C6BB19CF80030002B1CBF23
:10FC70009CF80130002B05D09CF802300CF1040CEC
:10FC8000002BEED14FF0000C1EF8013C93B19EF812
:10FC900000309BB19EF80130A3B19EF802300CF108
:10FCA000040C0EF1040E002BEED10DE04FF0000C11
:10FCB0000AE000BF4CF0010C06E000BF4CF0020C63
:10FCC00002E000BF4CF0030C5FFA8CFC022303EB54
:10FCD0004C0313800B7003224A7090F800E0BEF1D1
:10FCE000000F30D0023002224FF0000CD3B243F0AC
:10FCF000010401F803E001F804C010F8013C13B35B
:10FD0000941CE4B244F0010E0B5501F80EC00378C8
:10FD1000002B1FBF141DE4B244F0010E0B551EBF93
:10FD200001F80EC04378002B0DD0941D0832E4B2C8
:10FD300044F0010E0B5501F80EC090F802E00430BB
:10FD4000BEF1000FD2D1BDE81040704700000000A6
:10FD500010B54BF2A4440A46C2F2004402A0214668
:10FD6000FFF776FF204610BD43444320436F6E6685
:10FD7000696700000000000040F2B8001222C2F2E1
:10FD800000400A807047000010B54BF2A4440A46B8
:10FD9000C2F2004402A02146FFF75AFF204610BDE0
:10FDA00043444320496E74657266616365000000D8
:10FDB00040F2E0000422C2F200400A8070470000D6
:10FDC00010B54BF2A4440A46C2F2004402A02146F8
:10FDD000FFF73EFF204610BD53544D6963726F65B7
:10FDE0006C656374726F6E696373000000000000DD
:10FDF00010B54BF2A4440A46C2F2004402A02146C8
:10FE0000FFF726FF204610BD53544D33322056696C
:10FE1000727475616C20436F6D506F7274000000D6
:10FE2000B0B54EF6000EC1F6F17EDEF80000DEF849
:10FE30000830C0184FF01A030B8000F0A3804FF079
:10FE4000370C010F0CEB1072B0F1204F38BF01F1ED
:10FE5000300240F2E401DEF80430C0F30364C2F281
:10FE600000414FF0000E8A700201B2F1204F81F87C
:10FE700003E00CEB127538BF04F13005020281F883
:10FE800005E0C0F303540D710CEB1275B2F1204F75
:10FE900038BF04F13005020381F807E0C0F30344E2
:10FEA0008D710CEB1275B2F1204F38BF04F13005A3
:10FEB000020481F809E0C0F303340D720CEB1275F3
:10FEC000B2F1204F38BF04F13005020581F80BE094
:10FED000C0F303248D720CEB1275B2F1204F38BFC2
:10FEE00004F13005020681F80DE0C0F303140D7330
:10FEF0000CEB1275B2F1204F38BF04F13005020748
:10FF000000F00F0000F137048D73B2F1204F81F83B
:10FF10000FE038BF00F13004180FB3F1204F0CEBA5
:10FF200013720C7481F811E038BF00F1300218012F
:10FF300081F813E08A74B0F1204FC3F303620CEB35
:10FF4000107438BF02F13004180281F815E0C3F3D1
:10FF500003520C750CEB1074B0F1204F4FEA0330D4
:10FF600038BF02F13004C3F30342B0F1204F0CEB71
:10FF700010738C7581F817E038BF02F1300381F8F7
:10FF800019E00B7640F2E400C2F20040B0BD000080
:10FF900080B10023C0F8B832C0F8C4320029C0F8DC
:10FFA000D03218BFC0F8B412012180F89C12027040
:10FFB00000F0DEB80320704780B5D0F8C802F6F72D
:10FFC0009FF840F20032C100C0F20132032822FA49
:10FFD00001F188BF0321C8B280BD0000000000000D
:10FFE00080B5D0F8C802F6F75FF840F20032C100E1
:10FFF000C0F20132032822FA01F188BF0321C8B2FE
:020000040801F1
:1000000080BD000000000000B0B5044681B194F846
:100010009C02032827D1D4F8B80242691AB3002001
:10002000C4F8D40220469047002808BF0020B0BD85
:10003000D4F89402022810D1D4E90701884215D9D6
:10004000431A204611461A46E361FFF771FD00216D
:1000500000220023204600F01FF994F8A00210B1FE
:10006000002084F8A0020020B0BD00BF10D1A1691B
:1000700081420DD3D4F89802814209D20021002296
:1000800020460025FFF754FDC4F89852DFE700BF73
:1000900094F89C02032808D1D4F8B802C16821B1B1
:1000A0000020C4F8D402204688478021204600F072
:1000B0009FF92046FFF760FD94F8A0020028CFD1F9
:1000C000D1E700000000000010B5044681B194F8AB
:1000D0009C0203281FD1D4F8B8028269DAB100204B
:1000E000C4F8D40220469047002808BF002010BD65
:1000F000D4F8940203280ED1D4E9570398420DD9BD
:10010000C01AC4F85C019842114638BF0346204625
:100110001A46FFF705FD002010BD00BF94F89C02B1
:10012000032808D1D4F8B802016921B10020C4F82D
:10013000D402204688472046FFF73AFD002010BD34
:100140000020704700000000012180F89C12D0F8C8
:10015000B8223AB180B5017952689047002818BF9B
:10016000032080BD00207047D0F8C802F5F7FCBF1F
:100170000178012933D110B54DF20021C2F20041BE
:10018000C0F8C812C1F8E0040020C4F204000860FE
:10019000092008714FF40070C8800220C1F80900DE
:1001A0000020C88108740846F6F786FD08B1F1F70B
:1001B000C7FC4DF200244FF40071C2F20044204607
:1001C000F5F7DEFE002180222046F5F7DDFE012155
:1001D0004FF4BA722046F5F7D7FEBDE81040002074
:1001E000704700000000000001F07F02D0F8C80254
:1001F00049B202EBC202002900EB820000F2562253
:1002000048BF00F11602107870470000000000009F
:10021000D0F8D42200EB8202D2F8B82262B190F872
:100220009C32032B06D1126A22B180B59047002080
:1002300080BD00BF00207047032070470000000011
:10024000D0F8D42200EB8202D2F8B82262B190F842
:100250009C32032B06D1526A22B180B59047002010
:1002600080BD00BF002070470320704700000000E1
:1002700080B59446D0F8C8021A466346F5F780FF69
:1002800040F20032C100C0F20132032822FA01F12B
:1002900088BF0321C8B280BD80B5D0F8C802F5F789
:1002A000A3FF40F20032C100C0F20132032822FA5B
:1002B00001F188BF0321C8B280BD0000000000002A
:1002C000F0B581B0012680F89C620025C0F89452F8
:1002D00004464560D0F8B802C4F8A45284F8A0528D
:1002E00040B1426832B100212046904705460028BF
:1002F00018BF032500210022402320464027FFF796
:10030000B7FF8021002240232046A4F86461C4F88E
:100310006071FFF7ADFFA6842846276201B0F0BDEB
:1003200090F89C12042903D190F89D1280F89C1239
:10033000002070470000000090F89C12032908D1AB
:10034000D0F8B81229B1C96919B180B58847BDE89C
:100350008040002070470000024600201174704762
:1003600080B5D0F8C802F6F747FE40F20032C1006F
:10037000C0F20132032822FA01F188BF0321C8B27A
:1003800080BD000000000000B0B500F2AA250446C0
:10039000284600F079F80120C4F8940294F8AA02E3
:1003A000B4F8B02200F01F01C4F89822022909D045
:1003B00001290DD091B920462946BDE8B04000F092
:1003C0009FB800BF20462946BDE8B04000F04CBAB7
:1003D00020462946BDE8B04000F0FABA00F080019E
:1003E0002046BDE8B04000F003B800000000000067
:1003F00080B5D0F8C802F5F717FF40F20032C1000F
:10040000C0F20132032822FA01F188BF0321C8B2E9
:1004100080BD00000000000080B5D0F8C802F6F7EB
:1004200007FE40F20032C100C0F20132032822FA76
:1004300001F188BF0321C8B280BD000000000000A8
:10044000014690F89C02042803D091F89C0281F8A0
:100450009D020020042281F89C22704700000000C9
:1004600080B5D0F8C802F5F71FFF40F20032C10096
:10047000C0F20132032822FA01F188BF0321C8B279
:1004800080BD0000000000000A7802704A784270C7
:100490004A8842808A888280C988C180704700006B
:1004A00010B582B004464FF00000ADF80600B9B1B7
:1004B000D4F8D40204F52E72C4F8B81252F8200011
:1004C000C16A21B10DF106008847C4F8D002D4F802
:1004D000D8020130C4F8D802002002B010BD00BF1D
:1004E000032002B010BD0000D0F8B82212B112688B
:1004F000104700BF00207047FFF78EBF00000000CC
:10050000B0B582B00D460978044611F0600111D0F3
:10051000402918BF202940F0DD80D4F8D4022946B4
:1005200004EB8000D0F8B8028268204602B0BDE833
:10053000B04010476878092800F2CC80DFE800F06E
:10054000061CCA30CA3C5CCA788C00BF94F89C0276
:100550000138022800F2BE80E888022840F0BA8004
:10056000D4F8A40203220028214608BF012241F842
:100570000C2F0222FDE000BF94F89C0201380228F3
:1005800000F2A88068880025012840F0AC80C4F8FB
:10059000A4522046FFF70CFB284602B0B0BD00BFB6
:1005A0006888022800F08C80012840F093800120A8
:1005B000C4F8A40212E100BFA888002840F08A8095
:1005C000E888002840F0868068887F2800F28280D2
:1005D00094F89C12032900F07D80C5B284F89E0235
:1005E00020462946FFF7BCFE2046FFF7E1FA002D22
:1005F00000F0308102202EE168884FF0FF310022A8
:10060000ADF8062001EB10210E2900F2B980DFE8D9
:1006100001F0096D7BB7B78791B7B7B7B7B7B7B771
:100620009D0000BFD4F8B412207C0A6893E000BF9C
:10063000E88801284ED194F89C02411E022943D239
:10064000214601222046002541F8085FFFF7A0FA65
:10065000284602B0B0BD00BF68884BF2A045C2F288
:10066000004510F0FE0F28700CD080212046FFF7C7
:10067000BFFE00212046FFF7BBFE0325284602B03F
:10068000B0BD00BFC1B294F89C22032A00F0848060
:10069000022A40F0AB80002900F0A0802046616073
:1006A000FFF722FF002800F0BB800546802120468E
:1006B000FFF79EFE00212046FFF79AFE87E000BF6D
:1006C000687984F8A00289E0032803D1211D012262
:1006D0004FE000BF80212046FFF78AFE0021204620
:1006E0000025FFF785FE284602B0B0BD207C00281B
:1006F000D4F8B8020CBF816AC16A0DF106008847C0
:100700000146022020E000BFC0B2052838D8DFE84B
:1007100000F0038D9195999DD4F8B402426818E0D9
:10072000207C68BBD4F8B802416B0DF10600884705
:1007300014E000BF207C18BBD4F8B802016B0DF1A7
:100740000600884701460720487008E0D4F8B40244
:10075000C269AAB1207C0DF1060190470146EA88E2
:10076000E2B3BDF8060058B1904238BF0246ADF87A
:1007700006202046FFF70CFA0025284602B0B0BD3F
:1007800080212046FFF734FE00212046FFF730FE8F
:100790000025284602B0B0BDC1B3606888421DD0B4
:1007A000C1B22046FFF7A8F9297820466160FFF71B
:1007B0009BFE98B1054680212046FFF719FE0021D7
:1007C0002046FFF715FE21792046FFF795F9022014
:1007D00084F89C02284602B0B0BD00BF2046FFF757
:1007E000E7F90025284602B0B0BD00BF80212046B1
:1007F000FFF7FEFD00212046FFF7FAFD297820468D
:10080000FFF77AF90325284602B0B0BD022084F82C
:100810009C026160002120460025FFF76DF9B8E6D3
:100820002046FFF7C5F9032015E000BFD4F8B40255
:1008300082688EE7D4F8B402C2688AE7D4F8B402BA
:10084000026986E7D4F8B402426982E7D4F8B402B8
:1008500082697EE7012084F89C020025284602B0C8
:10086000B0BD00000000000070B50E4609780446D7
:10087000357911F060010BD0402918BF202940F0D4
:10088000938020462946FFF743F9E8B1002070BD68
:10089000707838B3012843D0032840F0858094F85D
:1008A0009C02032840D1708840B915F07F0005D024
:1008B000F08818B920462946FFF79AFD2046FFF731
:1008C00077F9002070BD00BFD4F8B802826800201C
:1008D000002AC4F8D402D9D020463146BDE8704081
:1008E000104700BF94F89C0203282BD0022808BFB1
:1008F0005FEA456058D115F080004FF0140008BF42
:100900004FF4AA7004F114014FF0000208BF04F57F
:10091000AA71225002222046FFF73AF9002070BD4A
:1009200094F89C02032819D002283DD168063BD0D8
:1009300020462946FFF75CFD80212046FFF758FD41
:10094000002070BD05F00F00802D00EB800004EB4F
:10095000800011D2B0F864010FE000BF7088002859
:100960007FF494AF680603D020462946FFF724FBA6
:100970002046FFF71DF984E7808CA8B105F07F00C1
:10098000802D00EB800004EB800000F1140638BFDE
:1009900000F5AA76680611D020462946FFF724FC08
:1009A000002818BF01200AE080212046FFF720FD23
:1009B00000212046FFF71CFD002070BD00203060A4
:1009C000022220463146FFF7E3F8002070BD000008
:1009D000B0B50D460978044611F0600118BF4029F2
:1009E00010D194F89C02013802280DD8A88810F084
:1009F000FE0F09D1C1B22046FFF78EF880B1032067
:100A0000B0BD00BF2029ECD080212046FFF7F0FCCC
:100A1000002120460025FFF7EBFC2846B0BD00BFB3
:100A2000D4F8B8028268002AE9D00020C4F8D402C1
:100A3000204629469047E9880546002908BF002D31
:100A4000EBD12046FFF7B4F80020B0BD0000000055
:100A500070470000000000004BF2A460C2F20040AA
:100A6000704700000000000010B50A784B78D0F8FD
:100A70001CC802F00F044FEA421E012B1AD10123B9
:100A800003FA04F400EB0E0344EA0C04C0F81C481B
:100A9000D3F8000900042AD403F510600B798968A3
:100AA0006FF3DF21046841EA834144EA8252114333
:100AB00018E000BF4FF4803202FA04F300EB0E029C
:100AC00043EA0C03C0F81C38D2F8000B00040ED423
:100AD0000B7902F5306089686FF3DF21026841EA23
:100AE0008341114341F0805141F4004101600020F5
:100AF00010BD0000000000000146D0F8000940F2DF
:100B0000FF729043C1F80009D1F80428002042F494
:100B10008072C1F80428704782B002F47F42B2F5B7
:100B2000807F40F08180836B4FF6BF7223F4803367
:100B30008363DDF808C0C368CFF6BD721A40C26097
:100B40005FFA8CF2C368012A23F44012C26003D119
:100B5000C26842F48012C26000220092009A013200
:100B60000092009AB2F1706F00F2C4800269002A0C
:100B700021D4009A01320092009AB2F1706F00F213
:100B8000B9800269002A16D4009A01320092009AB4
:100B9000B2F1706F00F2AE800269002A0BD4009AA5
:100BA00001320092009AB2F1706F00F2A3800269E4
:100BB000B2F1FF3FD2DC00220092026942F0010252
:100BC0000261009A01320092009AB2F1706F00F255
:100BD00091800269D2071ED0009A01320092009AD9
:100BE000B2F1706F00F286800269D20713D0009ACA
:100BF00001320092009AB2F1706F7BD80269D2077D
:100C000009D0009A01320092009AB2F1706F71D847
:100C10000269D207D5D1002201F47F01B1F5803FEE
:100C200040F08E807BE000BFC26842F04002C260AC
:100C300000220192019A01320192019AB2F1706F81
:100C400060D80269002A1ED4019A01320192019AE9
:100C5000B2F1706F56D80269002A14D4019A013299
:100C60000192019AB2F1706F4CD80269002A0AD43D
:100C7000019A01320192019AB2F1706F42D8026971
:100C8000B2F1FF3FD6DC00220192026942F001027C
:100C90000261019A01320192019AB2F1706F31D86A
:100CA0000269D2071DD0019A01320192019AB2F174
:100CB000706F27D80269D20713D0019A01320192CE
:100CC000019AB2F1706F1DD80269D20709D0019A5A
:100CD00001320192019AB2F1706F13D80269D20702
:100CE000D7D1002213F47F4F836B10D143F48033AC
:100CF0000FE000BF032201F47F01B1F5803F1FD157
:100D00000DE000BF032213F47F4F836BEED023F47A
:100D10008033836301F47F01B1F5803F10D1C16D51
:100D200089B2C165C16D41F0007141F0F771C165D3
:100D3000816841F006018160816841F02001816095
:100D4000104602B07047000080B54A780978012A41
:100D50004FEA41122AD1024447F6000CCEF6334C3A
:100D60004FF0010ED2F8003902F51062B3F1FF3FE7
:100D700007DC136843F000631360136843F080439B
:100D8000136001F00F01D0F83C380EFA01F18B43EB
:100D9000C0F83C38D0F81C3823EA0101C0F81C1810
:100DA0001168002001EA0C01116080BD831847F62C
:100DB000000C03F53062CEF6334CD3F8003B0CF157
:100DC000707CB3F1FF3F4FF4803EDADCD1E70000E6
:100DD0000146D0F8000E20F00300C1F8000E0020FC
:100DE000D1F8042822F00202C1F80428704700005C
:100DF0000146D0F8000E20F00300C1F8000E0020DC
:100E0000D1F8042842F00202C1F80428704700001B
:100E10002DE9F04F85B0C3F307489146B8F1000FB4
:100E20008A464FF00007C0F80471C0F80871C0F896
:100E30000C71C0F81071C0F81471C0F81871C0F8C6
:100E40001C71C0F82071C0F82471C0F82871C0F876
:100E50002C71C0F83071C0F83471C0F83871C0F826
:100E60003C7105D000F138024FF4001310E000BFD0
:100E7000D0F80428802342F00202C0F80428826BD4
:100E800022F400128263026842F0400202600246CD
:100E900017683B4309F47F471360B7F5807F4FF035
:100EA0000002C0F8002E07D1B2EB1A6FD0F800286C
:100EB00006D042F0010203E0D0F8002842F003021D
:100EC000C0F8002800220392039A01320392039A89
:100ED000B2F1706F50D80269002A1ED4039A013211
:100EE0000392039AB2F1706F46D80269002A14D4B3
:100EF000039A01320392039AB2F1706F3CD80269EF
:100F0000002A0AD4039A01320392039AB2F1706F55
:100F100032D80269B2F1FF3FD6DC002203924FF4CF
:100F200084620261039A01320392039AB2F1706FF4
:100F300022D8026992061DD5039A01320392039AC0
:100F4000B2F1706F18D80269920613D5039A013274
:100F50000392039AB2F1706F0ED80269920609D516
:100F6000039A01320392039AB2F1706F04D80269B6
:100F70009206D7D4002600E0012600220492049AAB
:100F800001320492049AB2F1706F4FD80269002ABC
:100F90001ED4049A01320492049AB2F1706F45D8BB
:100FA0000269002A14D4049A01320492049AB2F11C
:100FB000706F3BD80269002A0AD4049A0132049265
:100FC000049AB2F1706F31D80269B2F1FF3FD6DCFA
:100FD0000022049210220261049A01320492049ABF
:100FE000B2F1706F22D80269D20620D5049A01327C
:100FF0000492049AB2F1706F18D80269D20616D51D
:10100000049A01320492049AB2F1706F0ED8026908
:10101000D2060CD5049A01320492049AB2F1706F90
:1010200004D80269D206D7D401E000BF01265FFAD6
:101030008AF44FF0000B002CC0F810B8C0F814B8B8
:10104000C0F81CB800F00581D0F800294FF0006509
:10105000B4F1010E4FF67F3105EA1212C0F80029F3
:10106000C0F810B9C0F8081978D0A21E5146032A5A
:101070000EF0030A029605D20122BAF1000F3FD109
:1010800066E000BFCDE900892EF0030700F5186681
:1010900000234FF0904C4FF67F38002256F8609CAA
:1010A00004320CEAE97546F8605C46F8503C974219
:1010B00046F8588C56F8405C0CEAE57546F8405CFA
:1010C00046F8303C46F8388C56F8205C0CEAE5755A
:1010D00046F8205C46F8103C46F8188C35680CEA57
:1010E000E57535603361C6F8088006F18006D5D114
:1010F00001324FF00065DDE90089BAF1000F27D019
:1011000000F51067560107EB42124FF0904CBB59A7
:10111000BAF1010F0CEAE373BB514FF000074FF631
:101120007F361761966013D0136ABAF1020F0CEA8A
:10113000E3731362176396620AD0136C4FF0904703
:1011400007EAE3731364002313654FF67F33936458
:10115000002C8A46029E4FF67F317AD0D0F8002BC1
:10116000BEF1000F05EA1212C0F8002B4FF000028A
:10117000C0F8102BC0F8081B6BD0A21E0EF0030C99
:10118000032A05D20122BCF1000F3BD161E000BF70
:1011900002962EF0030500F5386600234FF09047C5
:1011A0004FF67F32002400BF56F8601C043407EA73
:1011B000E17146F8601C46F8503CA54246F8582CB0
:1011C00056F8401C07EAE17146F8401C46F8303CEE
:1011D00046F8382C56F8201C07EAE17146F8201C26
:1011E00046F8103C46F8182C316807EAE171316086
:1011F0003361B26006F18006D6D1621C029EBCF15A
:10120000000F26D000F53061570101EB4212354640
:10121000CE594FF0904303EAE676CE512E46002495
:10122000BCF1010F4FF67F351461956011D0116A42
:10123000BCF1020F03EAE17111621463956208D0F8
:10124000116C03EAE1711164002111654FF67F31E1
:101250009164D0F810181AF47F0F21F48071C0F84F
:101260001018C0F818B06FF08041416103D1816956
:1012700041F01001816143F600028169C8F23C022D
:1012800019F47F0F41EA0201816103D0816941F0C5
:1012900008018161B8F1010F05D1816941F08041F8
:1012A00041F004018161304605B0BDE8F08F0000D7
:1012B00001468268002022F001028A607047000027
:1012C00043F20B03D0F840C0C4F654739C4503D3DB
:1012D000D0F8003B002B1ED40023C0F8103BD0F800
:1012E000103B012943F40023C0F8103BD0F8103B19
:1012F00043F01803C0F8103BD0F8103B43F0C04156
:10130000C0F8101B07D1C0F8142BD0F8001B41F017
:101310008021C0F8001B0020704700000000000082
:101320004A780B78012A4FEA431210440ED1D0F8C4
:10133000002922F40012C0F80029097901F0FE0109
:10134000022914D100F510600DE000BFD0F8002B89
:1013500022F40012C0F8002B097901F0FE010229E5
:1013600005D100F53060016841F080510160002036
:1013700070470000000000000A784B785101012BF3
:10138000084407D1D0F80019002900F5106107D5ED
:101390000CE000BFD0F8001B002900F5306105D437
:1013A000002A1EBF086820F0804008600A680020FC
:1013B00042F400120A60704770B54B7891F800C093
:1013C000012B1FD100EB4C1E0D69002D0EF5106393
:1013D000DEF810493ED06FF312041C611C69BCF1A9
:1013E000000F6FF3DC441C618C6863D02E19013E42
:1013F000B6FBF4F40026C1F6F87606EAC4441E698A
:101400005FE000BF00EB4C16BCF1000FD6F8103BBC
:101410006FF31203C6F8103BD6F8105B06F5306385
:101420006FF3DC45C6F8105B8C680E691ED00EB3F6
:101430002644013EB6FBF4F6B5B26C4300250C62BF
:10144000C1F6F87505EAC6461D696FF3DF442E4301
:101450001E6116E06FF3DC441C611C69002544F436
:1014600000241C611C696FF312043CE0002E18BFBD
:101470000C610C626FF3DF441E6926431E614FF45A
:1014800000241E69012A46EA04021A6103D1CA68CF
:10149000002A18BF5A610979012940F08E80D0F8DE
:1014A0000808C0054FF0805058BF4FF00050196831
:1014B000084381E0A54201D925460C611C694FF41F
:1014C000002634431C612C461E696FF3DF4434430D
:1014D0001C610C79012C07D11C6924F0C0441C61EB
:1014E0001C6944F000541C61012A11D1CA69002A08
:1014F00018BFCEF81429097901295ED1D0F808085F
:10150000C005DEF8000955D440F0005054E000BF9B
:1015100000F510634FEA4C141E5946F004461E5164
:101520000E79012E3CD1D0F80868F6054FF08056B0
:1015300058BF4FF0005654F803E0002A4EEA060266
:10154000E2503FD1AAB2EAB3D61C4FF0FF32C968CD
:1015500000F5805002EB96034FEA0C32032BC6F3E2
:1015600081030FD3B60826F0030400BF0E6816509F
:101570004E6816508E681650CE68043C01F110017A
:101580001650F3D1F3B1012B0E6886501AD0022BFE
:101590004B68835016D089688150002070BD00BF11
:1015A00085B10CF00F01012202FA01F100F63403BB
:1015B00005E000BF40F0805018604FF0044118680B
:1015C00008431860002070BD81B0002200924A7864
:1015D0000978012A4FEA41113AD100F510625058BA
:1015E000B0F1FF3F3ADC885842F2107340F00060DF
:1015F0008850885840F08040885000980130009012
:101600000098984264D85058B0F1FF3F26DC00980B
:1016100001300090009898425AD85058B0F1FF3FDE
:101620001CDC0098013000900098984250D8505827
:10163000B0F1FF3F12DC0098013000900098984212
:1016400046D85058B0F1FF3F4FF00000D5DD3CE0E8
:1016500000F530625058B0F1FF3F03DD002001B0CB
:10166000704700BF885842F2107340F00060885005
:10167000885840F0804088500098013000900098D1
:10168000984225D85058B0F1FF3FE7DC0098013070
:101690000090009898421BD85058B0F1FF3FDDDC15
:1016A0000098013000900098984211D85058B0F13D
:1016B000FF3FD3DC0098013000900098984207D893
:1016C000505800284FF00000D6D401B0704700BF3A
:1016D000012001B07047000001468268002042F0FE
:1016E00001028A607047000081B000220092009AD7
:1016F00001320092009AB2F1706F51D80269002A4B
:101700001ED4009A01320092009AB2F1706F47D84D
:101710000269002A14D4009A01320092009AB2F1B0
:10172000706F3DD80269002A0AD4009A01320092F3
:10173000009AB2F1706F33D80269B2F1FF3FD6DC84
:10174000890100220092203101610099013100914C
:101750000099B1F1706F23D8016989061DD50099F0
:10176000013100910099B1F1706F19D801698906B2
:1017700013D50099013100910099B1F1706F0FD824
:101780000169890609D50099013100910099B1F1EB
:10179000706F05D801698906D7D4002001B0704761
:1017A000032001B070470000D0F8081888074FF0F8
:1017B000020001F0060158BF0F20002908BF0846AB
:1017C0007047000000000000406900F00100704711
:1017D000D0F81818D0F81C08084080B270470000F4
:1017E000D0F81818D0F81C080840000C704700000A
:1017F000D0F810C8D0F8343801F00F0200EB4110D7
:1018000023FA02F2D201D0F80809D1B241EA0C0160
:10181000084070470000000000EB4111D1F8081BA0
:10182000D0F8140808407047416980690840704743
:1018300010B5930802F0030E2CD05A1E03F0030CCF
:10184000032A0FD323F003034FF4805284580C6013
:1018500084584C6084588C608458043BCC6001F1FF
:101860001001F3D1BCF1000F14D04FF480520B469D
:10187000BCF1010F845843F8044B05D11946BEF161
:10188000000F0AD12AE000BFBCF1020F82584A6063
:101890001CD10831BEF1000F20D04FF48052BEF1B0
:1018A000010F80580A4602F8010B01D1104610BD05
:1018B000BEF1020F4FEA10224A7001D1881C10BD00
:1018C000000C88700331084610BD00BF4FF48052F1
:1018D00082588A600C31BEF1000FDED1084610BD7F
:1018E000B0B50446C068002920F0C040E06000F0B8
:1018F0009980012940F0B080E0680A2540F000504E
:10190000E0600A20F2F7C0FC54F8140FC00740F062
:101910009C800A20F2F7B8FC2068C00740F09E8047
:101920000A20F2F7B1FC2068C00740F0A5800A2029
:10193000F2F7AAFC2068C00740F0AC800A20F2F75A
:10194000A3FC2068C00740F0B3800A20F2F79CFC9B
:101950002068C00740F0BA800A20F2F795FC2068A2
:10196000C00740F0C1800A20F2F78EFC2068C00753
:1019700040F0C8800A20F2F787FC2068C00740F0DA
:10198000CF800A20F2F780FC2068C00740F0D680A4
:101990000A20F2F779FC2068C00740F0DD800A20B9
:1019A000F2F772FC2068C00740F0E4800A20F2F7EA
:1019B0006BFC2068C00740F0EB800A20F2F764FC63
:1019C0002068C00740F0F2800A20F2F75DFC206832
:1019D000C00740F0F9800A20F2F756FC2068C007E3
:1019E00040F000810A20F2F74FFC2068C00740F069
:1019F00007810A20F2F748FC2068C00740F00E81FA
:101A00000A20F2F741FC2068C00740F016810A2046
:101A1000F2F73AFCC8252068A5F1C800B0FA80F0BA
:101A20004009B0BDE0680A2540F08040E0600A202F
:101A3000F2F72AFC54F8140FC00706D00A20F2F778
:101A400023FC2068C00711D11425A5F1C800B0FA05
:101A500080F04009B0BD00BF0120B0BD1425A5F144
:101A6000C800B0FA80F04009B0BD00BF0A20F2F70C
:101A70000BFC2068C00707D11E25A5F1C800B0FAED
:101A800080F04009B0BD00BF0A20F2F7FDFB2068DE
:101A9000C00707D12825A5F1C800B0FA80F0400999
:101AA000B0BD00BF0A20F2F7EFFB2068C00707D1E6
:101AB0003225A5F1C800B0FA80F04009B0BD00BFE2
:101AC0000A20F2F7E1FB2068C00707D13C25A5F109
:101AD000C800B0FA80F04009B0BD00BF0A20F2F79C
:101AE000D3FB2068C00707D14625A5F1C800B0FA8E
:101AF00080F04009B0BD00BF0A20F2F7C5FB2068A6
:101B0000C00707D15025A5F1C800B0FA80F0400900
:101B1000B0BD00BF0A20F2F7B7FB2068C00707D1AD
:101B20005A25A5F1C800B0FA80F04009B0BD00BF49
:101B30000A20F2F7A9FB2068C00707D16425A5F1A8
:101B4000C800B0FA80F04009B0BD00BF0A20F2F72B
:101B50009BFB2068C00707D16E25A5F1C800B0FA2D
:101B600080F04009B0BD00BF0A20F2F78DFB20686D
:101B7000C00707D17825A5F1C800B0FA80F0400968
:101B8000B0BD00BF0A20F2F77FFB2068C00707D175
:101B90008225A5F1C800B0FA80F04009B0BD00BFB1
:101BA0000A20F2F771FB2068C00707D18C25A5F148
:101BB000C800B0FA80F04009B0BD00BF0A20F2F7BB
:101BC00063FB2068C00707D19625A5F1C800B0FACD
:101BD00080F04009B0BD00BF0A20F2F755FB206835
:101BE000C00707D1A025A5F1C800B0FA80F04009D0
:101BF000B0BD00BF0A20F2F747FB2068C00707D13D
:101C0000AA25A5F1C800B0FA80F04009B0BD00BF18
:101C10000A20F2F739FB2068C00707D1B425A5F1E7
:101C2000C800B0FA80F04009B0BD00BF0A20F2F74A
:101C30002BFB2068C0077FF4EAAEBE25A5F1C800E3
:101C4000B0FA80F04009B0BD0246D0F8000820F498
:101C5000FE6001F07F01C2F800080020D2F80038D1
:101C600043EA0111C2F800187047000000000000AC
:101C7000022A02465FD145F2403043F20053CFF6CC
:101C80002770C0F20C030844984203D24FF47051FD
:101C900053E000BF41F6406044F24023CFF61B7092
:101CA000C0F20F030844984202D24FF4605144E05E
:101CB000A1F5740044F68073A0F51050C0F2120331
:101CC000984203D24FF4505137E000BFA1F1837026
:101CD0004DF22063A0F5E740C0F21303984203D20F
:101CE0004FF4405129E000BF4BF260604EF2603388
:101CF000CFF6E560C0F216030844984202D24FF4D2
:101D000030511AE04DF2003047F24073CFF6CE600A
:101D1000C0F21B030844984202D24FF420510CE059
:101D200045F6C03049F2C013CFF6B360C0F22103CC
:101D3000084498420AD24FF41051D06820F47050F1
:101D4000D060D36800201943D1607047A1F1B7700B
:101D500047F22053A0F55850C0F23803984203D2FE
:101D60004FF40051E9E700BF45F2E04049F6E04397
:101D7000CFF65960C0F2410308444FF4C051984275
:101D800038BF4FF4E051D8E780B5DDF808C0BCF1AA
:101D9000000F33D193B303334FF0FF3C00F5805E67
:101DA00012030CEB930CBCF1030FC3F3810C13D3A0
:101DB0009B0823F0030300BF086842F80E00486840
:101DC00042F80E00886842F80E00C868043B01F132
:101DD000100142F80E00EFD1BCF1000F0ED0BCF1A3
:101DE000010F08684EF8020008D0BCF1020F4868E5
:101DF0004EF8020002D088684EF80200002080BD34
:101E000090ED001A90ED022AB4EE421AF1EE10FAAB
:101E100042D090ED012A90ED083A90ED055A31EE4E
:101E2000426A25EE057AFFEE000AF7EE001A80ED11
:101E3000032AB0EEC64A002187EE037A8161B4EE30
:101E4000421A80ED021AF1EE10FA34EE477A80ED74
:101E5000041A80ED096A4FF0010280F8342087EE01
:101E6000052A31FEA05A80ED0B2A80ED0A5AB5EE04
:101E7000402AF1EE10FA3BDA24EE033AB1EEC33A0F
:101E800023EE053A80ED073A90F83410B5EE402A7B
:101E9000F1EE10FA09DB33E090ED0B2A90F83410E4
:101EA000B5EE402AF1EE10FA2ADA07296AD00529A0
:101EB0004ED0012968D190ED081A90ED0A2A22EE41
:101EC000011A90ED063AA1EE003A90ED071A80ED66
:101ED000063A22EE034A22EE012AB4EE424AF1EE1D
:101EE00010FA51DB052180F8341080ED061A4BE022
:101EF000016390F83410B5EE402AF1EE10FAD4DB0D
:101F00000139062940D8DFE801F0053F493F233F6A
:101F10003D0000BF90ED082A90ED0A1A21EE022A3A
:101F200090ED063AA2EE003A90ED052A80ED063AD1
:101F3000B0EEC34AB4EE424AF1EE10FA24DB21EED1
:101F4000021A032180F8341080ED061A1CE000BF4D
:101F500090ED081A90ED0A2A22EE411A90ED063A09
:101F6000A1EE003A80ED063A22EE031AB5EE401AD1
:101F7000F1EE10FA08DC072180F8341000218161AD
:101F800002E000BF80ED011A90ED011A90ED062AE3
:101F9000A2EE001A80ED011A704700BF90ED0C1AF6
:101FA00031EE001A80ED0C1AB4EE421AF1EE10FA7E
:101FB000EADB052180F83410E6E7000000000000AD
:101FC000FEE700000000000070B588B0CB074FF0BE
:101FD00078034CB24FF0000645B28DF8076008BF99
:101FE00060234FFA82FCC6074FF078068DF80F3059
:101FF00008BF6026D3074FF078038DF8176008BF3D
:1020000060238E074FF078068DF81F3058BF60268A
:1020100083074FF078038DF80E6058BF6023960752
:102020004FF078068DF8163058BF60264B074FF0FA
:1020300078038DF81E6058BF602346074FF078067E
:102040008DF80D3058BF602653074FF078038DF898
:10205000156058BF60230E074FF078068DF81D30CD
:1020600058BF602603074FF078038DF80C6058BF07
:10207000602316074FF078068DF8143058BF60269D
:10208000CB064FF078038DF81C6058BF6023C6065E
:102090004FF078068DF80B3058BF6026D3064FF00E
:1020A00078038DF8136058BF60238E064FF07806D2
:1020B0008DF81B3058BF602683064FF078038DF8EB
:1020C0000A6058BF602396064FF078068DF81230EC
:1020D0004FF6FF7358BF602649064FF078018DF820
:1020E0001A6058BF602140064FF078008DF8091043
:1020F00058BF602051064FF078018DF811004FF065
:10210000780058BF6021B4F1FF3F4DF26C748DF838
:1021100019104FF07801C8BF6020B5F1FF3FC2F23F
:1021200000448DF808004FF07800C8BF6020BCF173
:10213000FF3F4FF000028DF810002046C8BF60211D
:102140008DF818100DF10701F7F706F894F88100E3
:1021500001280BD094F8810001281CBF94F881005D
:10216000012803D094F881000128EFD14DF26C745E
:1021700002A9C2F2004418224FF6FF732046F6F778
:10218000EBFF64260DF1070501224FF6FF73204691
:102190002946F6F7E1FF013EF6D108B070BD000018
:1021A000B0B582B040F29C214DF20413C2F200415E
:1021B0000446C2F200434FF0804041F8180FE31A82
:1021C0004FF000054FF001024D608D60CA6018BFEE
:1021D0006FF06043C1E9090520460D64C1E904536D
:1021E000C1E90C55C1E90E55F2F726F930B10221CB
:1021F0000222002320460095F2F766F90121002211
:102200002046F2F755F8204602B0BDE8B040F2F79C
:1022100053BF000000000000027845F26041C0F6A4
:10222000010190F801C031F81220D3B283EA0C0307
:1022300090F802C031F8133083EA1222D2B282EA57
:102240000C0290F803C031F8122082EA1323DBB2AB
:1022500083EA0C0390F804C031F8133083EA1222A9
:10226000D2B282EA0C0290F805C031F8122082EA5C
:102270001323DBB283EA0C0390F806C031F8133065
:1022800083EA1222D2B282EA0C0290F807C031F837
:10229000122082EA1323DBB283EA0C0390F808C011
:1022A00031F8133083EA1222D2B282EA0C0290F89B
:1022B00009C031F8122082EA1323DBB283EA0C034F
:1022C00090F80AC031F8133083EA1222D2B282EABF
:1022D0000C0290F80BC031F8122082EA1323DBB213
:1022E00083EA0C0390F80CC031F8133083EA122211
:1022F000D2B282EA0C0290F80DC031F8122082EAC4
:102300001323DBB283EA0C0331F81310C38981EA8B
:1023100012218B424AD1B0F905109FED261AD0F850
:1023200007209FED252A00EE101A03EE102A81786F
:102330009FED234AB8EEC00A01F00F02B8EEC33A8F
:1023400080F82420C1F30211B0F9032020EE010A25
:1023500080F8251023EE043A9FED184A90F90B10EF
:1023600080EE020A816220EE040A80ED0D0A83EEFF
:10237000020A02EE102A828902F0070180F82C106E
:10238000C2F3CB0120EE040AB8EEC22A80ED0E0A99
:1023900000EE101A012122EE011AB8EE400A80ED7B
:1023A0000C1A80ED0F0A0162084670470021016295
:1023B000084670470000803BDA0F49400000344374
:1023C00000000038000000004DF6BC300022C2F2D0
:1023D00000400023C4F2F012C4F23423C26340F27E
:1023E000000C82630022C0E91C33002300214160FD
:1023F000C4F248220160C4F2A013C0E92A11C0E966
:102400003811C0E94611C0E90521C0E90713C0E948
:102410000B118160C4F2C82CC0E91321C0E9151367
:10242000C0E919110164C0E92121C0E92313C0E901
:1024300027118167C0E92FC1C0E93112C0E9351108
:10244000C0F8B010C0E93D21C0E93F13C0E9431115
:10245000C0F8E810C0E94BC1C0E94D12C0E9511104
:10246000C0F8201170470000F2F7EEFFFBF7F0F81C
:10247000F9F7B6FAF9F7CCF8F9F762F8F9F750FC82
:10248000F9F71AFCF9F7E4FBF9F7BEFCF9F7B4FD2C
:10249000F9F7F2FDF9F734FEF9F72EFDF9F76CFDC7
:1024A000F9F7E2F8F9F71CF9F9F752F9F9F784FBB3
:1024B000F9F78AF900F040F9FEE70000000000009B
:1024C0000146112091ED0C0A4861B5EE400A4EF626
:1024D000FE60F1EE10FA088002DA9FED851A06E040
:1024E0009FED841AB4EE410AF1EE10FA03DDB0EE6E
:1024F000410A81ED0C1A91ED0D1AB5EE401AF1EE7C
:1025000010FA03DA9FED7A2A07E000BF9FED792ADF
:10251000B4EE421AF1EE10FA03DDB0EE421A81ED8C
:102520000D2A91ED092A9FED743AB4EE432AF1EE9B
:1025300010FA06DB9FED713AB4EE432AF1EE10FA81
:1025400003DDB0EE432A81ED093A91ED0A4A9FED91
:102550006C3AB4EE434AF1EE10FA06DB9FED693AAD
:10256000B4EE434AF1EE10FA03DDB0EE434A81EDDA
:102570000A3A91ED0B3A9FED645AB4EE453AF1EE0A
:1025800010FA06DB9FED615AB4EE453AF1EE10FA0F
:1025900003DDB0EE453A81ED0B5AB0B59FED5E5AC2
:1025A00091F8200024EE054A9FED5C6A9FED587A71
:1025B0008A7880EE070A91F8223084EE064A00F00D
:1025C0000F0081EE071A9FED567A22EE072A22F0BD
:1025D0007F0224EE074A9FED4F7A20EE070A10444F
:1025E00063F3061021EE071ABDEEC44A8870BDEEF3
:1025F000C00A80F06800C4B2BDEEC11ABDEEC22AA6
:1026000014EE102A10EE10EA45F2604011EE10CAE6
:10261000C0F6010012EE103AA1F80BE0A1F80DC0CF
:1026200023EE050AA1F80520A1F8033030F8144084
:1026300080EE060A6340DCB220EE070A9BB284F00B
:10264000E80430F81440BDEEC00AE5B285EA132371
:102650000D7B30F813305A4082EA1423DBB292B279
:1026600030F81330DCB284EA122210EE104A30F84F
:102670001220C1F8074082EA132363400C7ADBB2D0
:1026800030F8133083EA122262404C7AD2B230F82A
:10269000122082EA132363408C7ADBB230F81330C5
:1026A00083EA12226240D2B230F8122082EA132367
:1026B00083EA0E03DBB230F8133083EA12226A4059
:1026C0008D7BD2B230F8122082EA132383EA0C0306
:1026D000DBB230F8133083EA12226A40D2B230F80B
:1026E0001220002082EA1322A1F80F20B0BD00BF03
:1026F00000000000C1CACC41E1FAFFC2E1FAFF428A
:10270000000049C400004944C00FC9C8C00FC948EF
:10271000CDCCCC4100000047DA0F494000003443E3
:10272000000080430000000080B5012898BF012010
:1027300000F04AFF002080BD80B501F065F8002060
:1027400080BD00000000000070B584B043698E4673
:10275000A3B1846994B10289D0E9001C15B2B2F129
:1027600084060269604618BFEE1C0294CDE900633E
:10277000734601F021FF04B070BD00BF0689D0E9A7
:102780000013028A30B2843E18BFC61C03A8CDE9EC
:1027900000601846734601F0DFFE0399012818BF58
:1027A0000021084604B070BDF0B581B040F2B81405
:1027B0000546C2F200440E46E7692268101D00F08B
:1027C000E7FC18B1681C0CD016E000BF206801219E
:1027D000C06A01FA00F0616821EA00006060681CCC
:1027E0000AD14EB154F8500B011D204601B0BDE88E
:1027F000F04000F049BD00BF2068ED19456007D3E7
:10280000606A2168043101B0BDE8F04000F008BD05
:10281000206A2168043100F003FDE06A854238BF78
:10282000E56201B0F0BD00002DE9F041044600F082
:1028300047FD40F2B8164DF60065C2F20046C2F2FE
:102840000045306901303061306848B17069002856
:1028500040D13068E16AC06A884298BF346039E08C
:1028600034603069012835D1284600F0C9FC05F1F3
:10287000140000F0C5FC05F1280000F0C1FC05F1D2
:102880003C0000F0BDFC05F1500000F0B9FC05F182
:10289000640000F0B5FC05F1780000F0B1FC40F2F6
:1028A000EC38C2F20048404600F0AAFC08F11407D8
:1028B000384600F0A5FC06F1640000F0A1FC06F12A
:1028C0003C0000F09DFC06F1500000F099FCC6F8B9
:1028D000208077627068E26AB16801230131B160DB
:1028E000616402EB820193401843706005EB810044
:1028F000211D00F0C9FC00F00BFD706988B1306843
:10290000E16AC06A884228BFBDE8F0814EF60450F3
:102910004FF08051CEF200000160BFF34F8FBFF344
:102920006F8FBDE8F081000040F2B8154DF60066EB
:102930004EF60458C2F20045C2F20046CEF200083C
:102940004FF0805703E000BF204600F0F9FCE86834
:10295000D0B100F0B5FCA86CC468201D00F018FCD4
:10296000286901382861E8680138E86000F0D0FC87
:1029700094F859000228EAD00128E5D070B9206BFC
:1029800000F0DEFCE0E700BF30680228DFD3C8F8C3
:102990000070BFF34F8FBFF36F8FD8E74FF0500039
:1029A00080F31188BFF36F8FBFF34F8FFEE70000F6
:1029B0002DE9F0470A9C16460F468246206B91008F
:1029C000A5229846DDE90859EDF75BFE206B002F44
:1029D00000EB8600A0F1040020F0070654D0387800
:1029E00084F83400387800284AD0787884F83500A4
:1029F0007878002844D0B87884F83600B878002871
:102A00003ED0F87884F83700F878C8B3387984F87D
:102A100038003879A0B3787984F83900787978B3B8
:102A2000B87984F83A00B87950B3F87984F83B0063
:102A3000F87928B3387A84F83C00387A00B3787A89
:102A400084F83D00787AD8B1B87A84F83E00B87A34
:102A5000B0B1F87A84F83F00F87A88B1387B84F80E
:102A60004000387B60B1787B84F84100787B38B1D6
:102A7000B87B84F84200B87B10B1F87B84F843003F
:102A8000002084F8430002E0002084F83400062D82
:102A900004F1040028BF06250027C4E91357E562A6
:102AA00000F0BAFB04F1180000F0B6FB85F0070057
:102AB000A06130465146424624616462676584F8ED
:102AC000587000F04DFBB9F1000F206018BFC9F835
:102AD0000040BDE8F087000008480068006880F307
:102AE00008884FF0000080F3148862B661B6BFF327
:102AF0004F8FBFF36F8F00DF00BF000008ED00E0D5
:102B000081B00020009040F23010C2F20040006816
:102B10004FF0500181F31188BFF36F8FBFF34F8FD8
:102B2000013003D0FEE700BF009838B9009828B9FB
:102B30000098002804BF00980028F5D001B0704725
:102B400088B040F2302A0DF11009C2F2004AEB467B
:102B5000DAF8080005681DB1C068046801E000BF2C
:102B6000002400F0C9FE01F077FDDAF810100646E7
:102B7000884220D3002DCAF8106051D0A6424FD30E
:102B800001F0E2FEDAF80800C068C7683D1D28467B
:102B900000F0FEFA97F82800410745D400F0FE0047
:102BA00087F8280084E000BF68603946DAF808003A
:102BB0002D6100F035FBDAF80800016831B3C06818
:102BC000C56804682F1D384600F0E2FA296A2846D5
:102BD000884795F828004007EDD5A8692044A04211
:102BE000E2D8DAF80000002800F0488104A90020AB
:102BF00031C101F021FDDAF800000022002349462E
:102C000001F036F80028D6D138E100BFDAF80C1010
:102C1000CAF81060CAE9021001F096FE1AE100BF7E
:102C200065B1002210E000BFB8693F610119796009
:102C3000B1421FD90AF1080021E000BFDAF80C0008
:102C40000068B0FA80F04209DAF80000A11B00F039
:102C500087FC01F079FE002840F0FC804EF604501D
:102C60004FF08051CEF200000160BFF34F8FBFF3F1
:102C70006F8FEFE0311B814206D20AF10C00006831
:102C8000294600F0CDFA13E0DAF80000002800F041
:102C9000138104A9002091C101F0CEFCDAF80000F4
:102CA00000220023494600F0E3FF002800F00481E1
:102CB000396A38468847CDE00098B0F1FF3F07DC1D
:102CC000DDE90120039990470098002800F1C280B7
:102CD000029E706910B1301D00F05AFA01F0BCFC80
:102CE000DAF81010074688420DD30098CAF8107021
:102CF00009283FD9AEE000BF68602146DAF8080035
:102D00002D6100F08DFADAF80800016841B3C0685F
:102D1000C568D0F800802C1D204600F039FA296AD9
:102D20002846884795F828004007ECD5A869404414
:102D30004045E1D8DAF80000002800F09580002036
:102D40000695CDE9040801F077FCDAF800000022CE
:102D50000023494600F08CFF0028D4D184E000BF56
:102D6000DAF80C10CAE902100098CAF810700928A5
:102D700000F27080DFE800F00606064448620606AE
:102D8000444800BF96F82800019A366140F00101DE
:102D9000B06986F8281083183146BB4241F8043FD9
:102DA00006D997420AF1080007D293420AD204E0FA
:102DB000BA1A824206D20AF10C00006800F030FA1A
:102DC00048E000BF316A3046884796F8280040073F
:102DD00040D5DAF8000000285AD00198B1690022E5
:102DE00004920844CDE9050601F026FCDAF800005B
:102DF00000220023494600F03BFF58BB48E000BFDB
:102E000096F8280022E000BF96F8280040F0010163
:102E10000198002886F82810B06143D038440AF1A0
:102E20000C023146B84288BF0AF1080241F8040F8B
:102E30003661106800F0F4F90CE000BF96F8280045
:102E4000810703D4304600F07BFA03E000F0FE0077
:102E500086F82800DAF800000022594601F0C8F888
:102E600000287FF429AF73E64FF0500080F31188FB
:102E7000BFF36F8FBFF34F8FFEE700BF4FF05000DF
:102E800080F31188BFF36F8FBFF34F8FFEE700BF52
:102E90004FF0500080F31188BFF36F8FBFF34F8F57
:102EA000FEE700BF4FF0500080F31188BFF36F8F33
:102EB000BFF34F8FFEE700BF4FF0500080F3118843
:102EC000BFF36F8FBFF34F8FFEE7000000000000DD
:102ED000F0B581B0044600F0F3F994F94560012E95
:102EE00010DB04F1240503E0F0B2013E012809D90A
:102EF000286838B1284601F0EBFC0028F4D000F037
:102F0000BFFBF1E7FF2684F8456000F001FA00F00E
:102F1000D7F994F94470012F10DB04F1100503E098
:102F2000F8B2013F012809D9286838B1284601F0D4
:102F3000CFFC0028F4D000F0A3FBF1E784F8446054
:102F400001B0BDE8F04000F0E3B90000000000006F
:102F5000B0B5044600F0D0FC40F26C2CC2F2004C3C
:102F6000DCF8040050B19CF80000002818BF4FF0B6
:102F700000404FF0000544BB83E000BF4DF6946075
:102F8000C2F20040420700F5705200F1070122F042
:102F9000070218BF21F00700A2F10803CCF80430A3
:102FA0000021CCE9060142E90211191A4160DCF85E
:102FB0000420026001208CF800004FF00040CCE9B2
:102FC0000211002C4FF000055BD0204059D124F0B5
:102FD000070000F11002600708BF04F10802DCF8E6
:102FE0000800511E81424CD2604650F818EFDEF8BE
:102FF000043093422BD2DEF80010B9B174464B680E
:10300000934217D20D68ADB16B68934216D228680F
:10301000A0B14368934215D204689CB1636893429F
:1030200014D22168A6460029E9D110E00CF118005D
:103030000DE000BF8E46204609E000BFAE460846C0
:1030400005E000BF8646284601E000BFA646DCF842
:1030500004108E4514D0991A03681129DEF8004037
:1030600004604DD30EEB0205680719D04FF05000F5
:1030700080F31188BFF36F8FBFF34F8FFEE700BF60
:10308000002501F061FC68075AD04FF0500080F332
:103090001188BFF36F8FBFF34F8F00BFFEE700BFF4
:1030A0000CF118006960CEF8042000BF0168A94245
:1030B0000AD20868A8420BD20168A94204D2086863
:1030C0000A46A842F2D304E00246084601E000BFE7
:1030D0000A4654681119A942696802D1214415466B
:1030E00051606C18844207D1DCF80440A0421EBF36
:1030F000D0E9000421446960AA42286018BF156025
:10310000DEF8040003F10805DCE90212091ACCF824
:103110000810914238BFCCF80C109CF80010002920
:103120004FF0000118BF40F00040CEE90010DCF87D
:1031300010000130CCF8100001F006FC6807A4D1A3
:103140002846B0BD0000000040F2B810C2F20040B6
:10315000016819B101680A6D01320A65006870479B
:1031600042F6013321F0010140F8081C4FF0807154
:1031700040F8041CA0F14401C0F6010340F80C3CE7
:103180006FF0020340E90932084670470000000072
:10319000D0E9013201699A60D0F808C04A688242D9
:1031A0004FF00002CCF8043008BFC1F804C002613F
:1031B00008680138086008687047000000000000D7
:1031C00041F69843C2F20143036041F69820C2F2EF
:1031D000014008608020106070470000000000007F
:1031E00042F23413C2F20143036041F63450C2F29A
:1031F000014008604FF480701060704700000000CC
:1032000002464FF0FF3142F8081F00214260C0E93A
:103210000322016070470000002101617047000037
:1032200010B5D1F800E01EF1010213D000F108043E
:1032300062681368734511D853681C68744511D8C7
:103240005A68146874450FD85468A44623687345B7
:10325000EED90BE00269D2F804C007E0944622469A
:1032600004E000BF9C4601E094461A46C1F804C041
:10327000CCF808108A605160086101680131016072
:1032800010BD000000000000D0F800C043684B6093
:103290009A688A609A689960086151600CF101012E
:1032A0000160704700000000DFF80C00016841F485
:1032B000700101607047000088ED00E00000000030
:1032C0004FF0500080F31188BFF36F8FBFF34F8F23
:1032D00040F23010C2F200400168002901F1010102
:1032E000016001D0704700BF4EF60450CEF20000DE
:1032F0000068000608BF70474FF0500080F3118847
:10330000BFF36F8FBFF34F8FFEE700000000000098
:1033100040F23010C2F20040016839B10139016059
:1033200018BF7047002080F3118870474FF050009D
:1033300080F31188BFF36F8FBFF34F8FFEE700005C
:1033400070B5002808BF70BD40F26C250446C2F27B
:1033500000452878002818BF4FF0004054F8041C9E
:1033600008420DD0A4F1080632689AB14FF050001F
:1033700080F31188BFF36F8FBFF34F8FFEE700BF5D
:103380004FF0500080F31188BFF36F8FBFF34F8F62
:10339000FEE700BF21EA000044F8040C00F0ACFA9C
:1033A00054F8041CA8680844A86005F1180000BF80
:1033B0000368B3420AD21868B04225D20368B34208
:1033C00004D218681A46B042F2D301E00246184609
:1033D0005368D418B44202D1194416465160731888
:1033E000834206D16B6898421EBFD0E9000319449E
:1033F0007160B242306018BF166068690130686160
:10340000BDE8704001F0A0BA1A465368D418B4421F
:10341000E5D1E1E7000000004EF210000021CEF2FD
:10342000000044F6D352C1F262020160816040F2B2
:103430000801C2F200410968A1FB02124FF0FF31FE
:1034400001EB92114160072101607047000000000C
:1034500040F28C20EFF305811029C2F2004011D315
:103460004EF2F032CEF20002895C0278914209D22B
:103470004FF0500080F31188BFF36F8FBFF34F8F71
:10348000FEE700BF4EF60C51CEF20001096840681D
:1034900001F4E061814298BF70474FF0500080F323
:1034A0001188BFF36F8FBFF34F8F00BFFEE700009F
:1034B00041F6F44CC2F2014CDCF8002022B3634622
:1034C00053F8082F42B3634653F8102F52B36346A4
:1034D00053F8182F62B3634653F8202F72B3634634
:1034E00053F8282F82B3634653F8302F92B36346C4
:1034F00053F8382F002A18BF704707220CEBC2027E
:1035000019605060704700BF002263460CEBC20296
:1035100019605060704700BF01220CEBC2021960B5
:103520005060704702220CEBC20219605060704775
:1035300003220CEBC20219605060704704220CEBAE
:10354000C20219605060704705220CEBC20219607C
:103550005060704706220CEBC20219605060704741
:1035600070B515460E460446FFF7AAFE94F84400CF
:10357000FF280DD094F84500FF2810D0FFF7C8FEB3
:10358000A06BA0B12046BDE87040FFF7A1BC00BF12
:10359000002084F8440094F84500FF28EED1002074
:1035A00084F84500FFF7B4FEA06B0028EAD104F1CF
:1035B000240031462A4600F087F82046BDE87040D6
:1035C000FFF786BC0000000070B500283FD040F235
:1035D000B8150446C2F20045A86948B14FF0500042
:1035E00080F31188BFF36F8FBFF34F8FFEE700BFEB
:1035F000A8690130A861EE6928680430FFF7C8FDAA
:1036000050B12868A419446013D3686A296804314A
:10361000FFF706FE16E000BF28680121C06A01FA24
:1036200000F0696821EA000068602868A419446015
:10363000EBD2286A29680431FFF7F2FDE86A844278
:1036400038BFEC6201F080F9002818BF70BD4EF65B
:1036500004504FF08051CEF200000160BFF34F8F55
:10366000BFF36F8F70BD000040F2B811C2F200418D
:103670008A6B0260C9694160704700000000000069
:1036800040F2B8100121C2F200400163704700000F
:1036900080B110B50C4640F2B811C2F20041096881
:1036A0001831FFF7BDFD01212046BDE81040FFF7AE
:1036B0007BB800BF4FF0500080F31188BFF36F8FCD
:1036C000BFF34F8FFEE7000070B588B140F2B81627
:1036D0000C46C2F20046154631681831FFF7D4FD9A
:1036E00085B14FF0FF302946BDE87040FFF75CB868
:1036F0004FF0500080F31188BFF36F8FBFF34F8FEF
:10370000FEE700BFF56930680430FFF741FD58B1AE
:1037100030686419446014D3706A31680431BDE8BC
:103720007040FFF77DBD00BF30680121C06A01FA1B
:1037300000F0716821EA000070603068641944602C
:10374000EAD2306A31680431FFF76AFDF06A8442D8
:1037500038BFF46270BD0000F0B581B020B30446FC
:10376000006D18B3E26C8A4288BF114601281BD154
:10377000E06A884218D040F2B816C2F200463268B9
:10378000A2421DD0A26900EB80004DF60067002A1E
:10379000E162C2F200475CBFC1F10701A16161694A
:1037A00007EB8000814215D001B0F0BD4FF0500012
:1037B00080F31188BFF36F8FBFF34F8FFEE700BF19
:1037C0004FF0500080F31188BFF36F8FBFF34F8F1E
:1037D000FEE700BF251D2846FFF7DAFCE16A01225B
:1037E00002FA01F210B970689043706001EB810039
:1037F00071681143716007EB8000294601B0BDE894
:10380000F040FFF741BD000010B588B0002005A9C9
:10381000CDE9050006A804AAFFF7D2FC0598002808
:103820003ED0069C002C45D0049A5C210791079954
:103830005C2949D107992063022084F8590007A820
:103840000021CDE9001042F6291029A1C0F601009F
:1038500000230294FFF7ACF82046FEF7E5FF40F2A4
:10386000B8140798C2F20044A062B0B101F0E4F8C5
:10387000411C33D0012810D14FF0500080F3118843
:10388000BFF36F8FBFF34F8F4FF0FF30E062012027
:1038900060610020E06100F06FF808B010BD00BF6B
:1038A0004FF0500080F31188BFF36F8FBFF34F8F3D
:1038B000FEE700BF4FF0500080F31188BFF36F8F19
:1038C000BFF34F8FFEE700BF4FF0500080F3118829
:1038D000BFF36F8FBFF34F8FFEE700BF4FF0500075
:1038E00080F31188BFF36F8FBFF34F8FFEE700BFE8
:1038F00049444C450000000040F2B810C2F20040BC
:10390000816901318161704740F2B810C2F2004014
:10391000816919B101210163704700BF0021016372
:103920004168B1FA81F1C9B24DF60062C1F11F01DF
:10393000C2F2004201EB810152F8213063B102EB87
:10394000810252F8041F131D4968116099420DD07D
:10395000C9680160704700BF4FF0500080F31188C4
:10396000BFF36F8FBFF34F8FFEE700BF4968116051
:10397000C968016070470000B0B584B04EF2004CD9
:103980004CF27021CEF2000CC4F20F114B1CDCF88B
:1039900000299A420AD14FF0500080F31188BFF3FA
:1039A0006F8FBFF34F8F00BFFEE700BFDCF8002929
:1039B0008A4209D14FF0500080F31188BFF36F8F16
:1039C000BFF34F8FFEE700BF9CF800100291FF216C
:1039D0008CF800109CF800108DF8071040F28C2134
:1039E0009DF80720C2F2004102F050020A7007223F
:1039F0004A609DF90720B2F1FF3F6BDC0322D31C24
:103A00004B609DF8070040008DF807009DF9070006
:103A1000B0F1FF3F25DC931C4B609DF80700400090
:103A20008DF807009DF90700B0F1FF3FDFBF531C81
:103A30004B609DF807004000DEBF8DF807009DF940
:103A40000700B0F1FF3F0CDC4A60043A9DF8070024
:103A500040008DF807009DF90700B0F1FF3FCEDD73
:103A6000131D032B36D14FF44070486002988CF838
:103A70000000DCF8200940F47000CCF82009DCF8E4
:103A8000200940F07040CCF82009FFF7C5FC40F257
:103A900030140025C2F200442560FFF705FC4EF605
:103AA0003470CEF20000016841F040410160FFF740
:103AB00013F8FFF729FF039520684FF0500181F3B9
:103AC0001188BFF36F8FBFF34F8F01300ED000BF4F
:103AD000FEE700BF4FF0500080F31188BFF36F8FF7
:103AE000BFF34F8FFEE700BF039838B9039828B99A
:103AF0000398002804BF03980028F5D0002004B0E4
:103B0000B0BD000000000000C0B32DE9F041064642
:103B1000484314460F465030FFF71AFA054650B393
:103B200028464FF00008002F85F8468018BF503017
:103B3000C5E90F672860FFF7C3FBD5E90F012A68C5
:103B4000C5F8388001FB0023013800FB01206A60C2
:103B5000C5E90230FF2085F8440085F8450005F1ED
:103B60001000FFF74DFB05F12400FFF749FBFFF7BD
:103B7000CFFB85F84C402846BDE8F0814FF050005F
:103B800080F31188BFF36F8FBFF34F8FFEE7000004
:103B900070B582B070B11C46B3B1F9B9F2B14FF053
:103BA000500080F31188BFF36F8FBFF34F8F00BFBA
:103BB000FEE700BF4FF0500080F31188BFF36F8F16
:103BC000BFF34F8FFEE700BF4FF0500080F3118826
:103BD000BFF36F8FBFF34F8FFEE700BF51B14AB9FC
:103BE0004FF0500080F31188BFF36F8FBFF34F8FFA
:103BF000FEE700BF50230193019B502B2ED1019B68
:103C00000123002984F8463008BF2246069E226020
:103C1000C4E90F01FFF754FBD4E90F012268002526
:103C200001FB0023013800FB0120A5636260C4E9A9
:103C30000230FF2084F8440084F8450004F11000AD
:103C4000FFF7DEFA04F12400FFF7DAFAFFF760FB72
:103C500084F84C60204602B070BD00BF4FF05000A9
:103C600080F31188BFF36F8FBFF34F8FFEE7000023
:103C70002DE9F04F83B00292C0B104461D461746AD
:103C80000E46E9B1022D02D1E06B01285AD100F0B5
:103C9000D3FC18BB17B34FF0500080F31188BFF36B
:103CA0006F8FBFF34F8F00BFFEE700BF4FF0500094
:103CB00080F31188BFF36F8FBFF34F8FFEE700BF14
:103CC000206C0028DED04FF0500080F31188BFF345
:103CD0006F8FBFF34F8F00BFFEE700BFFFF7F0FA13
:103CE000022DA06B65D0E16B884262D30298002858
:103CF00000F016816846FFF7B7FCFFF709FBFFF7F6
:103D0000FBFDFFF7DDFA94F84400FF2802D1002004
:103D100084F8440094F84500FF2802D1002084F87C
:103D20004500FFF7F5FA684602A900F0C9FB98B113
:103D30002046FFF7CDF800F007FE002003B0BDE8F5
:103D4000F08F00BF4FF0500080F31188BFF36F8FEA
:103D5000BFF34F8FFEE700BF04F11008FFF7B0FA82
:103D6000D4F83890E76BFFF7D3FAB94516D102992A
:103D70004046FFF78DFC2046FFF7AAF800F0E4FD6F
:103D800088B94EF604504FF08051CEF20000016029
:103D9000BFF34F8FBFF36F8F05E000BF2046FFF7E3
:103DA00097F800F0D1FDFFF78BFAA06BE16B88422A
:103DB00064D2A76B226CDAB125B3E0683146ECF728
:103DC0001BFCE168206C2268091A9142E16003D271
:103DD0004042A1680844E060A81E3946B0FA80F06D
:103DE000002F18BF0121400908403F1A17E000BF0B
:103DF00020680025A0B9A06800F0BAFCA5600546BF
:103E00000EE000BF60683146ECF7F6FBD4E9010133
:103E1000226C10446060884201D3206860600025F5
:103E2000781CA06354F8240FA0B1204600F050FD88
:103E300050B14EF604504FF08051CEF200000160B8
:103E4000BFF34F8FBFF36F8FFFF762FA012003B00C
:103E5000BDE8F08F002DF7D04EF604504FF08051A2
:103E6000CEF200000160BFF34F8FBFF36F8FFFF7FB
:103E70004FFA012003B0BDE8F08F00BFE94602AF62
:103E80000CE000BF2046FFF723F800F05DFDFFF7D0
:103E900017FAA06BE16B8842FFF48BAF0298002801
:103EA0003ED0FFF735FAFFF727FDFFF709FA94F840
:103EB0004400FF2802D1002084F8440094F8450013
:103EC000FF2802D1002084F84500FFF721FA484678
:103ED000394600F0F5FA00287FF42AAFFFF7F0F931
:103EE000D4F838A0D4F83CB0FFF712FADA45C9D1BB
:103EF00002994046FFF7CCFB2046FEF7E9FF00F0B1
:103F000023FD0028C3D14EF604504FF08051CEF26D
:103F100000000160BFF34F8FBFF36F8FB7E700BFA3
:103F2000FFF7F6F9002003B0BDE8F08F00000000B5
:103F300070B568B10546006CA0B14FF0500080F339
:103F40001188BFF36F8FBFF34F8F00BFFEE700BF35
:103F50004FF0500080F31188BFF36F8FBFF34F8F86
:103F6000FEE700BF28680C4650B3FFF771FAEFF385
:103F700011864FF0500080F31188BFF36F8FBFF3AD
:103F80004F8FA86BE96B884216D295F84510013027
:103F9000A863FF2922D155F8240F10B3284600F05A
:103FA00097FC01460120002C18BF00291AD0206080
:103FB00086F3118870BD00BF002086F3118870BDA4
:103FC000A8680028D1D04FF0500080F31188BFF3CB
:103FD0006F8FBFF34F8F00BFFEE700BF481C85F80F
:103FE0004500012086F3118870BD0000000000002C
:103FF0002DE9F04F83B0029290B1044616460D466B
:10400000002947D000F018FBA0B99EB14FF0500036
:1040100080F31188BFF36F8FBFF34F8FFEE700BFB0
:104020004FF0500080F31188BFF36F8FBFF34F8FB5
:10403000FEE700BFFFF744F9D4F838A0BAF1000F4B
:1040400036D0226C52B1D4E902011144E1608142C0
:1040500001D32168E1602846ECF7CEFAAAF101000D
:10406000A06354F8100F70B1204600F031FC50B13D
:104070004EF604504FF08051CEF200000160BFF3C5
:104080004F8FBFF36F8F0124FFF742F9204603B033
:10409000BDE8F08F206C0028B4D04FF0500080F3C2
:1040A0001188BFF36F8FBFF34F8F00BFFEE700BFD4
:1040B0000298002800F0B4806846FFF7D5FAFFF7B1
:1040C00027F9FFF719FCFFF7FBF894F84400FF28E5
:1040D00002D1002084F8440094F8450004F124083B
:1040E000FF2802D1002084F84500FFF711F9684647
:1040F00002A900F0E5F978B12046FEF7E9FE00F0EC
:1041000023FCFFF7DDF8A66BFFF702F92EBB0024B6
:10411000204603B0BDE8F08FFFF7D2F8A66BFFF79B
:10412000F7F82EB12046FEF7D3FE00F00DFC14E0A8
:1041300002994046FFF7ACFA2046FEF7C9FE00F0B0
:1041400003FC50B94EF604504FF08051CEF20000FF
:104150000160BFF34F8FBFF36F8FFFF7B1F8D4F853
:1041600038A0BAF1000F7FF46CAF4FF00009EB46B6
:1041700002AE13E02046FEF7ABFE00F0E5FBFFF7D2
:104180009FF8A76BFFF7C4F8002FC0D0FFF798F88F
:10419000D4F838A0BAF1000F7FF453AF029800288A
:1041A0003ED0FFF7B5F8FFF7A7FBFFF789F894F8C3
:1041B0004400FF2808BF84F8449094F84500FF2885
:1041C00008BF84F84590FFF7A3F85846314600F041
:1041D00077F90028CED1FFF773F8A76BFFF798F8AF
:1041E00037B12046FEF774FE00F0AEFBCEE700BF0D
:1041F00002994046FFF74CFA2046FEF769FE00F0B0
:10420000A3FB0028C2D14EF604504FF08051CEF2ED
:1042100000000160BFF34F8FBFF36F8FB6E700BFA1
:104220000024FFF775F8204603B0BDE8F08F0000CA
:104230002DE9F04F83B0029160B10446006C98B153
:104240004FF0500080F31188BFF36F8FBFF34F8F93
:10425000FEE700BF4FF0500080F31188BFF36F8F6F
:10426000BFF34F8FFEE700BF0D4600F0E5F958B9E8
:1042700055B14FF0500080F31188BFF36F8FBFF33B
:104280004F8F00BFFEE700BFFFF71AF8A06BF8B131
:104290000138A063206810B9FEF756FFA06054F8FB
:1042A000100F70B1204600F013FB50B14EF60450D1
:1042B0004FF08051CEF200000160BFF34F8FBFF38B
:1042C0006F8F0126FFF724F8304603B0BDE8F08F6A
:1042D0000298002800F0EA806846FFF7C5F9FFF76A
:1042E00017F8FFF709FBFEF7EBFF94F84400FF28EF
:1042F00002D1002084F8440094F8450004F1240819
:10430000FF2802D1002084F84500FFF701F8684635
:1043100002A900F0D5F868B12046FEF7D9FD00F0FB
:1043200013FBFEF7CDFFA56BFEF7F2FF4FF0000683
:104330007DBBC9E7FEF7C4FFA56BFEF7E9FF3DB102
:104340002046FEF7C5FD00F0FFFA002621E000BF81
:10435000206808B1002607E0FEF7B2FFA06800F071
:1043600063FA0646FEF7D4FF02994046FFF790F93C
:104370002046FEF7ADFD00F0E7FA50B94EF60450C6
:104380004FF08051CEF200000160BFF34F8FBFF3BA
:104390006F8FFEF795FFA06B00287FF479AF4FF089
:1043A0000009EB4602AD11E02046FEF791FD00F05A
:1043B000CBFAFEF785FFA76BFEF7AAFF002F5FD0B1
:1043C000FEF77EFFA06B00287FF462AF0298002802
:1043D0004AD0FEF79DFFFFF78FFAFEF771FF94F8C2
:1043E0004400FF2808BF84F8449094F84500FF2853
:1043F00008BF84F84590FEF78BFF5846294600F029
:104400005FF80028D0D1FEF75BFFD4F838A0FEF7A4
:104410007FFFBAF1000F05D02046FEF759FD00F0EE
:1044200093FACDE7206838B9FEF74AFFA06800F09C
:10443000FBF90646FEF76CFF02994046FFF728F9A4
:104440002046FEF745FD00F07FFA0028B8D14EF671
:1044500004504FF08051CEF200000160BFF34F8F47
:10446000BFF36F8FACE700BF06B34FF0500080F38F
:104470001188BFF36F8FBFF34F8F00BFFEE700BF00
:1044800056B1FEF71DFFD8F8000058B1206B006848
:10449000C0F1070107E000BF0026304603B0BDE8C9
:1044A000F08F00BF0021A068FFF756F90026FEF745
:1044B0002FFF304603B0BDE8F08F00000000000081
:1044C000B0B538B30D4679B30446FEF7F9FE40F2B5
:1044D000B81CC2F2004CDCF81C2029684B1C2DD003
:1044E000D4E9000EDCF83830834201D072452DD279
:1044F000A2EB0E02914227D9881A2860DCF8380016
:104500002060DCF81C0060600024FEF701FF2046FC
:10451000B0BD00BF4FF0500080F31188BFF36F8F24
:10452000BFF34F8FFEE700BF4FF0500080F31188BC
:10453000BFF36F8FBFF34F8FFEE700BF0024FEF77E
:10454000E7FE2046B0BD00BF002028600124FEF732
:10455000DFFE2046B0BD00002DE9F04383B00746E2
:104560009000984615468946FEF7F2FCF8B10646DB
:104570005C20FEF7EDFCB8B104460022DDE90A102C
:104580002663434684F859202A46CDE90010384670
:1045900049460294FEF70CFA2046FEF745F9012041
:1045A00003B0BDE8F08300BF3046FEF7C9FE4FF010
:1045B000FF3003B0BDE8F08370B586B00B9CDCB172
:1045C0000C9E1EB35C250495049D5C2D28D1DDF85E
:1045D00028C0049D3463022586F85950CDF800C0E8
:1045E00005ADCDE90156FEF7E3F93046FEF71CF9BB
:1045F000059806B070BD00BF4FF0500080F31188E1
:10460000BFF36F8FBFF34F8FFEE700BF4FF0500037
:1046100080F31188BFF36F8FBFF34F8FFEE700BFAA
:104620004FF0500080F31188BFF36F8FBFF34F8FAF
:10463000FEE700000000000040F2B810C2F20040A7
:10464000416929B18069B0FA80F0400940007047A3
:10465000012070470000000040F2B810C2F2004094
:10466000C0697047000000002DE9F04740F2B8161D
:10467000C2F20046B06928B1706B0130706300204F
:10468000BDE8F087F06910F1010AC6F81CA020D33C
:10469000306A006850B14FF0500080F31188BFF3CA
:1046A0006F8FBFF34F8F00BFFEE700BF306A716AA4
:1046B00031627062B06B0130B063306A006828B15B
:1046C000306AC068C068406802E000BF4FF0FF3049
:1046D000F062F06A4DF600688245C2F2004801D2ED
:1046E000002434E0306A0024006868B34FF0010908
:1046F00016E000BFF86A726809FA00F100EB80006A
:1047000011437160294608EB8000FEF7BDFDF86A91
:104710003168C96A326A8842106828BF4C4698B12D
:10472000306AC068C7683D4655F8040F82450DD30E
:104730002846FEF72DFDB86A0028DBD007F11800E7
:10474000FEF726FDD6E700BF4FF0FF30F06230687D
:10475000C06A00EB800058F82000012888BF0124BF
:10476000306B002818BF01242046BDE8F087000008
:10477000F0B581B090B140F2B8170446C2F20047DC
:104780003868A0420ED04FF0500080F31188BFF37C
:104790006F8FBFF34F8F00BFFEE700BF002630468C
:1047A00001B0F0BD206DA8B301384FF000062065C0
:1047B000F5D1E06AE16C8842F1D0251D2846FEF76C
:1047C000E7FC00284DF60060C2F200400CD1E16A1F
:1047D00001EB810250F8222032B9012202FA01F1E4
:1047E0007A6822EA01017960E16C0126E162C1F197
:1047F0000702A26106FA01F201EB81017B681A430C
:104800007A6000EB81002946FEF73EFD304601B09C
:10481000F0BD00BF4FF0500080F31188BFF36F8FE1
:10482000BFF34F8FFEE700002DE9F04110B340F2D7
:10483000B8170446C2F20047C06A3968C96A88429C
:104840001CD2A169002904D43968C96AC1F10701E1
:10485000A16100EB80004DF60068C2F2004861697A
:1048600008EB8000814213D03868C06AE062012002
:10487000BDE8F0810020BDE8F08100BFE06C396840
:104880000025C96A884238BF01252846BDE8F08165
:10489000261D3046FEF77CFC38B9E06A012101FA9A
:1048A00000F0796821EA0000786038680125C06A64
:1048B000E06205FA00F17A6800EB8000114379604C
:1048C000314608EB8000FEF7DFFC2846BDE8F081AA
:1048D00070B5C068C5686DB105F118042046FEF7D3
:1048E00057FC40F2B816C2F20046B06960B106F15A
:1048F00064001BE04FF0500080F31188BFF36F8F0E
:10490000BFF34F8FFEE700BF2C1D2046FEF740FC93
:10491000E86A01218140726800EB800011434DF686
:1049200000627160C2F2004202EB80002146FEF795
:10493000ABFCE86A3168C96A884203D90120306358
:1049400070BD00BF002070BD2DE9F04140F2B815E8
:10495000C2F20045A86968B1FEF7B2FCA869013847
:10496000A861A86980B10024FEF7D2FC2046BDE80A
:10497000F08100BF4FF0500080F31188BFF36F8FBC
:10498000BFF34F8FFEE700BF28690028EBD0686EA9
:1049900078B34DF600680126C2F20048286FC76858
:1049A00007F11800FEF7F4FB3C1D2046FEF7F0FB74
:1049B000F86A6A6806FA00F100EB8000114369604A
:1049C000214608EB8000FEF75FFCF86A2968C96A97
:1049D000884228BF2E63686E0028DFD1286A0068ED
:1049E00020B1286AC068C068406801E04FF0FF301D
:1049F000E8626C6B4CB10126FFF736FE002818BF49
:104A00002E63013CF8D100206863286B0028AAD0EF
:104A10004EF604504FF08051CEF2000001240160A8
:104A2000BFF34F8FBFF36F8FFEF772FC2046BDE8D8
:104A3000F08100000000000070B586B0FEF740FC79
:104A400040F23026C2F20046306808BB06F114047A
:104A50002046FEF7D5FB06F128052846FEF7D0FBD9
:104A60004DF60D524DF6B053C2F20042C2F2004371
:104A70000A201021C6E9024500250095FFF788F8B5
:104A8000306028B145F2D961C0F60101FEF710FD92
:104A9000FEF73EFC3068D8B1002004A9CDE904003F
:104AA00005A803AAFEF79CFBDDE9032002210023F1
:104AB000CDE9001042F641300AA1C0F60100059D83
:104AC0000295FFF779FD706010B1012006B070BD4E
:104AD0004FF0500080F31188BFF36F8FBFF34F8FFB
:104AE000FEE700BF546D7220537663005FEA400C0E
:104AF00008BF91F0000F4FEA8C234FEAC12243EA2E
:104B000051514FEA1C5018BF00F5F0404FEA3000F9
:104B100018BF41F000415FEA6C5C00F02980BCF1F5
:104B2000FF3F08BF40F080407047130C06BF1204DF
:104B30004FF0100C4FF0000C130E04BF12020CF1DA
:104B4000080C130F04BF12010CF1040C930F04BFE7
:104B500092000CF1020CD30F04BF52000CF1010CB7
:104B600011464FF00002A0F11F00A0EB0C007047AF
:104B700011F0004F08BF704731F000413FF4D5AF4E
:104B80000B0C06BF09044FF0100C4FF0000C0B0E7D
:104B900004BF09020CF1080C0B0F04BF09010CF152
:104BA000040C8B0F04BF89000CF1020CCB0F04BF67
:104BB00049000CF1010CCCF1200322FA03F341EA85
:104BC000030102FA0CF2A0EB0C0000F101007047A7
:104BD00023F07F4720F07F4C80EA030000F0004084
:104BE000ACEB070303F57C5303F1FF032DE9804988
:104BF00009B44FEA144324EA03484FEA154B25EA67
:104C00000B4E0FF2042606EB13273E7803FB0667D4
:104C1000C7F5000707FB06F64FEAD64606F102067F
:104C20004FEA543707FB066CCCF1005C4FEA1C4797
:104C30002CEA074C0CFB06F507FB06F404EB1546C3
:104C40004FEA961649085FEA320234BF00204FF05F
:104C500000404FEAD13706FB07FC4FEA1C4C0CFB27
:104C60000BF7D21B03FB0CF761EB07010CFB0EF7F4
:104C7000B0EB074072EB17420CFB08F734BFA2EB16
:104C80000742B2EB074261EB17414FEA0C444FEA8F
:104C9000910706FB07FC4FEA1C4C0CFB0BF7B0EB33
:104CA000C74072EB573203FB0CF734BFA2EBC7428D
:104CB000B2EBC74261EB57310CFB0EF7B0EBC7000C
:104CC00072EB57720CFB08F734BFA2EBC702B2EBD2
:104CD000C70261EB57714FEA816141EA92114FEAD5
:104CE000826242EA90124FEA806004EBCC04039F98
:104CF0004FEAD13706FB07FC4FEA1C4C0CFB0BF7C5
:104D0000D21B03FB0CF761EB07010CFB0EF7B0EBBA
:104D1000074072EB17420CFB08F734BFA2EB0742C7
:104D2000B2EB074261EB17414FEA8C5504EB9C2430
:104D30004FEA910706FB07FC4FEA1C4C0CFB0BF7F4
:104D4000B0EBC74072EB573203FB0CF734BFA2EB5A
:104D5000C742B2EBC74261EB57310CFB0EF7B0EB29
:104D6000C70072EB57720CFB08F734BFA2EBC70207
:104D7000B2EBC70261EB57714FEA816141EA9211D0
:104D80004FEA826242EA90124FEA806015EB4C25AE
:104D900044F100044FEAD13706FB07FC4FEA1C4CF4
:104DA0000CFB0BF7D21B03FB0CF761EB07010CFBB1
:104DB0000EF7B0EB074072EB17420CFB08F734BF5D
:104DC000A2EB0742B2EB074261EB17414FEA813198
:104DD00041EA92414FEA823242EA90424FEA803001
:104DE0004FEA0C7615EB1C1544F1000448EA034326
:104DF0004EEA0B484FF0000EB2EB080C71EB0307C4
:104E000024BF624639464EEB0E0E4FF0000B0018E1
:104E1000524149414BEB0B0BB2EB080C71EB030712
:104E20007BF1000B24BF624639464EEB0E0E4FF06D
:104E3000000B0018524149414BEB0B0BB2EB080C35
:104E400071EB03077BF1000B24BF624639464EEB42
:104E50000E0E51EA020718BF46F0010616EB0E7659
:104E600055F1000254F1000103D5BDE88901BDE808
:104E70000088BDE88901BDE80048B619524141EB00
:104E80000101A3F10103704780807F7E7D7C7B7AE6
:104E90007978777676757473727171706F6E6E6DE6
:104EA0006C6C6B6A6A69686867666665646463638C
:104EB00062616160605F5F5E5E5D5D5C5C5B5B5A12
:104EC0005A5959585857575656555555545453537F
:104ED00052525251515050504F4F4F4E4E4D4D4DDA
:104EE0004C4C4C4B4B4B4A4A4A4949494848484725
:104EF0004747474646464545454444444443434363
:104F000043424242424141419C46002B30D477000B
:104F10002BD04FEA37071CB503B44FF010004FF009
:104F20001001BAF1000F06D0BCF1000FDCBF40F059
:104F3000080040F008014FF000000FBCBDE8104031
:104F40000BF1010BBBF1010F08BF5FEA170722BF8E
:104F500012F1010211F101014FF0004143F1000390
:104F600000F0004043EA00007047F9D35708D0E74B
:104F700046EA06464FEA164613F1400F1FDD13F1CD
:104F8000200FDFBF16430A46002120335B42BED00C
:104F9000C3F1200746EA06464FEA164602FA07F72B
:104FA00046EA070622FA03F2C3F1200701FA07F7DF
:104FB00042EA070221FA03F14FF00003A7E746EAAD
:104FC000020646EA06464FEA164646EA0106BCBF16
:104FD00046EA0646360C4FF000034FF000024FF051
:104FE000000194E72DE9804C70B49A46934691E80D
:104FF000380007C831EA400C48BF34EA430C03D5F7
:10500000FFF7E6FDFFF780FFF0BCBDE8008C2DE95F
:10501000804C70B49A46934691E8380007C810F067
:10502000804F08BF13F0804F03D100F005F8FFF761
:105030006BFFF0BCBDE8008C20F07F4723F07F4C75
:1050400080EA030000F0004007EB0C03A3F57C535B
:10505000A3F1FE0392F0000F00F0B38095F0000F73
:1050600000F077802DE901494FEA114021EA00481C
:105070004FEA144624EA064700FB06FC08FB06F646
:1050800007FB08F818EB06484CEB164C00FB07F73B
:1050900018EB07484CEB17404FEA124B22EA0B4E35
:1050A0004FEA154625EA06470BFB06FC0EFB06F603
:1050B00007FB0EFE1EEB064E4CEB164C0BFB07F7E8
:1050C0001EEB074E4CEB174B18EB0B0840F10000A2
:1050D00018EB0E0B58EB000840F100008F1A4FF050
:1050E00000014FF000063CBFC943661B14BFB5EB7F
:1050F000040C00213CBFC943F61B4FEA174427EAC2
:1051000004454FEA1C472CEA074C04FB076205FBE9
:1051100007F70CFB05F616EB074642EB174204FBBC
:105120000CFC16EB0C4642EB1C421BEB060658EB44
:10513000020241414EEA8E0E46EA9E0601D5BDE8C6
:105140000189B619524141EB0101A3F10103BDE808
:1051500001894FEA144524EA05464FEA114721EA3E
:10516000074C05FB07F406FB07F70CFB06F111EBF8
:10517000074144EB174405FB0CFC11EB0C4144EBDD
:105180001C444FEA124722EA074C05FB07F206FBD4
:1051900007F70CFB06F616EB074642EB174205FB3A
:1051A0000CFC16EB0C4642EB1C456A1854F100014E
:1051B00048BF7047B619524141EB0101A3F1010309
:1051C000704795F0000F37D04FEA114221EA0246AE
:1051D0004FEA144724EA074C02FB07F106FB07F7E6
:1051E0000CFB06F414EB074441EB174102FB0CFCEB
:1051F00014EB0C4441EB1C414FEA154725EA074CE0
:1052000002FB07F506FB07F70CFB06F616EB074655
:1052100045EB174502FB0CFC16EB0C4645EB1C421C
:10522000121951F1000148BF7047B619524141EBC4
:105230000101A3F1010370474FEA144524EA054632
:105240004FEA114721EA074C05FB07F106FB07F778
:105250000CFB06F212EB074241EB174105FB0CFC7D
:1052600012EB0C4251EB1C414FF0000648BF704757
:10527000921841EB0101A3F10103704703B40198B7
:105280004100009850EAC12018BF04204A0D18BF01
:1052900040F0010040F2FF72B2EB515F08BF40F0F6
:1052A0000200012808BF052002B0704710B5002990
:1052B0000AD00878002807D005487844EBF7DCFDD1
:1052C000002801D0002010BD0248784410BD000025
:1052D0004A04000042040000F1EE100A4FF6FF718C
:1052E000C0F2C03120EA010040F04070E1EE100A47
:1052F0007047EBF729BB000002400000000000A04F
:105300000000000005400000000000C80000000090
:105310000C4000000000409C00000000194000000C
:105320000020BCBE0000000034400000BFC91B8E3E
:1053300000000004B5400000504BCFD06607E2CF1C
:10534000010000006C4100003E8251AADFEEA7344C
:1053500001000000D9420000DCB5A0E23A301F97FE
:10536000FFFFFFFFB4450000FD25A0C8E9A3C14F22
:10537000FFFFFFFFFF3F0000000000800000000073
:10538000FF3F00000000008000000000000000005F
:10539000000000000000000000000000000000000D
:1053A00001000000020000000300000004000000F3
:1053B00000000000050000000000000000000000E8
:1053C00000000000060000000000000000000000D7
:1053D00000000000070000008856010839B50008E9
:1053E0000000000000000000000100002C67002405
:1053F0002C6B00249E56010879D30008020000009F
:10540000000000008000000044B2002444B40024E6
:10541000BD56010811D60008000000000000000081
:1054200080000000000000000000000000040810E0
:105430002040010408102040000000000102030485
:105440000102030406070809010002000400060027
:1054500008000A000C00100020004000800000013D
:105460000000891112239B322446AD573665BF7464
:10547000488CC19D5AAFD3BE6CCAE5DB7EE9F7F814
:105480008110080193331A22A5562C47B7753E6444
:10549000C99C408DDBBF52AEEDDA64CBFFF976E8F4
:1054A00002218B30100299132667AF763444BD5524
:1054B0004AADC3BC588ED19F6EEBE7FA7CC8F5D9D4
:1054C00083310A2091121803A7772E66B5543C4504
:1054D000CBBD42ACD99E508FEFFB66EAFDD874C9B4
:1054E00004428D5316619F702004A9153227BB36E4
:1054F0004CCEC5DF5EEDD7FC6888E1997AABF3BA94
:1055000085520C4397711E60A1142805B3373A26C3
:10551000CDDE44CFDFFD56ECE9986089FBBB72AA73
:1055200006638F7214409D512225AB343006B917A3
:105530004EEFC7FE5CCCD5DD6AA9E3B8788AF19B53
:1055400087730E6295501C41A3352A24B116380783
:10555000CFFF46EEDDDC54CDEBB962A8F99A708B33
:10556000088481951AA793B62CC2A5D33EE1B7F063
:105570004008C919522BDB3A644EED5F766DFF7C13
:10558000899400859BB712A6ADD224C3BFF136E043
:10559000C1184809D33B5A2AE55E6C4FF77D7E6CF3
:1055A0000AA583B4188691972EE3A7F23CC0B5D123
:1055B0004229CB38500AD91B666FEF7E744CFD5DD3
:1055C0008BB502A499961087AFF326E2BDD034C103
:1055D000C3394A28D11A580BE77F6E6EF55C7C4DB3
:1055E0000CC685D71EE597F42880A1913AA3B3B2E3
:1055F000444ACD5B5669DF78600CE91D722FFB3E93
:105600008DD604C79FF516E4A9902081BBB332A2C2
:10561000C55A4C4BD7795E68E11C680DF33F7A2E72
:105620000EE787F61CC495D52AA1A3B03882B193A2
:10563000466BCF7A5448DD59622DEB3C700EF91F52
:105640008FF706E69DD414C5ABB122A0B992308382
:10565000C77B4E6AD5585C49E33D6A2CF11E780F32
:105660000001020304050607080C1014182030403E
:1056700001010103070100000804020408010101FF
:105680005267625461736B004C63645461736B00C6
:105690004D6F746F72436F6D6D5461736B00536126
:1056A00066654D6F6E69746F725461736B004B6900
:1056B0006E656D61746963735461736B00646566D4
:1056C00061756C745461736B00496D755461736BD3
:1056D0000046756E5465737400546D7251007465A4
:1056E00073740A00205701080000002438010000EC
:1056F00030030008E057010838010024582A01004F
:10570000900300081C00000043000000F8FFFFFFAA
:105710000C0000000E0000000F0000002E00000032
:10572000320142102C90D003041379FD1B08B10400
:105730001AC1041AF1041321FE1B0851081A890426
:105740004113B1F8140801F74C0809FA101A610C5A
:105750001B49F6301904C11A01281AA91C1A590844
:105760002A99301302431302011DC03209041D1A85
:10577000020B13052416100105240110090104244D
:105780000202052406170107058203081510090403
:105790000133020A2E0705010240072A810711136F
:1057A0000A0632022A40B41A12231302021E408350
:1057B000044057591B0203151BB1147419041AA194
:1057C000041AE10413011500083208040309041A3D
:1057D000030D1233333340041AAA014100000000C4
:04000005080002CD20
:00000001FF
