const float joint_angles[1201][6] = 
{
    { -46.80995719, -55.75073619, 1.43242925, -30.23254761, 111.44620565, -102.81284039 },
    { -46.78418335, -55.70113137, 1.33690995, -30.15260013, 111.44332209, -102.76056666 },
    { -46.75838066, -55.65153827, 1.24155590, -30.07258811, 111.44027529, -102.70817434 },
    { -46.73255339, -55.60197749, 1.14640083, -29.99252679, 111.43707329, -102.65565809 },
    { -46.70670159, -55.55244867, 1.05144421, -29.91241655, 111.43371588, -102.60301856 },
    { -46.68082532, -55.50295146, 0.95668547, -29.83225772, 111.43020283, -102.55025639 },
    { -46.65492464, -55.45348551, 0.86212409, -29.75205068, 111.42653393, -102.49737223 },
    { -46.62899960, -55.40405046, 0.76775952, -29.67179577, 111.42270896, -102.44436671 },
    { -46.60305025, -55.35464596, 0.67359124, -29.59149336, 111.41872771, -102.39124048 },
    { -46.57707666, -55.30527168, 0.57961872, -29.51114380, 111.41458996, -102.33799418 },
    { -46.55107887, -55.25592727, 0.48584144, -29.43074745, 111.41029548, -102.28462845 },
    { -46.52505695, -55.20661240, 0.39225889, -29.35030468, 111.40584407, -102.23114393 },
    { -46.49901094, -55.15732672, 0.29887057, -29.26981584, 111.40123549, -102.17754125 },
    { -46.47294092, -55.10806992, 0.20567596, -29.18928130, 111.39646952, -102.12382106 },
    { -46.44684692, -55.05884164, 0.11267458, -29.10870142, 111.39154595, -102.06998400 },
    { -46.42072902, -55.00964159, 0.01986594, -29.02807657, 111.38646454, -102.01603069 },
    { -46.39458727, -54.96046941, -0.07275045, -28.94740710, 111.38122508, -101.96196177 },
    { -46.36842172, -54.91132481, -0.16517508, -28.86669339, 111.37582734, -101.90777789 },
    { -46.34223244, -54.86220746, -0.25740841, -28.78593580, 111.37027109, -101.85347967 },
    { -46.31601948, -54.81311703, -0.34945091, -28.70513469, 111.36455612, -101.79906776 },
    { -46.28978291, -54.76405324, -0.44130306, -28.62429045, 111.35868218, -101.74454278 },
    { -46.26352277, -54.71501575, -0.53296530, -28.54340342, 111.35264906, -101.68990537 },
    { -46.23723914, -54.66600427, -0.62443809, -28.46247399, 111.34645652, -101.63515616 },
    { -46.21093207, -54.61701849, -0.71572189, -28.38150253, 111.34010434, -101.58029579 },
    { -46.18460163, -54.56805810, -0.80681713, -28.30048940, 111.33359229, -101.52532489 },
    { -46.15824786, -54.51912282, -0.89772426, -28.21943498, 111.32692014, -101.47024409 },
    { -46.13187084, -54.47021234, -0.98844371, -28.13833965, 111.32008765, -101.41505403 },
    { -46.10547062, -54.42132637, -1.07897591, -28.05720376, 111.31309461, -101.35975532 },
    { -46.07904727, -54.37246462, -1.16932129, -27.97602771, 111.30594077, -101.30434862 },
    { -46.05260085, -54.32362680, -1.25948026, -27.89481186, 111.29862591, -101.24883454 },
    { -46.02613141, -54.27481263, -1.34945325, -27.81355659, 111.29114980, -101.19321372 },
    { -45.99963903, -54.22602181, -1.43924066, -27.73226228, 111.28351220, -101.13748679 },
    { -45.97312376, -54.17725407, -1.52884290, -27.65092931, 111.27571287, -101.08165437 },
    { -45.94658566, -54.12850913, -1.61826037, -27.56955805, 111.26775160, -101.02571711 },
    { -45.92002481, -54.07978671, -1.70749347, -27.48814888, 111.25962814, -100.96967562 },
    { -45.89344126, -54.03108654, -1.79654260, -27.40670219, 111.25134226, -100.91353054 },
    { -45.86683508, -53.98240835, -1.88540814, -27.32521836, 111.24289373, -100.85728249 },
    { -45.84020634, -53.93375186, -1.97409048, -27.24369776, 111.23428231, -100.80093211 },
    { -45.81355508, -53.88511682, -2.06259000, -27.16214078, 111.22550777, -100.74448003 },
    { -45.78688139, -53.83650295, -2.15090707, -27.08054780, 111.21656987, -100.68792686 },
    { -45.76018533, -53.78790999, -2.23904208, -26.99891921, 111.20746839, -100.63127325 },
    { -45.73346696, -53.73933769, -2.32699537, -26.91725539, 111.19820308, -100.57451982 },
    { -45.70672634, -53.69078579, -2.41476733, -26.83555673, 111.18877371, -100.51766719 },
    { -45.67996355, -53.64225402, -2.50235831, -26.75382361, 111.17918005, -100.46071600 },
    { -45.65317865, -53.59374215, -2.58976866, -26.67205643, 111.16942186, -100.40366688 },
    { -45.62637171, -53.54524990, -2.67699874, -26.59025556, 111.15949890, -100.34652044 },
    { -45.59954279, -53.49677705, -2.76404889, -26.50842140, 111.14941094, -100.28927733 },
    { -45.57269196, -53.44832333, -2.85091947, -26.42655434, 111.13915775, -100.23193815 },
    { -45.54581929, -53.39988851, -2.93761080, -26.34465477, 111.12873908, -100.17450356 },
    { -45.51892485, -53.35147235, -3.02412323, -26.26272308, 111.11815471, -100.11697416 },
    { -45.49200870, -53.30307459, -3.11045709, -26.18075966, 111.10740440, -100.05935059 },
    { -45.46507092, -53.25469501, -3.19661271, -26.09876490, 111.09648790, -100.00163348 },
    { -45.43811157, -53.20633337, -3.28259041, -26.01673920, 111.08540500, -99.94382345 },
    { -45.41113072, -53.15798944, -3.36839051, -25.93468294, 111.07415545, -99.88592113 },
    { -45.38412845, -53.10966297, -3.45401334, -25.85259654, 111.06273901, -99.82792715 },
    { -45.35710481, -53.06135375, -3.53945920, -25.77048037, 111.05115545, -99.76984213 },
    { -45.33005989, -53.01306155, -3.62472841, -25.68833485, 111.03940454, -99.71166670 },
    { -45.30299375, -52.96478613, -3.70982128, -25.60616035, 111.02748604, -99.65340149 },
    { -45.27590646, -52.91652728, -3.79473810, -25.52395729, 111.01539971, -99.59504713 },
    { -45.24879809, -52.86828478, -3.87947918, -25.44172605, 111.00314533, -99.53660424 },
    { -45.22166873, -52.82005839, -3.96404482, -25.35946705, 110.99072265, -99.47807344 },
    { -45.19451843, -52.77184792, -4.04843530, -25.27718067, 110.97813144, -99.41945537 },
    { -45.16734727, -52.72365313, -4.13265093, -25.19486732, 110.96537147, -99.36075066 },
    { -45.14015532, -52.67547382, -4.21669198, -25.11252740, 110.95244250, -99.30195992 },
    { -45.11294266, -52.62730977, -4.30055873, -25.03016130, 110.93934430, -99.24308379 },
    { -45.08570935, -52.57916078, -4.38425148, -24.94776945, 110.92607664, -99.18412289 },
    { -45.05845548, -52.53102663, -4.46777049, -24.86535222, 110.91263928, -99.12507786 },
    { -45.03118112, -52.48290712, -4.55111604, -24.78291004, 110.89903199, -99.06594931 },
    { -45.00388633, -52.43480205, -4.63428840, -24.70044329, 110.88525454, -99.00673788 },
    { -44.97657120, -52.38671121, -4.71728784, -24.61795240, 110.87130669, -98.94744418 },
    { -44.94923579, -52.33863440, -4.80011462, -24.53543776, 110.85718821, -98.88806886 },
    { -44.92188019, -52.29057143, -4.88276900, -24.45289977, 110.84289888, -98.82861253 },
    { -44.89450447, -52.24252209, -4.96525124, -24.37033885, 110.82843845, -98.76907583 },
    { -44.86710871, -52.19448619, -5.04756159, -24.28775541, 110.81380670, -98.70945937 },
    { -44.83969298, -52.14646353, -5.12970031, -24.20514984, 110.79900340, -98.64976379 },
    { -44.81225735, -52.09845393, -5.21166765, -24.12252256, 110.78402832, -98.58998972 },
    { -44.78480191, -52.05045720, -5.29346385, -24.03987397, 110.76888122, -98.53013778 },
    { -44.75732673, -52.00247314, -5.37508915, -23.95720450, 110.75356189, -98.47020859 },
    { -44.72983189, -51.95450158, -5.45654380, -23.87451454, 110.73807008, -98.41020280 },
    { -44.70231747, -51.90654232, -5.53782803, -23.79180450, 110.72240557, -98.35012102 },
    { -44.67478354, -51.85859518, -5.61894207, -23.70907480, 110.70656814, -98.28996388 },
    { -44.64723018, -51.81065999, -5.69988617, -23.62632585, 110.69055755, -98.22973200 },
    { -44.61965748, -51.76273656, -5.78066054, -23.54355806, 110.67437358, -98.16942603 },
    { -44.59206551, -51.71482471, -5.86126541, -23.46077184, 110.65801601, -98.10904658 },
    { -44.56445434, -51.66692428, -5.94170101, -23.37796761, 110.64148460, -98.04859428 },
    { -44.53682407, -51.61903507, -6.02196755, -23.29514578, 110.62477913, -97.98806976 },
    { -44.50917477, -51.57115693, -6.10206526, -23.21230675, 110.60789938, -97.92747365 },
    { -44.48150652, -51.52328968, -6.18199435, -23.12945096, 110.59084512, -97.86680657 },
    { -44.45381940, -51.47543315, -6.26175503, -23.04657881, 110.57361613, -97.80606915 },
    { -44.42611349, -51.42758718, -6.34134751, -22.96369071, 110.55621218, -97.74526203 },
    { -44.39838888, -51.37975159, -6.42077200, -22.88078709, 110.53863306, -97.68438582 },
    { -44.37064564, -51.33192623, -6.50002871, -22.79786835, 110.52087854, -97.62344116 },
    { -44.34288386, -51.28411092, -6.57911783, -22.71493492, 110.50294840, -97.56242867 },
    { -44.31510362, -51.23630552, -6.65803956, -22.63198721, 110.48484243, -97.50134899 },
    { -44.28730500, -51.18850986, -6.73679410, -22.54902564, 110.46656039, -97.44020274 },
    { -44.25948808, -51.14072377, -6.81538166, -22.46605062, 110.44810208, -97.37899054 },
    { -44.23165296, -51.09294711, -6.89380241, -22.38306258, 110.42946727, -97.31771303 },
    { -44.20379971, -51.04517973, -6.97205654, -22.30006193, 110.41065574, -97.25637084 },
    { -44.17592842, -50.99742146, -7.05014426, -22.21704909, 110.39166729, -97.19496458 },
    { -44.14803916, -50.94967215, -7.12806573, -22.13402447, 110.37250169, -97.13349490 },
    { -44.12013204, -50.90193166, -7.20582115, -22.05098851, 110.35315873, -97.07196242 },
    { -44.09220712, -50.85419984, -7.28341068, -21.96794162, 110.33363819, -97.01036776 },
    { -44.06426451, -50.80647653, -7.36083452, -21.88488421, 110.31393986, -96.94871156 },
    { -44.03630427, -50.75876160, -7.43809283, -21.80181671, 110.29406353, -96.88699443 },
    { -44.00832650, -50.71105490, -7.51518579, -21.71873954, 110.27400898, -96.82521703 },
    { -43.98033129, -50.66335629, -7.59211357, -21.63565312, 110.25377601, -96.76337995 },
    { -43.95231872, -50.61566562, -7.66887634, -21.55255787, 110.23336440, -96.70148385 },
    { -43.92428888, -50.56798276, -7.74547426, -21.46945421, 110.21277394, -96.63952934 },
    { -43.89624185, -50.52030757, -7.82190749, -21.38634256, 110.19200443, -96.57751706 },
    { -43.86817773, -50.47263991, -7.89817621, -21.30322334, 110.17105566, -96.51544762 },
    { -43.84009660, -50.42497965, -7.97428056, -21.22009698, 110.14992742, -96.45332166 },
    { -43.81199855, -50.37732665, -8.05022071, -21.13696390, 110.12861950, -96.39113981 },
    { -43.78388367, -50.32968078, -8.12599681, -21.05382451, 110.10713170, -96.32890270 },
    { -43.75575205, -50.28204192, -8.20160902, -20.97067925, 110.08546381, -96.26661094 },
    { -43.72760378, -50.23440992, -8.27705748, -20.88752853, 110.06361564, -96.20426518 },
    { -43.69943894, -50.18678467, -8.35234234, -20.80437277, 110.04158698, -96.14186603 },
    { -43.67125764, -50.13916604, -8.42746375, -20.72121241, 110.01937762, -96.07941413 },
    { -43.64305995, -50.09155390, -8.50242186, -20.63804785, 109.99698737, -96.01691011 },
    { -43.61484597, -50.04394813, -8.57721681, -20.55487953, 109.97441603, -95.95435458 },
    { -43.58661579, -49.99634861, -8.65184873, -20.47170787, 109.95166340, -95.89174818 },
    { -43.55836950, -49.94875521, -8.72631778, -20.38853328, 109.92872928, -95.82909153 },
    { -43.53010720, -49.90116782, -8.80062407, -20.30535620, 109.90561348, -95.76638527 },
    { -43.50182897, -49.85358633, -8.87476776, -20.22217705, 109.88231580, -95.70363001 },
    { -43.47353492, -49.80601060, -8.94874897, -20.13899624, 109.85883605, -95.64082639 },
    { -43.44522512, -49.75844053, -9.02256782, -20.05581421, 109.83517403, -95.57797504 },
    { -43.41689968, -49.71087601, -9.09622446, -19.97263137, 109.81132955, -95.51507657 },
    { -43.38855868, -49.66331692, -9.16971901, -19.88944815, 109.78730242, -95.45213162 },
    { -43.36020223, -49.61576315, -9.24305159, -19.80626497, 109.76309244, -95.38914081 },
    { -43.33183042, -49.56821459, -9.31622232, -19.72308225, 109.73869945, -95.32610477 },
    { -43.30344333, -49.52067114, -9.38923133, -19.63990042, 109.71412323, -95.26302412 },
    { -43.27504108, -49.47313269, -9.46207873, -19.55671990, 109.68936361, -95.19989949 },
    { -43.24662374, -49.42559912, -9.53476465, -19.47354112, 109.66442040, -95.13673151 },
    { -43.21819142, -49.37807035, -9.60728920, -19.39036449, 109.63929342, -95.07352081 },
    { -43.18974421, -49.33054625, -9.67965250, -19.30719044, 109.61398248, -95.01026799 },
    { -43.16128221, -49.28302675, -9.75185464, -19.22401939, 109.58848740, -94.94697370 },
    { -43.13280552, -49.23551172, -9.82389576, -19.14085176, 109.56280800, -94.88363856 },
    { -43.10431423, -49.18800108, -9.89577594, -19.05768798, 109.53694410, -94.82026319 },
    { -43.07580844, -49.14049473, -9.96749531, -18.97452846, 109.51089552, -94.75684821 },
    { -43.04728824, -49.09299257, -10.03905396, -18.89137364, 109.48466209, -94.69339426 },
    { -43.01875375, -49.04549450, -10.11045201, -18.80822393, 109.45824363, -94.62990194 },
    { -42.99020504, -48.99800044, -10.18168954, -18.72507974, 109.43163995, -94.56637190 },
    { -42.96164223, -48.95051029, -10.25276667, -18.64194152, 109.40485090, -94.50280475 },
    { -42.93306541, -48.90302396, -10.32368348, -18.55880966, 109.37787630, -94.43920111 },
    { -42.90447468, -48.85554136, -10.39444008, -18.47568461, 109.35071597, -94.37556161 },
    { -42.87587014, -48.80806241, -10.46503656, -18.39256676, 109.32336975, -94.31188687 },
    { -42.84725189, -48.76058700, -10.53547302, -18.30945656, 109.29583746, -94.24817752 },
    { -42.81862003, -48.71311507, -10.60574954, -18.22635441, 109.26811894, -94.18443417 },
    { -42.78997466, -48.66564652, -10.67586622, -18.14326074, 109.24021403, -94.12065744 },
    { -42.76131589, -48.61818128, -10.74582314, -18.06017596, 109.21212256, -94.05684796 },
    { -42.73264381, -48.57071925, -10.81562040, -17.97710050, 109.18384436, -93.99300636 },
    { -42.70395852, -48.52326037, -10.88525807, -17.89403477, 109.15537927, -93.92913324 },
    { -42.67526014, -48.47580454, -10.95473624, -17.81097919, 109.12672714, -93.86522923 },
    { -42.64654875, -48.42835170, -11.02405500, -17.72793418, 109.09788779, -93.80129495 },
    { -42.61782447, -48.38090177, -11.09321442, -17.64490016, 109.06886109, -93.73733102 },
    { -42.58908739, -48.33345466, -11.16221458, -17.56187754, 109.03964686, -93.67333806 },
    { -42.56033762, -48.28601031, -11.23105556, -17.47886674, 109.01024495, -93.60931669 },
    { -42.53157526, -48.23856864, -11.29973744, -17.39586818, 108.98065521, -93.54526753 },
    { -42.50280042, -48.19112958, -11.36826029, -17.31288227, 108.95087748, -93.48119119 },
    { -42.47401321, -48.14369307, -11.43662419, -17.22990943, 108.92091162, -93.41708829 },
    { -42.44521371, -48.09625902, -11.50482920, -17.14695007, 108.89075747, -93.35295945 },
    { -42.41640206, -48.04882738, -11.57287540, -17.06400461, 108.86041489, -93.28880528 },
    { -42.38757833, -48.00139807, -11.64076286, -16.98107346, 108.82988373, -93.22462641 },
    { -42.35874265, -47.95397103, -11.70849164, -16.89815704, 108.79916383, -93.16042345 },
    { -42.32989512, -47.90654620, -11.77606181, -16.81525575, 108.76825507, -93.09619701 },
    { -42.30103585, -47.85912352, -11.84347344, -16.73237001, 108.73715729, -93.03194770 },
    { -42.27216493, -47.81170291, -11.91072658, -16.64950023, 108.70587035, -92.96767615 },
    { -42.24328249, -47.76428432, -11.97782130, -16.56664683, 108.67439412, -92.90338297 },
    { -42.21438862, -47.71686770, -12.04475767, -16.48381020, 108.64272845, -92.83906877 },
    { -42.18548344, -47.66945298, -12.11153573, -16.40099077, 108.61087321, -92.77473416 },
    { -42.15656704, -47.62204010, -12.17815555, -16.31818894, 108.57882826, -92.71037975 },
    { -42.12763956, -47.57462901, -12.24461719, -16.23540512, 108.54659347, -92.64600616 },
    { -42.09870108, -47.52721965, -12.31092069, -16.15263972, 108.51416870, -92.58161400 },
    { -42.06975171, -47.47981198, -12.37706612, -16.06989315, 108.48155383, -92.51720388 },
    { -42.04079158, -47.43240593, -12.44305352, -15.98716581, 108.44874872, -92.45277640 },
    { -42.01182079, -47.38500147, -12.50888295, -15.90445810, 108.41575325, -92.38833219 },
    { -41.98283944, -47.33759853, -12.57455446, -15.82177044, 108.38256729, -92.32387184 },
    { -41.95384766, -47.29019706, -12.64006809, -15.73910322, 108.34919072, -92.25939596 },
    { -41.92484554, -47.24279703, -12.70542390, -15.65645686, 108.31562340, -92.19490517 },
    { -41.89583321, -47.19539839, -12.77062193, -15.57383175, 108.28186523, -92.13040006 },
    { -41.86681076, -47.14800108, -12.83566222, -15.49122830, 108.24791607, -92.06588126 },
    { -41.83777832, -47.10060507, -12.90054482, -15.40864690, 108.21377581, -92.00134935 },
    { -41.80873600, -47.05321031, -12.96526977, -15.32608797, 108.17944434, -91.93680495 },
    { -41.77968391, -47.00581676, -13.02983712, -15.24355189, 108.14492153, -91.87224866 },
    { -41.75062216, -46.95842438, -13.09424690, -15.16103907, 108.11020727, -91.80768109 },
    { -41.72155086, -46.91103313, -13.15849915, -15.07854990, 108.07530146, -91.74310283 },
    { -41.69247014, -46.86364298, -13.22259391, -14.99608478, 108.04020397, -91.67851449 },
    { -41.66338009, -46.81625388, -13.28653122, -14.91364411, 108.00491470, -91.61391667 },
    { -41.63428084, -46.76886579, -13.35031111, -14.83122829, 107.96943354, -91.54930998 },
    { -41.60517251, -46.72147870, -13.41393362, -14.74883770, 107.93376039, -91.48469500 },
    { -41.57605519, -46.67409255, -13.47739878, -14.66647275, 107.89789513, -91.42007235 },
    { -41.54692902, -46.62670732, -13.54070662, -14.58413382, 107.86183768, -91.35544261 },
    { -41.51779411, -46.57932298, -13.60385717, -14.50182130, 107.82558792, -91.29080640 },
    { -41.48865057, -46.53193950, -13.66685047, -14.41953559, 107.78914575, -91.22616429 },
    { -41.45949851, -46.48455684, -13.72968654, -14.33727708, 107.75251108, -91.16151690 },
    { -41.43033806, -46.43717499, -13.79236541, -14.25504615, 107.71568382, -91.09686481 },
    { -41.40116934, -46.38979391, -13.85488710, -14.17284319, 107.67866386, -91.03220862 },
    { -41.37199245, -46.34241357, -13.91725165, -14.09066860, 107.64145111, -90.96754893 },
    { -41.34280752, -46.29503396, -13.97945907, -14.00852275, 107.60404548, -90.90288632 },
    { -41.31361466, -46.24765505, -14.04150940, -13.92640602, 107.56644688, -90.83822139 },
    { -41.28441399, -46.20027681, -14.10340264, -13.84431881, 107.52865523, -90.77355473 },
    { -41.25520563, -46.15289923, -14.16513883, -13.76226150, 107.49067043, -90.70888692 },
    { -41.22598971, -46.10552229, -14.22671799, -13.68023446, 107.45249241, -90.64421857 },
    { -41.19676633, -46.05814596, -14.28814013, -13.59823807, 107.41412107, -90.57955025 },
    { -41.16753562, -46.01077024, -14.34940527, -13.51627273, 107.37555633, -90.51488256 },
    { -41.13829770, -45.96339510, -14.41051343, -13.43433879, 107.33679813, -90.45021608 },
    { -41.10905268, -45.91602052, -14.47146462, -13.35243665, 107.29784637, -90.38555139 },
    { -41.07980069, -45.86864650, -14.53225887, -13.27056667, 107.25870098, -90.32088909 },
    { -41.05054185, -45.82127302, -14.59289618, -13.18872923, 107.21936189, -90.25622975 },
    { -41.02127628, -45.77390007, -14.65337657, -13.10692471, 107.17982903, -90.19157396 },
    { -40.99200410, -45.72652763, -14.71370005, -13.02515347, 107.14010231, -90.12692229 },
    { -40.96272544, -45.67915570, -14.77386664, -12.94341588, 107.10018168, -90.06227534 },
    { -40.93344041, -45.63178427, -14.83387634, -12.86171232, 107.06006706, -89.99763368 },
    { -40.90414913, -45.58441333, -14.89372916, -12.78004316, 107.01975839, -89.93299789 },
    { -40.87485173, -45.53704287, -14.95342511, -12.69840875, 106.97925561, -89.86836854 },
    { -40.84554834, -45.48967289, -15.01296421, -12.61680947, 106.93855864, -89.80374622 },
    { -40.81623907, -45.44230339, -15.07234645, -12.53524569, 106.89766744, -89.73913149 },
    { -40.78692405, -45.39493435, -15.13157184, -12.45371775, 106.85658193, -89.67452494 },
    { -40.75760341, -45.34756579, -15.19064039, -12.37222603, 106.81530207, -89.60992714 },
    { -40.72827726, -45.30019769, -15.24955211, -12.29077089, 106.77382779, -89.54533865 },
    { -40.69894573, -45.25283006, -15.30830698, -12.20935268, 106.73215905, -89.48076006 },
    { -40.66960895, -45.20546289, -15.36690503, -12.12797176, 106.69029579, -89.41619193 },
    { -40.64026704, -45.15809620, -15.42534625, -12.04662849, 106.64823795, -89.35163483 },
    { -40.61092013, -45.11072998, -15.48363064, -11.96532323, 106.60598550, -89.28708932 },
    { -40.58156834, -45.06336424, -15.54175819, -11.88405632, 106.56353838, -89.22255599 },
    { -40.55221180, -45.01599898, -15.59972892, -11.80282813, 106.52089656, -89.15803538 },
    { -40.52285064, -44.96863421, -15.65754281, -11.72163899, 106.47805997, -89.09352807 },
    { -40.49348498, -44.92126994, -15.71519987, -11.64048926, 106.43502859, -89.02903462 },
    { -40.46411495, -44.87390618, -15.77270010, -11.55937929, 106.39180237, -88.96455559 },
    { -40.43474067, -44.82654293, -15.83004347, -11.47830942, 106.34838128, -88.90009154 },
    { -40.40536228, -44.77918021, -15.88723001, -11.39727999, 106.30476528, -88.83564304 },
    { -40.37597990, -44.73181803, -15.94425969, -11.31629136, 106.26095433, -88.77121064 },
    { -40.34659366, -44.68445640, -16.00113251, -11.23534387, 106.21694840, -88.70679489 },
    { -40.31720369, -44.63709533, -16.05784846, -11.15443784, 106.17274746, -88.64239637 },
    { -40.28781011, -44.58973485, -16.11440754, -11.07357363, 106.12835148, -88.57801561 },
    { -40.25841306, -44.54237496, -16.17080973, -10.99275156, 106.08376044, -88.51365318 },
    { -40.22901267, -44.49501569, -16.22705503, -10.91197199, 106.03897430, -88.44930962 },
    { -40.19960907, -44.44765705, -16.28314343, -10.83123522, 105.99399305, -88.38498550 },
    { -40.17020238, -44.40029906, -16.33907491, -10.75054161, 105.94881666, -88.32068135 },
    { -40.14079274, -44.35294175, -16.39484947, -10.66989149, 105.90344511, -88.25639773 },
    { -40.11138027, -44.30558513, -16.45046708, -10.58928517, 105.85787839, -88.19213518 },
    { -40.08196512, -44.25822923, -16.50592775, -10.50872299, 105.81211646, -88.12789426 },
    { -40.05254740, -44.21087406, -16.56123144, -10.42820528, 105.76615934, -88.06367550 },
    { -40.02312725, -44.16351967, -16.61637816, -10.34773235, 105.72000699, -87.99947945 },
    { -39.99370481, -44.11616606, -16.67136788, -10.26730454, 105.67365940, -87.93530665 },
    { -39.96428020, -44.06881327, -16.72620059, -10.18692216, 105.62711658, -87.87115765 },
    { -39.93485356, -44.02146133, -16.78087626, -10.10658553, 105.58037850, -87.80703298 },
    { -39.90542502, -43.97411027, -16.83539489, -10.02629497, 105.53344517, -87.74293318 },
    { -39.87599471, -43.92676010, -16.88975646, -9.94605080, 105.48631658, -87.67885878 },
    { -39.84656277, -43.87941088, -16.94396094, -9.86585332, 105.43899272, -87.61481033 },
    { -39.81712933, -43.83206262, -16.99800832, -9.78570286, 105.39147361, -87.55078836 },
    { -39.78769453, -43.78471536, -17.05189858, -9.70559972, 105.34375923, -87.48679340 },
    { -39.75825849, -43.73736914, -17.10563169, -9.62554422, 105.29584960, -87.42282597 },
    { -39.72882135, -43.69002399, -17.15920764, -9.54553665, 105.24774471, -87.35888662 },
    { -39.69938326, -43.64267995, -17.21262640, -9.46557733, 105.19944458, -87.29497587 },
    { -39.66994433, -43.59533705, -17.26588795, -9.38566655, 105.15094921, -87.23109425 },
    { -39.64050472, -43.54799533, -17.31899227, -9.30580462, 105.10225862, -87.16724227 },
    { -39.61106455, -43.50065484, -17.37193933, -9.22599185, 105.05337281, -87.10342048 },
    { -39.58162396, -43.45331561, -17.42472910, -9.14622852, 105.00429181, -87.03962938 },
    { -39.55218308, -43.40597768, -17.47736158, -9.06651494, 104.95501562, -86.97586950 },
    { -39.52274206, -43.35864110, -17.52983672, -8.98685140, 104.90554426, -86.91214137 },
    { -39.49330102, -43.31130592, -17.58215450, -8.90723819, 104.85587776, -86.84844549 },
    { -39.46386012, -43.26397216, -17.63431489, -8.82767560, 104.80601614, -86.78478239 },
    { -39.43441947, -43.21663989, -17.68631788, -8.74816392, 104.75595941, -86.72115258 },
    { -39.40497923, -43.16930915, -17.73816342, -8.66870344, 104.70570761, -86.65755658 },
    { -39.37553953, -43.12197998, -17.78985149, -8.58929445, 104.65526076, -86.59399489 },
    { -39.34610051, -43.07465243, -17.84138207, -8.50993723, 104.60461889, -86.53046803 },
    { -39.31666230, -43.02732656, -17.89275511, -8.43063205, 104.55378204, -86.46697651 },
    { -39.28722505, -42.98000242, -17.94397060, -8.35137920, 104.50275023, -86.40352083 },
    { -39.25778889, -42.93268005, -17.99502851, -8.27217896, 104.45152349, -86.34010150 },
    { -39.22835396, -42.88535951, -18.04592879, -8.19303160, 104.40010188, -86.27671903 },
    { -39.19892041, -42.83804085, -18.09667142, -8.11393739, 104.34848541, -86.21337393 },
    { -39.16948837, -42.79072414, -18.14725636, -8.03489661, 104.29667414, -86.15006668 },
    { -39.14005798, -42.74340942, -18.19768359, -7.95590953, 104.24466810, -86.08679779 },
    { -39.11062939, -42.69609674, -18.24795307, -7.87697642, 104.19246734, -86.02356776 },
    { -39.08120273, -42.64878618, -18.29806476, -7.79809753, 104.14007190, -85.96037709 },
    { -39.05177814, -42.60147779, -18.34801864, -7.71927314, 104.08748184, -85.89722627 },
    { -39.02235577, -42.55417163, -18.39781466, -7.64050350, 104.03469719, -85.83411580 },
    { -38.99293576, -42.50686775, -18.44745280, -7.56178888, 103.98171801, -85.77104617 },
    { -38.96351825, -42.45956623, -18.49693301, -7.48312953, 103.92854436, -85.70801786 },
    { -38.93410338, -42.41226712, -18.54625526, -7.40452572, 103.87517629, -85.64503137 },
    { -38.90469129, -42.36497050, -18.59541952, -7.32597768, 103.82161385, -85.58208718 },
    { -38.87528213, -42.31767641, -18.64442574, -7.24748568, 103.76785710, -85.51918579 },
    { -38.84587604, -42.27038494, -18.69327388, -7.16904997, 103.71390610, -85.45632767 },
    { -38.81647315, -42.22309614, -18.74196392, -7.09067079, 103.65976092, -85.39351330 },
    { -38.78707363, -42.17581009, -18.79049582, -7.01234838, 103.60542162, -85.33074318 },
    { -38.75767760, -42.12852686, -18.83886952, -6.93408299, 103.55088826, -85.26801776 },
    { -38.72828522, -42.08124651, -18.88708500, -6.85587487, 103.49616091, -85.20533755 },
    { -38.69889662, -42.03396911, -18.93514221, -6.77772425, 103.44123964, -85.14270300 },
    { -38.66951195, -41.98669475, -18.98304111, -6.69963137, 103.38612452, -85.08011459 },
    { -38.64013136, -41.93942348, -19.03078167, -6.62159646, 103.33081563, -85.01757281 },
    { -38.61075499, -41.89215540, -19.07836384, -6.54361975, 103.27531303, -84.95507811 },
    { -38.58138298, -41.84489056, -19.12578758, -6.46570148, 103.21961681, -84.89263096 },
    { -38.55201548, -41.79762905, -19.17305285, -6.38784188, 103.16372704, -84.83023184 },
    { -38.52265264, -41.75037094, -19.22015961, -6.31004117, 103.10764380, -84.76788120 },
    { -38.49329461, -41.70311632, -19.26710781, -6.23229958, 103.05136718, -84.70557952 },
    { -38.46394152, -41.65586525, -19.31389741, -6.15461733, 102.99489725, -84.64332726 },
    { -38.43459352, -41.60861783, -19.36052837, -6.07699463, 102.93823411, -84.58112487 },
    { -38.40525076, -41.56137414, -19.40700064, -5.99943171, 102.88137784, -84.51897282 },
    { -38.37591340, -41.51413424, -19.45331419, -5.92192879, 102.82432853, -84.45687155 },
    { -38.34658156, -41.46689824, -19.49946895, -5.84448607, 102.76708627, -84.39482154 },
    { -38.31725541, -41.41966621, -19.54546490, -5.76710376, 102.70965115, -84.33282322 },
    { -38.28793509, -41.37243823, -19.59130199, -5.68978209, 102.65202327, -84.27087706 },
    { -38.25862075, -41.32521440, -19.63698016, -5.61252124, 102.59420272, -84.20898350 },
    { -38.22931253, -41.27799480, -19.68249938, -5.53532144, 102.53618960, -84.14714300 },
    { -38.20001058, -41.23077952, -19.72785959, -5.45818287, 102.47798402, -84.08535599 },
    { -38.17071506, -41.18356864, -19.77306076, -5.38110575, 102.41958607, -84.02362292 },
    { -38.14142610, -41.13636226, -19.81810283, -5.30409026, 102.36099585, -83.96194424 },
    { -38.11214387, -41.08916048, -19.86298576, -5.22713661, 102.30221348, -83.90032039 },
    { -38.08286850, -41.04196337, -19.90770950, -5.15024499, 102.24323905, -83.83875181 },
    { -38.05360015, -40.99477103, -19.95227400, -5.07341559, 102.18407268, -83.77723893 },
    { -38.02433897, -40.94758357, -19.99667922, -4.99664860, 102.12471448, -83.71578220 },
    { -37.99508510, -40.90040106, -20.04092510, -4.91994420, 102.06516455, -83.65438204 },
    { -37.96583871, -40.85322361, -20.08501160, -4.84330258, 102.00542302, -83.59303889 },
    { -37.93659993, -40.80605132, -20.12893867, -4.76672393, 101.94549000, -83.53175318 },
    { -37.90736891, -40.75888428, -20.17270625, -4.69020841, 101.88536560, -83.47052534 },
    { -37.87814582, -40.71172259, -20.21631431, -4.61375622, 101.82504995, -83.40935579 },
    { -37.84893079, -40.66456636, -20.25976279, -4.53736753, 101.76454317, -83.34824497 },
    { -37.81972399, -40.61741567, -20.30305163, -4.46104251, 101.70384537, -83.28719329 },
    { -37.79052555, -40.57027064, -20.34618080, -4.38478132, 101.64295669, -83.22620118 },
    { -37.76133564, -40.52313136, -20.38915023, -4.30858415, 101.58187725, -83.16526906 },
    { -37.73215441, -40.47599795, -20.43195988, -4.23245115, 101.52060717, -83.10439735 },
    { -37.70298200, -40.42887049, -20.47460970, -4.15638249, 101.45914660, -83.04358645 },
    { -37.67381857, -40.38174911, -20.51709963, -4.08037833, 101.39749565, -82.98283680 },
    { -37.64466427, -40.33463390, -20.55942963, -4.00443884, 101.33565446, -82.92214879 },
    { -37.61551926, -40.28752498, -20.60159965, -3.92856416, 101.27362317, -82.86152285 },
    { -37.58638368, -40.24042245, -20.64360962, -3.85275446, 101.21140191, -82.80095938 },
    { -37.55725770, -40.19332642, -20.68545950, -3.77700988, 101.14899082, -82.74045878 },
    { -37.52814145, -40.14623700, -20.72714923, -3.70133058, 101.08639005, -82.68002147 },
    { -37.49903511, -40.09915430, -20.76867877, -3.62571670, 101.02359973, -82.61964785 },
    { -37.46993881, -40.05207844, -20.81004806, -3.55016839, 100.96062000, -82.55933832 },
    { -37.44085271, -40.00500952, -20.85125705, -3.47468580, 100.89745102, -82.49909328 },
    { -37.41177698, -39.95794767, -20.89230568, -3.39926906, 100.83409292, -82.43891313 },
    { -37.38271175, -39.91089299, -20.93319390, -3.32391831, 100.77054586, -82.37879826 },
    { -37.35365719, -39.86384561, -20.97392166, -3.24863369, 100.70680999, -82.31874908 },
    { -37.32461346, -39.81680563, -21.01448890, -3.17341534, 100.64288546, -82.25876597 },
    { -37.29558070, -39.76977318, -21.05489558, -3.09826337, 100.57877242, -82.19884932 },
    { -37.26655906, -39.72274837, -21.09514162, -3.02317794, 100.51447103, -82.13899953 },
    { -37.23754872, -39.67573133, -21.13522699, -2.94815915, 100.44998144, -82.07921698 },
    { -37.20854981, -39.62872218, -21.17515162, -2.87320714, 100.38530382, -82.01950206 },
    { -37.17956251, -39.58172103, -21.21491547, -2.79832202, 100.32043832, -81.95985516 },
    { -37.15058695, -39.53472801, -21.25451847, -2.72350393, 100.25538510, -81.90027664 },
    { -37.12162330, -39.48774325, -21.29396057, -2.64875296, 100.19014433, -81.84076690 },
    { -37.09267172, -39.44076686, -21.33324172, -2.57406925, 100.12471618, -81.78132631 },
    { -37.06373235, -39.39379897, -21.37236187, -2.49945290, 100.05910081, -81.72195526 },
    { -37.03480536, -39.34683971, -21.41132094, -2.42490402, 99.99329839, -81.66265410 },
    { -37.00589091, -39.29988921, -21.45011890, -2.35042273, 99.92730909, -81.60342323 },
    { -36.97698914, -39.25294759, -21.48875568, -2.27600912, 99.86113307, -81.54426300 },
    { -36.94810023, -39.20601498, -21.52723124, -2.20166330, 99.79477053, -81.48517380 },
    { -36.91922431, -39.15909151, -21.56554550, -2.12738537, 99.72822162, -81.42615597 },
    { -36.89036156, -39.11217731, -21.60369842, -2.05317542, 99.66148653, -81.36720990 },
    { -36.86151212, -39.06527251, -21.64168995, -1.97903357, 99.59456544, -81.30833595 },
    { -36.83267616, -39.01837726, -21.67952002, -1.90495989, 99.52745852, -81.24953447 },
    { -36.80385384, -38.97149167, -21.71718857, -1.83095449, 99.46016595, -81.19080583 },
    { -36.77504530, -38.92461588, -21.75469556, -1.75701744, 99.39268793, -81.13215039 },
    { -36.74625072, -38.87775003, -21.79204092, -1.68314884, 99.32502463, -81.07356850 },
    { -36.71747024, -38.83089426, -21.82922461, -1.60934877, 99.25717624, -81.01506052 },
    { -36.68870403, -38.78404869, -21.86624655, -1.53561731, 99.18914294, -80.95662680 },
    { -36.65995225, -38.73721348, -21.90310670, -1.46195455, 99.12092494, -80.89826770 },
    { -36.63121505, -38.69038875, -21.93980500, -1.38836055, 99.05252241, -80.83998355 },
    { -36.60249259, -38.64357465, -21.97634139, -1.31483540, 98.98393555, -80.78177472 },
    { -36.57378503, -38.59677132, -22.01271581, -1.24137916, 98.91516456, -80.72364154 },
    { -36.54509253, -38.54997890, -22.04892821, -1.16799191, 98.84620963, -80.66558436 },
    { -36.51641525, -38.50319753, -22.08497853, -1.09467371, 98.77707096, -80.60760352 },
    { -36.48775335, -38.45642735, -22.12086672, -1.02142463, 98.70774874, -80.54969937 },
    { -36.45910699, -38.40966851, -22.15659271, -0.94824473, 98.63824318, -80.49187224 },
    { -36.43047633, -38.36292115, -22.19215645, -0.87513407, 98.56855448, -80.43412246 },
    { -36.40186153, -38.31618542, -22.22755788, -0.80209272, 98.49868285, -80.37645038 },
    { -36.37326274, -38.26946147, -22.26279694, -0.72912071, 98.42862848, -80.31885633 },
    { -36.34468013, -38.22274944, -22.29787358, -0.65621812, 98.35839158, -80.26134063 },
    { -36.31611386, -38.17604948, -22.33278774, -0.58338499, 98.28797237, -80.20390362 },
    { -36.28756409, -38.12936174, -22.36753936, -0.51062136, 98.21737105, -80.14654563 },
    { -36.25903098, -38.08268637, -22.40212839, -0.43792729, 98.14658782, -80.08926698 },
    { -36.23051469, -38.03602352, -22.43655476, -0.36530282, 98.07562292, -80.03206799 },
    { -36.20201538, -37.98937335, -22.47081842, -0.29274799, 98.00447654, -79.97494900 },
    { -36.17353321, -37.94273599, -22.50491931, -0.22026283, 97.93314891, -79.91791031 },
    { -36.14506834, -37.89611162, -22.53885738, -0.14784739, 97.86164024, -79.86095225 },
    { -36.11662094, -37.84950038, -22.57263256, -0.07550170, 97.78995075, -79.80407514 },
    { -36.08819116, -37.80290243, -22.60624480, -0.00322579, 97.71808066, -79.74727930 },
    { -36.05977917, -37.75631792, -22.63969404, 0.06898031, 97.64603019, -79.69056502 },
    { -36.03138513, -37.70974701, -22.67298023, 0.14111657, 97.57379956, -79.63393264 },
    { -36.00300920, -37.66318987, -22.70610330, 0.21318297, 97.50138900, -79.57738245 },
    { -35.97465153, -37.61664663, -22.73906320, 0.28517948, 97.42879873, -79.52091477 },
    { -35.94631231, -37.57011748, -22.77185988, 0.35710609, 97.35602899, -79.46452991 },
    { -35.91799167, -37.52360256, -22.80449327, 0.42896278, 97.28307999, -79.40822816 },
    { -35.88968980, -37.47710204, -22.83696331, 0.50074953, 97.20995198, -79.35200984 },
    { -35.86140684, -37.43061607, -22.86926995, 0.57246633, 97.13664517, -79.29587524 },
    { -35.83314296, -37.38414483, -22.90141314, 0.64411318, 97.06315981, -79.23982466 },
    { -35.80489833, -37.33768848, -22.93339281, 0.71569005, 96.98949613, -79.18385841 },
    { -35.77667310, -37.29124717, -22.96520890, 0.78719694, 96.91565436, -79.12797677 },
    { -35.74846745, -37.24482108, -22.99686137, 0.85863386, 96.84163475, -79.07218005 },
    { -35.72028152, -37.19841037, -23.02835015, 0.93000080, 96.76743752, -79.01646853 },
    { -35.69211549, -37.15201520, -23.05967519, 1.00129777, 96.69306292, -78.96084251 },
    { -35.66396952, -37.10563575, -23.09083642, 1.07252475, 96.61851119, -78.90530228 },
    { -35.63584377, -37.05927218, -23.12183380, 1.14368177, 96.54378258, -78.84984813 },
    { -35.60773840, -37.01292467, -23.15266726, 1.21476884, 96.46887732, -78.79448034 },
    { -35.57965357, -36.96659337, -23.18333675, 1.28578595, 96.39379566, -78.73919919 },
    { -35.55158946, -36.92027847, -23.21384222, 1.35673312, 96.31853785, -78.68400498 },
    { -35.52354622, -36.87398013, -23.24418359, 1.42761038, 96.24310415, -78.62889797 },
    { -35.49552401, -36.82769853, -23.27436083, 1.49841773, 96.16749478, -78.57387846 },
    { -35.46752301, -36.78143384, -23.30437386, 1.56915520, 96.09171002, -78.51894671 },
    { -35.43954337, -36.73518623, -23.33422265, 1.63982281, 96.01575010, -78.46410301 },
    { -35.41158525, -36.68895588, -23.36390712, 1.71042059, 95.93961529, -78.40934763 },
    { -35.38364883, -36.64274296, -23.39342722, 1.78094855, 95.86330583, -78.35468084 },
    { -35.35573426, -36.59654765, -23.42278290, 1.85140674, 95.78682199, -78.30010292 },
    { -35.32784171, -36.55037013, -23.45197410, 1.92179518, 95.71016401, -78.24561413 },
    { -35.29997134, -36.50421057, -23.48100077, 1.99211390, 95.63333217, -78.19121474 },
    { -35.27212331, -36.45806915, -23.50986284, 2.06236295, 95.55632672, -78.13690502 },
    { -35.24429780, -36.41194606, -23.53856027, 2.13254237, 95.47914791, -78.08268523 },
    { -35.21649496, -36.36584146, -23.56709299, 2.20265218, 95.40179602, -78.02855564 },
    { -35.18871496, -36.31975555, -23.59546096, 2.27269244, 95.32427131, -77.97451651 },
    { -35.16095796, -36.27368851, -23.62366411, 2.34266319, 95.24657403, -77.92056810 },
    { -35.13322413, -36.22764051, -23.65170240, 2.41256448, 95.16870447, -77.86671067 },
    { -35.10551363, -36.18161173, -23.67957576, 2.48239637, 95.09066288, -77.81294447 },
    { -35.07782662, -36.13560238, -23.70728414, 2.55215889, 95.01244953, -77.75926975 },
    { -35.05016328, -36.08961262, -23.73482749, 2.62185211, 94.93406470, -77.70568679 },
    { -35.02252376, -36.04364264, -23.76220575, 2.69147609, 94.85550865, -77.65219582 },
    { -34.99490823, -35.99769263, -23.78941887, 2.76103088, 94.77678166, -77.59879709 },
    { -34.96731685, -35.95176277, -23.81646680, 2.83051654, 94.69788400, -77.54549086 },
    { -34.93974979, -35.90585326, -23.84334947, 2.89993315, 94.61881594, -77.49227737 },
    { -34.91220722, -35.85996428, -23.87006684, 2.96928076, 94.53957777, -77.43915687 },
    { -34.88468929, -35.81409602, -23.89661884, 3.03855944, 94.46016975, -77.38612961 },
    { -34.85719617, -35.76824867, -23.92300544, 3.10776927, 94.38059218, -77.33319582 },
    { -34.82972804, -35.72242242, -23.94922657, 3.17691031, 94.30084532, -77.28035575 },
    { -34.80228504, -35.67661746, -23.97528218, 3.24598265, 94.22092945, -77.22760964 },
    { -34.77486735, -35.63083398, -24.00117221, 3.31498636, 94.14084487, -77.17495773 },
    { -34.74747513, -35.58507218, -24.02689663, 3.38392153, 94.06059185, -77.12240025 },
    { -34.72010855, -35.53933225, -24.05245536, 3.45278822, 93.98017068, -77.06993744 },
    { -34.69276778, -35.49361437, -24.07784836, 3.52158653, 93.89958164, -77.01756953 },
    { -34.66545296, -35.44791876, -24.10307558, 3.59031654, 93.81882501, -76.96529676 },
    { -34.63816428, -35.40224559, -24.12813696, 3.65897835, 93.73790110, -76.91311936 },
    { -34.61090190, -35.35659508, -24.15303245, 3.72757204, 93.65681018, -76.86103755 },
    { -34.58366598, -35.31096740, -24.17776200, 3.79609771, 93.57555254, -76.80905157 },
    { -34.55645669, -35.26536277, -24.20232556, 3.86455544, 93.49412848, -76.75716164 },
    { -34.52927419, -35.21978138, -24.22672307, 3.93294535, 93.41253829, -76.70536799 },
    { -34.50211864, -35.17422343, -24.25095449, 4.00126753, 93.33078226, -76.65367084 },
    { -34.47499022, -35.12868912, -24.27501977, 4.06952208, 93.24886068, -76.60207042 },
    { -34.44788908, -35.08317864, -24.29891885, 4.13770911, 93.16677386, -76.55056694 },
    { -34.42081540, -35.03769220, -24.32265167, 4.20582871, 93.08452208, -76.49916062 },
    { -34.39376933, -34.99223000, -24.34621821, 4.27388101, 93.00210565, -76.44785169 },
    { -34.36675105, -34.94679224, -24.36961839, 4.34186612, 92.91952486, -76.39664036 },
    { -34.33976072, -34.90137913, -24.39285217, 4.40978413, 92.83678001, -76.34552685 },
    { -34.31279850, -34.85599086, -24.41591951, 4.47763518, 92.75387141, -76.29451136 },
    { -34.28586455, -34.81062764, -24.43882034, 4.54541938, 92.67079935, -76.24359412 },
    { -34.25895905, -34.76528968, -24.46155463, 4.61313684, 92.58756415, -76.19277533 },
    { -34.23208216, -34.71997718, -24.48412233, 4.68078770, 92.50416609, -76.14205521 },
    { -34.20523404, -34.67469035, -24.50652337, 4.74837207, 92.42060549, -76.09143396 },
    { -34.17841486, -34.62942939, -24.52875773, 4.81589008, 92.33688265, -76.04091180 },
    { -34.15162479, -34.58419451, -24.55082534, 4.88334186, 92.25299788, -75.99048892 },
    { -34.12486398, -34.53898592, -24.57272615, 4.95072754, 92.16895149, -75.94016554 },
    { -34.09813261, -34.49380382, -24.59446013, 5.01804724, 92.08474378, -75.88994185 },
    { -34.07143083, -34.44864843, -24.61602723, 5.08530112, 92.00037507, -75.83981806 },
    { -34.04475882, -34.40351996, -24.63742739, 5.15248930, 91.91584567, -75.78979437 },
    { -34.01811674, -34.35841861, -24.65866057, 5.21961192, 91.83115588, -75.73987099 },
    { -33.99150476, -34.31334459, -24.67972672, 5.28666913, 91.74630602, -75.69004810 },
    { -33.96492303, -34.26829813, -24.70062579, 5.35366107, 91.66129641, -75.64032591 },
    { -33.93837172, -34.22327942, -24.72135774, 5.42058787, 91.57612735, -75.59070461 },
    { -33.91185101, -34.17828868, -24.74192253, 5.48744970, 91.49079917, -75.54118440 },
    { -33.88536104, -34.13332613, -24.76232010, 5.55424670, 91.40531218, -75.49176547 },
    { -33.85890200, -34.08839198, -24.78255042, 5.62097902, 91.31966670, -75.44244801 },
    { -33.83247404, -34.04348644, -24.80261343, 5.68764682, 91.23386304, -75.39323222 },
    { -33.80607733, -33.99860973, -24.82250909, 5.75425025, 91.14790153, -75.34411829 },
    { -33.77971203, -33.95376206, -24.84223735, 5.82078947, 91.06178249, -75.29510640 },
    { -33.75337831, -33.90894365, -24.86179818, 5.88726465, 90.97550623, -75.24619674 },
    { -33.72707633, -33.86415471, -24.88119152, 5.95367593, 90.88907307, -75.19738950 },
    { -33.70080625, -33.81939547, -24.90041734, 6.02002350, 90.80248335, -75.14868487 },
    { -33.67456825, -33.77466614, -24.91947559, 6.08630751, 90.71573738, -75.10008302 },
    { -33.64836248, -33.72996694, -24.93836622, 6.15252813, 90.62883549, -75.05158415 },
    { -33.62218912, -33.68529808, -24.95708920, 6.21868554, 90.54177800, -75.00318843 },
    { -33.59604831, -33.64065980, -24.97564447, 6.28477990, 90.45456525, -74.95489605 },
    { -33.56994024, -33.59605230, -24.99403201, 6.35081139, 90.36719755, -74.90670718 },
    { -33.54386506, -33.55147580, -25.01225176, 6.41678019, 90.27967523, -74.85862201 },
    { -33.51782294, -33.50693054, -25.03030368, 6.48268649, 90.19199863, -74.81064071 },
    { -33.49181404, -33.46241673, -25.04818773, 6.54853044, 90.10416807, -74.76276346 },
    { -33.46583852, -33.41793458, -25.06590388, 6.61431225, 90.01618388, -74.71499043 },
    { -33.43989655, -33.37348433, -25.08345208, 6.68003210, 89.92804639, -74.66732180 },
    { -33.41398830, -33.32906620, -25.10083228, 6.74569017, 89.83975595, -74.61975775 },
    { -33.38811393, -33.28468041, -25.11804445, 6.81128666, 89.75131287, -74.57229844 },
    { -33.36227359, -33.24032719, -25.13508856, 6.87682174, 89.66271749, -74.52494405 },
    { -33.33646746, -33.19600675, -25.15196455, 6.94229563, 89.57397015, -74.47769475 },
    { -33.31069570, -33.15171933, -25.16867239, 7.00770851, 89.48507118, -74.43055071 },
    { -33.28495847, -33.10746515, -25.18521205, 7.07306058, 89.39602091, -74.38351209 },
    { -33.25925594, -33.06324444, -25.20158347, 7.13835203, 89.30681969, -74.33657907 },
    { -33.23358827, -33.01905742, -25.21778663, 7.20358308, 89.21746785, -74.28975180 },
    { -33.20795562, -32.97490432, -25.23382148, 7.26875392, 89.12796572, -74.24303047 },
    { -33.18235815, -32.93078537, -25.24968799, 7.33386476, 89.03831366, -74.19641522 },
    { -33.15679603, -32.88670079, -25.26538613, 7.39891581, 88.94851199, -74.14990623 },
    { -33.13126943, -32.84265082, -25.28091584, 7.46390728, 88.85856105, -74.10350366 },
    { -33.10577850, -32.79863568, -25.29627711, 7.52883937, 88.76846119, -74.05720767 },
    { -33.08032341, -32.75465560, -25.31146988, 7.59371230, 88.67821276, -74.01101843 },
    { -33.05490432, -32.71071081, -25.32649412, 7.65852628, 88.58781608, -73.96493608 },
    { -33.02952139, -32.66680154, -25.34134981, 7.72328154, 88.49727150, -73.91896080 },
    { -33.00417479, -32.62292803, -25.35603690, 7.78797829, 88.40657938, -73.87309274 },
    { -32.97886467, -32.57909050, -25.37055535, 7.85261676, 88.31574004, -73.82733205 },
    { -32.95359121, -32.53528919, -25.38490514, 7.91719716, 88.22475384, -73.78167890 },
    { -32.92835456, -32.49152433, -25.39908623, 7.98171972, 88.13362113, -73.73613345 },
    { -32.90315489, -32.44779614, -25.41309859, 8.04618467, 88.04234224, -73.69069584 },
    { -32.87799235, -32.40410487, -25.42694217, 8.11059223, 87.95091752, -73.64536623 },
    { -32.85286711, -32.36045075, -25.44061696, 8.17494265, 87.85934733, -73.60014478 },
    { -32.82777934, -32.31683400, -25.45412291, 8.23923614, 87.76763201, -73.55503164 },
    { -32.80272918, -32.27325487, -25.46745999, 8.30347295, 87.67577191, -73.51002695 },
    { -32.77771682, -32.22971359, -25.48062817, 8.36765331, 87.58376738, -73.46513088 },
    { -32.75274239, -32.18621039, -25.49362742, 8.43177747, 87.49161877, -73.42034358 },
    { -32.72780608, -32.14274551, -25.50645771, 8.49584565, 87.39932642, -73.37566519 },
    { -32.70290803, -32.09931919, -25.51911901, 8.55985811, 87.30689070, -73.33109586 },
    { -32.67804841, -32.05593165, -25.53161128, 8.62381509, 87.21431195, -73.28663574 },
    { -32.65322739, -32.01258315, -25.54393449, 8.68771683, 87.12159052, -73.24228498 },
    { -32.62844511, -31.96927391, -25.55608863, 8.75156359, 87.02872677, -73.19804373 },
    { -32.60370175, -31.92600416, -25.56807364, 8.81535561, 86.93572105, -73.15391213 },
    { -32.57899746, -31.88277416, -25.57988952, 8.87909314, 86.84257371, -73.10989034 },
    { -32.55433240, -31.83958414, -25.59153622, 8.94277644, 86.74928512, -73.06597849 },
    { -32.52970674, -31.79643433, -25.60301372, 9.00640577, 86.65585561, -73.02217672 },
    { -32.50512063, -31.75332497, -25.61432199, 9.06998138, 86.56228556, -72.97848520 },
    { -32.48057424, -31.71025631, -25.62546101, 9.13350353, 86.46857532, -72.93490405 },
    { -32.45606771, -31.66722858, -25.63643074, 9.19697249, 86.37472523, -72.89143342 },
    { -32.43160123, -31.62424202, -25.64723116, 9.26038851, 86.28073567, -72.84807346 },
    { -32.40717493, -31.58129688, -25.65786224, 9.32375186, 86.18660698, -72.80482430 },
    { -32.38278899, -31.53839338, -25.66832396, 9.38706282, 86.09233953, -72.76168608 },
    { -32.35844356, -31.49553178, -25.67861629, 9.45032164, 85.99793367, -72.71865896 },
    { -32.33413880, -31.45271232, -25.68873921, 9.51352860, 85.90338977, -72.67574306 },
    { -32.30987487, -31.40993523, -25.69869268, 9.57668398, 85.80870818, -72.63293853 },
    { -32.28565193, -31.36720076, -25.70847670, 9.63978804, 85.71388926, -72.59024551 },
    { -32.26147014, -31.32450915, -25.71809122, 9.70284106, 85.61893338, -72.54766413 },
    { -32.23732965, -31.28186064, -25.72753623, 9.76584333, 85.52384089, -72.50519454 },
    { -32.21323063, -31.23925547, -25.73681171, 9.82879512, 85.42861215, -72.46283687 },
    { -32.18917323, -31.19669389, -25.74591763, 9.89169671, 85.33324754, -72.42059126 },
    { -32.16515761, -31.15417615, -25.75485396, 9.95454838, 85.23774740, -72.37845785 },
    { -32.14118393, -31.11170247, -25.76362069, 10.01735044, 85.14211211, -72.33643677 },
    { -32.11725235, -31.06927312, -25.77221780, 10.08010315, 85.04634202, -72.29452815 },
    { -32.09336301, -31.02688832, -25.78064526, 10.14280681, 84.95043750, -72.25273215 },
    { -32.06951609, -30.98454834, -25.78890306, 10.20546172, 84.85439892, -72.21104888 },
    { -32.04571174, -30.94225340, -25.79699116, 10.26806816, 84.75822663, -72.16947849 },
    { -32.02195012, -30.90000376, -25.80490956, 10.33062642, 84.66192100, -72.12802112 },
    { -31.99823137, -30.85779966, -25.81265823, 10.39313682, 84.56548241, -72.08667688 },
    { -31.97455567, -30.81564134, -25.82023715, 10.45559964, 84.46891120, -72.04544593 },
    { -31.95092315, -30.77352906, -25.82764630, 10.51801518, 84.37220776, -72.00432839 },
    { -31.92733399, -30.73146305, -25.83488567, 10.58038376, 84.27537244, -71.96332439 },
    { -31.90378834, -30.68944357, -25.84195524, 10.64270566, 84.17840562, -71.92243408 },
    { -31.88028635, -30.64747086, -25.84885499, 10.70498120, 84.08130765, -71.88165758 },
    { -31.85682818, -30.60554516, -25.85558489, 10.76721069, 83.98407891, -71.84099502 },
    { -31.83341398, -30.56366673, -25.86214495, 10.82939443, 83.88671976, -71.80044655 },
    { -31.81004392, -30.52183580, -25.86853513, 10.89153274, 83.78923057, -71.76001228 },
    { -31.78671814, -30.48005264, -25.87475542, 10.95362593, 83.69161172, -71.71969236 },
    { -31.76343679, -30.43831747, -25.88080581, 11.01567431, 83.59386356, -71.67948691 },
    { -31.74020004, -30.39663057, -25.88668628, 11.07767821, 83.49598647, -71.63939606 },
    { -31.71700804, -30.35499216, -25.89239682, 11.13963793, 83.39798082, -71.59941996 },
    { -31.69386095, -30.31340249, -25.89793741, 11.20155380, 83.29984697, -71.55955872 },
    { -31.67075891, -30.27186183, -25.90330804, 11.26342615, 83.20158530, -71.51981249 },
    { -31.64770208, -30.23037041, -25.90850869, 11.32525529, 83.10319618, -71.48018139 },
    { -31.62469062, -30.18892848, -25.91353936, 11.38704156, 83.00467998, -71.44066555 },
    { -31.60172467, -30.14753629, -25.91840002, 11.44878527, 82.90603706, -71.40126510 },
    { -31.57880439, -30.10619410, -25.92309068, 11.51048676, 82.80726780, -71.36198018 },
    { -31.55592994, -30.06490214, -25.92761130, 11.57214637, 82.70837257, -71.32281091 },
    { -31.53310147, -30.02366068, -25.93196189, 11.63376442, 82.60935174, -71.28375743 },
    { -31.51031913, -29.98246995, -25.93614243, 11.69534124, 82.51020568, -71.24481987 },
    { -31.48758306, -29.94133021, -25.94015292, 11.75687718, 82.41093477, -71.20599835 },
    { -31.46489343, -29.90024171, -25.94399333, 11.81837258, 82.31153937, -71.16729302 },
    { -31.44225039, -29.85920469, -25.94766367, 11.87982777, 82.21201987, -71.12870399 },
    { -31.41965409, -29.81821942, -25.95116392, 11.94124309, 82.11237662, -71.09023140 },
    { -31.39710467, -29.77728613, -25.95449407, 12.00261890, 82.01261001, -71.05187539 },
    { -31.37460230, -29.73640507, -25.95765412, 12.06395553, 81.91272041, -71.01363607 },
    { -31.35214711, -29.69557651, -25.96064406, 12.12525333, 81.81270819, -70.97551359 },
    { -31.32973927, -29.65480068, -25.96346388, 12.18651266, 81.71257372, -70.93750807 },
    { -31.30737892, -29.61407785, -25.96611357, 12.24773386, 81.61231738, -70.89961965 },
    { -31.28506621, -29.57340825, -25.96859312, 12.30891728, 81.51193954, -70.86184846 },
    { -31.26280130, -29.53279215, -25.97090253, 12.37006329, 81.41144057, -70.82419462 },
    { -31.24058433, -29.49222978, -25.97304180, 12.43117223, 81.31082086, -70.78665827 },
    { -31.21841545, -29.45172141, -25.97501092, 12.49224447, 81.21008077, -70.74923955 },
    { -31.19629481, -29.41126728, -25.97680988, 12.55328036, 81.10922068, -70.71193857 },
    { -31.17422256, -29.37086765, -25.97843868, 12.61428027, 81.00824096, -70.67475549 },
    { -31.15219885, -29.33052277, -25.97989731, 12.67524457, 80.90714198, -70.63769042 },
    { -31.13022383, -29.29023288, -25.98118577, 12.73617361, 80.80592413, -70.60074350 },
    { -31.10829765, -29.24999824, -25.98230407, 12.79706776, 80.70458778, -70.56391486 },
    { -31.08642044, -29.20981910, -25.98325218, 12.85792740, 80.60313330, -70.52720464 },
    { -31.06459237, -29.16969571, -25.98403012, 12.91875289, 80.50156107, -70.49061297 },
    { -31.04281358, -29.12962832, -25.98463788, 12.97954461, 80.39987146, -70.45413998 },
    { -31.02108422, -29.08961719, -25.98507546, 13.04030293, 80.29806485, -70.41778581 },
    { -30.99940443, -29.04966257, -25.98534285, 13.10102822, 80.19614161, -70.38155059 },
    { -30.97777436, -29.00976470, -25.98544006, 13.16172088, 80.09410213, -70.34543446 },
    { -30.95619416, -28.96992385, -25.98536709, 13.22238127, 79.99194677, -70.30943755 },
    { -30.93466397, -28.93014026, -25.98512394, 13.28300977, 79.88967591, -70.27355999 },
    { -30.91318394, -28.89041418, -25.98471060, 13.34360678, 79.78728992, -70.23780193 },
    { -30.89175421, -28.85074587, -25.98412709, 13.40417268, 79.68478920, -70.20216350 },
    { -30.87037494, -28.81113557, -25.98337339, 13.46470785, 79.58217410, -70.16664483 },
    { -30.84904625, -28.77158354, -25.98244951, 13.52521268, 79.47944500, -70.13124607 },
    { -30.82776831, -28.73209004, -25.98135546, 13.58568757, 79.37660229, -70.09596734 },
    { -30.80654126, -28.69265531, -25.98009124, 13.64613290, 79.27364634, -70.06080880 },
    { -30.78536523, -28.65327960, -25.97865684, 13.70654908, 79.17057752, -70.02577057 },
    { -30.76424037, -28.61396317, -25.97705229, 13.76693649, 79.06739621, -69.99085279 },
    { -30.74316683, -28.57470627, -25.97527756, 13.82729554, 78.96410279, -69.95605562 },
    { -30.72214475, -28.53550915, -25.97333269, 13.88762663, 78.86069764, -69.92137917 },
    { -30.70117428, -28.49637206, -25.97121765, 13.94793015, 78.75718112, -69.88682361 },
    { -30.68025555, -28.45729526, -25.96893248, 14.00820652, 78.65355362, -69.85238906 },
    { -30.65938871, -28.41827899, -25.96647716, 14.06845614, 78.54981551, -69.81807567 },
    { -30.63857389, -28.37932352, -25.96385170, 14.12867941, 78.44596718, -69.78388358 },
    { -30.61781126, -28.34042908, -25.96105612, 14.18887675, 78.34200898, -69.74981294 },
    { -30.59710093, -28.30159593, -25.95809042, 14.24904857, 78.23794132, -69.71586388 },
    { -30.57644306, -28.26282433, -25.95495460, 14.30919527, 78.13376455, -69.68203656 },
    { -30.55583779, -28.22411452, -25.95164867, 14.36931728, 78.02947905, -69.64833112 },
    { -30.53528526, -28.18546675, -25.94817265, 14.42941502, 77.92508521, -69.61474770 },
    { -30.51478560, -28.14688129, -25.94452655, 14.48948889, 77.82058340, -69.58128646 },
    { -30.49433897, -28.10835837, -25.94071036, 14.54953933, 77.71597399, -69.54794753 },
    { -30.47394549, -28.06989826, -25.93672410, 14.60956675, 77.61125736, -69.51473107 },
    { -30.45360531, -28.03150120, -25.93256778, 14.66957157, 77.50643389, -69.48163722 },
    { -30.43331856, -27.99316744, -25.92824141, 14.72955424, 77.40150395, -69.44866614 },
    { -30.41308539, -27.95489723, -25.92374501, 14.78951517, 77.29646793, -69.41581798 },
    { -30.39290594, -27.91669083, -25.91907858, 14.84945479, 77.19132619, -69.38309288 },
    { -30.37278034, -27.87854848, -25.91424213, 14.90937354, 77.08607911, -69.35049100 },
    { -30.35270873, -27.84047045, -25.90923568, 14.96927185, 76.98072707, -69.31801249 },
    { -30.33269125, -27.80245697, -25.90405924, 15.02915015, 76.87527045, -69.28565751 },
    { -30.31272804, -27.76450830, -25.89871283, 15.08900890, 76.76970961, -69.25342621 },
    { -30.29281923, -27.72662469, -25.89319645, 15.14884851, 76.66404495, -69.22131875 },
    { -30.27296496, -27.68880638, -25.88751012, 15.20866944, 76.55827682, -69.18933528 },
    { -30.25316536, -27.65105364, -25.88165386, 15.26847214, 76.45240562, -69.15747597 },
    { -30.23342058, -27.61336671, -25.87562767, 15.32825704, 76.34643171, -69.12574096 },
    { -30.21373075, -27.57574584, -25.86943158, 15.38802459, 76.24035546, -69.09413043 },
    { -30.19409600, -27.53819128, -25.86306560, 15.44777525, 76.13417727, -69.06264452 },
    { -30.17451647, -27.50070328, -25.85652975, 15.50750947, 76.02789749, -69.03128341 },
    { -30.15499229, -27.46328208, -25.84982404, 15.56722769, 75.92151651, -69.00004726 },
    { -30.13552360, -27.42592795, -25.84294849, 15.62693038, 75.81503469, -68.96893622 },
    { -30.11611054, -27.38864113, -25.83590311, 15.68661800, 75.70845243, -68.93795047 },
    { -30.09675322, -27.35142186, -25.82868793, 15.74629100, 75.60177008, -68.90709018 },
    { -30.07745180, -27.31427040, -25.82130297, 15.80594984, 75.49498803, -68.87635550 },
    { -30.05820641, -27.27718700, -25.81374823, 15.86559500, 75.38810665, -68.84574661 },
    { -30.03901716, -27.24017190, -25.80602374, 15.92522693, 75.28112632, -68.81526367 },
    { -30.01988421, -27.20322536, -25.79812953, 15.98484610, 75.17404740, -68.78490687 },
    { -30.00080767, -27.16634761, -25.79006560, 16.04445299, 75.06687028, -68.75467636 },
    { -29.98178769, -27.12953892, -25.78183198, 16.10404806, 74.95959533, -68.72457233 },
    { -29.96282439, -27.09279952, -25.77342869, 16.16363180, 74.85222291, -68.69459495 },
    { -29.94391790, -27.05612967, -25.76485575, 16.22320467, 74.74475341, -68.66474439 },
    { -29.92506836, -27.01952962, -25.75611319, 16.28276716, 74.63718721, -68.63502084 },
    { -29.90627589, -26.98299960, -25.74720101, 16.34231974, 74.52952466, -68.60542447 },
    { -29.88754063, -26.94653988, -25.73811926, 16.40186290, 74.42176615, -68.57595546 },
    { -29.86886271, -26.91015069, -25.72886794, 16.46139713, 74.31391205, -68.54661399 },
    { -29.85024225, -26.87383228, -25.71944708, 16.52092290, 74.20596273, -68.51740025 },
    { -29.83167938, -26.83758490, -25.70985671, 16.58044072, 74.09791856, -68.48831442 },
    { -29.81317423, -26.80140880, -25.70009684, 16.63995106, 73.98977993, -68.45935669 },
    { -29.79472693, -26.76530421, -25.69016751, 16.69945443, 73.88154719, -68.43052724 },
    { -29.77633762, -26.72927140, -25.68006874, 16.75895133, 73.77322073, -68.40182626 },
    { -29.75800640, -26.69331060, -25.66980055, 16.81844224, 73.66480091, -68.37325395 },
    { -29.73973342, -26.65742206, -25.65936296, 16.87792766, 73.55628811, -68.34481049 },
    { -29.72151880, -26.62160603, -25.64875601, 16.93740811, 73.44768270, -68.31649608 },
    { -29.70336266, -26.58586274, -25.63797972, 16.99688409, 73.33898505, -68.28831091 },
    { -29.68526514, -26.55019245, -25.62703411, 17.05635610, 73.23019553, -68.26025519 },
    { -29.66722635, -26.51459540, -25.61591922, 17.11582464, 73.12131452, -68.23232910 },
    { -29.64924643, -26.47907184, -25.60463506, 17.17529025, 73.01234238, -68.20453285 },
    { -29.63132549, -26.44362200, -25.59318168, 17.23475341, 72.90327948, -68.17686664 },
    { -29.61346367, -26.40824613, -25.58155909, 17.29421466, 72.79412620, -68.14933067 },
    { -29.59566108, -26.37294449, -25.56976732, 17.35367451, 72.68488290, -68.12192516 },
    { -29.57791785, -26.33771729, -25.55780640, 17.41313348, 72.57554996, -68.09465030 },
    { -29.56023411, -26.30256481, -25.54567637, 17.47259210, 72.46612775, -68.06750630 },
    { -29.54260997, -26.26748726, -25.53337725, 17.53205088, 72.35661663, -68.04049338 },
    { -29.52504556, -26.23248491, -25.52090907, 17.59151037, 72.24701698, -68.01361175 },
    { -29.50754101, -26.19755798, -25.50827186, 17.65097108, 72.13732916, -67.98686161 },
    { -29.49009642, -26.16270673, -25.49546566, 17.71043354, 72.02755355, -67.96024320 },
    { -29.47271194, -26.12793139, -25.48249048, 17.76989831, 71.91769051, -67.93375672 },
    { -29.45538766, -26.09323221, -25.46934638, 17.82936590, 71.80774041, -67.90740240 },
    { -29.43812373, -26.05860942, -25.45603337, 17.88883687, 71.69770362, -67.88118045 },
    { -29.42092025, -26.02406327, -25.44255148, 17.94831175, 71.58758051, -67.85509110 },
    { -29.40377735, -25.98959400, -25.42890076, 18.00779109, 71.47737145, -67.82913459 },
    { -29.38669515, -25.95520185, -25.41508123, 18.06727543, 71.36707680, -67.80331112 },
    { -29.36967377, -25.92088705, -25.40109293, 18.12676533, 71.25669693, -67.77762095 },
    { -29.35271331, -25.88664986, -25.38693589, 18.18626133, 71.14623221, -67.75206429 },
    { -29.33581392, -25.85249050, -25.37261015, 18.24576400, 71.03568300, -67.72664138 },
    { -29.31897569, -25.81840921, -25.35811573, 18.30527389, 70.92504968, -67.70135246 },
    { -29.30219875, -25.78440624, -25.34345268, 18.36479155, 70.81433260, -67.67619776 },
    { -29.28548322, -25.75048183, -25.32862103, 18.42431756, 70.70353214, -67.65117753 },
    { -29.26882921, -25.71663621, -25.31362081, 18.48385248, 70.59264866, -67.62629202 },
    { -29.25223684, -25.68286961, -25.29845206, 18.54339687, 70.48168252, -67.60154146 },
    { -29.23570623, -25.64918229, -25.28311481, 18.60295130, 70.37063410, -67.57692610 },
    { -29.21923749, -25.61557446, -25.26760911, 18.66251635, 70.25950376, -67.55244619 },
    { -29.20283073, -25.58204638, -25.25193499, 18.72209260, 70.14829186, -67.52810199 },
    { -29.18648608, -25.54859827, -25.23609248, 18.78168062, 70.03699876, -67.50389375 },
    { -29.17020364, -25.51523038, -25.22008162, 18.84128099, 69.92562484, -67.47982173 },
    { -29.15398353, -25.48194294, -25.20390246, 18.90089429, 69.81417045, -67.45588618 },
    { -29.13782586, -25.44873618, -25.18755502, 18.96052113, 69.70263596, -67.43208737 },
    { -29.12173075, -25.41561034, -25.17103935, 19.02016207, 69.59102174, -67.40842556 },
    { -29.10569831, -25.38256565, -25.15435549, 19.07981772, 69.47932814, -67.38490102 },
    { -29.08972865, -25.34960235, -25.13750347, 19.13948867, 69.36755553, -67.36151402 },
    { -29.07382188, -25.31672068, -25.12048334, 19.19917553, 69.25570427, -67.33826483 },
    { -29.05797812, -25.28392086, -25.10329513, 19.25887888, 69.14377473, -67.31515373 },
    { -29.04219747, -25.25120313, -25.08593888, 19.31859933, 69.03176727, -67.29218099 },
    { -29.02648005, -25.21856772, -25.06841464, 19.37833749, 68.91968225, -67.26934689 },
    { -29.01082597, -25.18601486, -25.05072244, 19.43809398, 68.80752002, -67.24665171 },
    { -28.99523533, -25.15354479, -25.03286233, 19.49786939, 68.69528097, -67.22409575 },
    { -28.97970825, -25.12115774, -25.01483435, 19.55766436, 68.58296543, -67.20167928 },
    { -28.96424484, -25.08885394, -24.99663853, 19.61747949, 68.47057378, -67.17940261 },
    { -28.94884520, -25.05663362, -24.97827492, 19.67731540, 68.35810638, -67.15726602 },
    { -28.93350944, -25.02449701, -24.95974357, 19.73717274, 68.24556359, -67.13526981 },
    { -28.91823766, -24.99244434, -24.94104451, 19.79705211, 68.13294576, -67.11341427 },
    { -28.90302999, -24.96047584, -24.92217779, 19.85695415, 68.02025326, -67.09169972 },
    { -28.88788652, -24.92859174, -24.90314345, 19.91687950, 67.90748644, -67.07012646 },
    { -28.87280736, -24.89679227, -24.88394153, 19.97682879, 67.79464568, -67.04869480 },
    { -28.85779261, -24.86507766, -24.86457209, 20.03680267, 67.68173131, -67.02740504 },
    { -28.84284239, -24.83344813, -24.84503515, 20.09680177, 67.56874371, -67.00625751 },
    { -28.82795679, -24.80190392, -24.82533077, 20.15682674, 67.45568324, -66.98525251 },
    { -28.81313593, -24.77044525, -24.80545899, 20.21687824, 67.34255024, -66.96439038 },
    { -28.79837990, -24.73907235, -24.78541985, 20.27695692, 67.22934509, -66.94367143 },
    { -28.78368881, -24.70778544, -24.76521340, 20.33706343, 67.11606813, -66.92309599 },
    { -28.76906276, -24.67658475, -24.74483969, 20.39719843, 67.00271973, -66.90266440 },
    { -28.75450186, -24.64547051, -24.72429876, 20.45736260, 66.88930024, -66.88237698 },
    { -28.74000621, -24.61444294, -24.70359066, 20.51755658, 66.77581001, -66.86223408 },
    { -28.72557591, -24.58350227, -24.68271543, 20.57778107, 66.66224942, -66.84223603 },
    { -28.71121105, -24.55264871, -24.66167312, 20.63803672, 66.54861880, -66.82238317 },
    { -28.69691176, -24.52188251, -24.64046378, 20.69832421, 66.43491853, -66.80267587 },
    { -28.68267811, -24.49120387, -24.61908745, 20.75864424, 66.32114895, -66.78311446 },
    { -28.66851022, -24.46061302, -24.59754417, 20.81899747, 66.20731041, -66.76369930 },
    { -28.65440819, -24.43011018, -24.57583401, 20.87938461, 66.09340329, -66.74443075 },
    { -28.64037211, -24.39969559, -24.55395700, 20.93980634, 65.97942793, -66.72530916 },
    { -28.62640208, -24.36936945, -24.53191320, 21.00026335, 65.86538468, -66.70633491 },
    { -28.61249820, -24.33913199, -24.50970264, 21.06075635, 65.75127390, -66.68750837 },
    { -28.59866057, -24.30898343, -24.48732539, 21.12128604, 65.63709595, -66.66882990 },
    { -28.58488929, -24.27892400, -24.46478148, 21.18185312, 65.52285118, -66.65029988 },
    { -28.57118445, -24.24895390, -24.44207098, 21.24245831, 65.40853994, -66.63191870 },
    { -28.55754615, -24.21907336, -24.41919392, 21.30310231, 65.29416259, -66.61368673 },
    { -28.54397449, -24.18928261, -24.39615035, 21.36378586, 65.17971949, -66.59560436 },
    { -28.53046956, -24.15958185, -24.37294033, 21.42450966, 65.06521097, -66.57767199 },
    { -28.51703146, -24.12997131, -24.34956391, 21.48527445, 64.95063740, -66.55989001 },
    { -28.50366028, -24.10045121, -24.32602113, 21.54608096, 64.83599914, -66.54225882 },
    { -28.49035612, -24.07102176, -24.30231204, 21.60692992, 64.72129652, -66.52477882 },
    { -28.47711907, -24.04168317, -24.27843671, 21.66782206, 64.60652992, -66.50745042 },
    { -28.46394923, -24.01243567, -24.25439517, 21.72875813, 64.49169966, -66.49027404 },
    { -28.45084668, -23.98327948, -24.23018747, 21.78973887, 64.37680612, -66.47325008 },
    { -28.43781153, -23.95421479, -24.20581368, 21.85076505, 64.26184964, -66.45637898 },
    { -28.42484385, -23.92524184, -24.18127384, 21.91183740, 64.14683057, -66.43966115 },
    { -28.41194375, -23.89636084, -24.15656800, 21.97295669, 64.03174927, -66.42309702 },
    { -28.39911132, -23.86757200, -24.13169621, 22.03412368, 63.91660608, -66.40668703 },
    { -28.38634664, -23.83887553, -24.10665853, 22.09533915, 63.80140135, -66.39043161 },
    { -28.37364980, -23.81027164, -24.08145500, 22.15660385, 63.68613545, -66.37433121 },
    { -28.36102091, -23.78176056, -24.05608569, 22.21791857, 63.57080871, -66.35838626 },
    { -28.34846004, -23.75334249, -24.03055064, 22.27928409, 63.45542148, -66.34259724 },
    { -28.33596728, -23.72501764, -24.00484990, 22.34070119, 63.33997413, -66.32696458 },
    { -28.32354273, -23.69678622, -23.97898353, 22.40217067, 63.22446699, -66.31148875 },
    { -28.31118646, -23.66864845, -23.95295158, 22.46369331, 63.10890042, -66.29617021 },
    { -28.29889858, -23.64060454, -23.92675411, 22.52526991, 62.99327476, -66.28100944 },
    { -28.28667916, -23.61265469, -23.90039116, 22.58690129, 62.87759037, -66.26600690 },
    { -28.27452829, -23.58479911, -23.87386280, 22.64858824, 62.76184760, -66.25116309 },
    { -28.26244606, -23.55703802, -23.84716907, 22.71033159, 62.64604679, -66.23647848 },
    { -28.25043255, -23.52937162, -23.82031003, 22.77213214, 62.53018829, -66.22195355 },
    { -28.23848785, -23.50180012, -23.79328574, 22.83399072, 62.41427245, -66.20758882 },
    { -28.22661204, -23.47432372, -23.76609624, 22.89590817, 62.29829963, -66.19338477 },
    { -28.21480521, -23.44694264, -23.73874159, 22.95788530, 62.18227016, -66.17934191 },
    { -28.20306744, -23.41965708, -23.71122185, 23.01992296, 62.06618440, -66.16546075 },
    { -28.19139882, -23.39246724, -23.68353707, 23.08202200, 61.95004270, -66.15174180 },
    { -28.17979942, -23.36537333, -23.65568730, 23.14418325, 61.83384539, -66.13818559 },
    { -28.16826933, -23.33837556, -23.62767261, 23.20640757, 61.71759284, -66.12479264 },
    { -28.15680863, -23.31147412, -23.59949304, 23.26869583, 61.60128539, -66.11156348 },
    { -28.14541740, -23.28466923, -23.57114865, 23.33104888, 61.48492339, -66.09849865 },
    { -28.13409572, -23.25796109, -23.54263950, 23.39346759, 61.36850718, -66.08559869 },
    { -28.12284368, -23.23134990, -23.51396564, 23.45595283, 61.25203711, -66.07286415 },
    { -28.11166135, -23.20483585, -23.48512713, 23.51850550, 61.13551353, -66.06029557 },
    { -28.10054881, -23.17841917, -23.45612402, 23.58112646, 61.01893678, -66.04789353 },
    { -28.08950614, -23.15210003, -23.42695637, 23.64381662, 60.90230722, -66.03565858 },
    { -28.07853342, -23.12587865, -23.39762424, 23.70657686, 60.78562519, -66.02359129 },
    { -28.06763073, -23.09975523, -23.36812767, 23.76940809, 60.66889104, -66.01169224 },
    { -28.05679814, -23.07372996, -23.33846673, 23.83231122, 60.55210511, -65.99996202 },
    { -28.04603573, -23.04780305, -23.30864148, 23.89528715, 60.43526776, -65.98840120 },
    { -28.03534358, -23.02197469, -23.27865197, 23.95833682, 60.31837932, -65.97701040 },
    { -28.02472177, -22.99624508, -23.24849825, 24.02146114, 60.20144015, -65.96579019 },
    { -28.01417036, -22.97061442, -23.21818038, 24.08466104, 60.08445058, -65.95474120 },
    { -28.00368944, -22.94508291, -23.18769843, 24.14793747, 59.96741098, -65.94386403 },
    { -27.99327907, -22.91965074, -23.15705244, 24.21129136, 59.85032169, -65.93315931 },
    { -27.98293934, -22.89431811, -23.12624247, 24.27472367, 59.73318304, -65.92262765 },
    { -27.97267031, -22.86908522, -23.09526858, 24.33823534, 59.61599540, -65.91226970 },
    { -27.96247206, -22.84395225, -23.06413083, 24.40182734, 59.49875910, -65.90208609 },
    { -27.95234466, -22.81891941, -23.03282927, 24.46550065, 59.38147449, -65.89207746 },
    { -27.94228819, -22.79398689, -23.00136397, 24.52925622, 59.26414192, -65.88224447 },
    { -27.93230270, -22.76915488, -22.96973497, 24.59309505, 59.14676174, -65.87258778 },
    { -27.92238829, -22.74442358, -22.93794234, 24.65701812, 59.02933429, -65.86310804 },
    { -27.91254501, -22.71979318, -22.90598612, 24.72102643, 58.91185993, -65.85380594 },
    { -27.90277293, -22.69526386, -22.87386639, 24.78512097, 58.79433899, -65.84468215 },
    { -27.89307213, -22.67083583, -22.84158320, 24.84930275, 58.67677182, -65.83573737 },
    { -27.88344267, -22.64650927, -22.80913660, 24.91357280, 58.55915877, -65.82697227 },
    { -27.87388463, -22.62228438, -22.77652665, 24.97793212, 58.44150020, -65.81838757 },
    { -27.86439807, -22.59816133, -22.74375341, 25.04238174, 58.32379643, -65.80998396 },
    { -27.85498305, -22.57414033, -22.71081694, 25.10692271, 58.20604783, -65.80176218 },
    { -27.84563965, -22.55022157, -22.67771729, 25.17155606, 58.08825475, -65.79372293 },
    { -27.83636793, -22.52640522, -22.64445452, 25.23628284, 57.97041752, -65.78586695 },
    { -27.82716796, -22.50269148, -22.61102870, 25.30110412, 57.85253649, -65.77819498 },
    { -27.81803980, -22.47908053, -22.57743987, 25.36602095, 57.73461202, -65.77070776 },
    { -27.80898352, -22.45557257, -22.54368809, 25.43103440, 57.61664445, -65.76340605 },
    { -27.79999918, -22.43216778, -22.50977343, 25.49614555, 57.49863413, -65.75629060 },
    { -27.79108685, -22.40886634, -22.47569593, 25.56135550, 57.38058141, -65.74936219 },
    { -27.78224659, -22.38566844, -22.44145567, 25.62666533, 57.26248664, -65.74262159 },
    { -27.77347846, -22.36257427, -22.40705269, 25.69207615, 57.14435016, -65.73606959 },
    { -27.76478252, -22.33958400, -22.37248705, 25.75758907, 57.02617233, -65.72970698 },
    { -27.75615884, -22.31669783, -22.33775881, 25.82320520, 56.90795349, -65.72353456 },
    { -27.74760748, -22.29391594, -22.30286803, 25.88892567, 56.78969400, -65.71755315 },
    { -27.73912850, -22.27123850, -22.26781476, 25.95475161, 56.67139420, -65.71176355 },
    { -27.73072195, -22.24866570, -22.23259907, 26.02068417, 56.55305444, -65.70616660 },
    { -27.72238791, -22.22619773, -22.19722101, 26.08672450, 56.43467508, -65.70076313 },
    { -27.71412642, -22.20383476, -22.16168063, 26.15287375, 56.31625646, -65.69555400 },
    { -27.70593755, -22.18157697, -22.12597800, 26.21913309, 56.19779894, -65.69054004 },
    { -27.69782136, -22.15942455, -22.09011317, 26.28550371, 56.07930286, -65.68572212 },
    { -27.68977790, -22.13737767, -22.05408621, 26.35198677, 55.96076859, -65.68110111 },
    { -27.68180723, -22.11543652, -22.01789716, 26.41858348, 55.84219646, -65.67667790 },
    { -27.67390941, -22.09360127, -21.98154608, 26.48529504, 55.72358683, -65.67245337 },
    { -27.66608450, -22.07187210, -21.94503304, 26.55212265, 55.60494006, -65.66842843 },
    { -27.65833254, -22.05024919, -21.90835808, 26.61906754, 55.48625649, -65.66460397 },
    { -27.65065360, -22.02873271, -21.87152127, 26.68613095, 55.36753649, -65.66098092 },
    { -27.64304772, -22.00732284, -21.83452266, 26.75331409, 55.24878040, -65.65756020 },
    { -27.63551498, -21.98601976, -21.79736232, 26.82061823, 55.12998858, -65.65434275 },
    { -27.62805540, -21.96482364, -21.76004029, 26.88804462, 55.01116139, -65.65132952 },
    { -27.62066906, -21.94373466, -21.72255663, 26.95559453, 54.89229917, -65.64852147 },
    { -27.61335601, -21.92275299, -21.68491140, 27.02326923, 54.77340229, -65.64591956 },
    { -27.60611629, -21.90187881, -21.64710466, 27.09107002, 54.65447109, -65.64352476 },
    { -27.59894995, -21.88111229, -21.60913647, 27.15899817, 54.53550595, -65.64133807 },
    { -27.59185705, -21.86045360, -21.57100687, 27.22705501, 54.41650721, -65.63936049 },
    { -27.58483765, -21.83990292, -21.53271593, 27.29524185, 54.29747523, -65.63759301 },
    { -27.57789178, -21.81946041, -21.49426370, 27.36356002, 54.17841037, -65.63603667 },
    { -27.57101950, -21.79912626, -21.45565023, 27.43201084, 54.05931299, -65.63469248 },
    { -27.56422086, -21.77890062, -21.41687559, 27.50059568, 53.94018345, -65.63356150 },
    { -27.55749590, -21.75878367, -21.37793984, 27.56931588, 53.82102210, -65.63264477 },
    { -27.55084468, -21.73877558, -21.33884301, 27.63817281, 53.70182932, -65.63194335 },
    { -27.54426724, -21.71887653, -21.29958518, 27.70716786, 53.58260545, -65.63145832 },
    { -27.53776362, -21.69908667, -21.26016640, 27.77630242, 53.46335087, -65.63119076 },
    { -27.53133389, -21.67940617, -21.22058671, 27.84557788, 53.34406593, -65.63114178 },
    { -27.52497807, -21.65983522, -21.18084618, 27.91499566, 53.22475100, -65.63131247 },
    { -27.51869622, -21.64037396, -21.14094487, 27.98455718, 53.10540644, -65.63170396 },
    { -27.51248838, -21.62102257, -21.10088282, 28.05426388, 52.98603262, -65.63231738 },
    { -27.50635459, -21.60178122, -21.06066009, 28.12411720, 52.86662990, -65.63315387 },
    { -27.50029491, -21.58265007, -21.02027674, 28.19411861, 52.74719865, -65.63421459 },
    { -27.49430937, -21.56362929, -20.97973282, 28.26426958, 52.62773923, -65.63550072 },
    { -27.48839801, -21.54471904, -20.93902839, 28.33457158, 52.50825202, -65.63701342 },
    { -27.48256088, -21.52591948, -20.89816349, 28.40502611, 52.38873739, -65.63875389 },
    { -27.47679801, -21.50723079, -20.85713819, 28.47563468, 52.26919569, -65.64072334 },
    { -27.47110946, -21.48865312, -20.81595253, 28.54639881, 52.14962731, -65.64292299 },
    { -27.46549526, -21.47018664, -20.77460657, 28.61732002, 52.03003262, -65.64535407 },
    { -27.45995545, -21.45183151, -20.73310036, 28.68839988, 51.91041198, -65.64801782 },
    { -27.45449007, -21.43358788, -20.69143396, 28.75963992, 51.79076577, -65.65091551 },
    { -27.44909916, -21.41545594, -20.64960742, 28.83104173, 51.67109436, -65.65404840 },
    { -27.44378276, -21.39743582, -20.60762079, 28.90260688, 51.55139814, -65.65741778 },
    { -27.43854091, -21.37952770, -20.56547413, 28.97433698, 51.43167748, -65.66102495 },
    { -27.43337364, -21.36173174, -20.52316748, 29.04623363, 51.31193274, -65.66487122 },
    { -27.42828099, -21.34404809, -20.48070090, 29.11829846, 51.19216433, -65.66895793 },
    { -27.42326299, -21.32647691, -20.43807444, 29.19053311, 51.07237260, -65.67328640 },
    { -27.41831969, -21.30901837, -20.39528815, 29.26293923, 50.95255795, -65.67785800 },
    { -27.41345112, -21.29167262, -20.35234208, 29.33551848, 50.83272075, -65.68267409 },
    { -27.40865731, -21.27443981, -20.30923629, 29.40827254, 50.71286139, -65.68773607 },
    { -27.40391190, -21.25732628, -20.26593462, 29.48131468, 50.59295057, -65.69314167 },
    { -27.39926733, -21.24032000, -20.22250890, 29.55442541, 50.47304771, -65.69870138 },
    { -27.39469762, -21.22342716, -20.17892359, 29.62771611, 50.35312383, -65.70451125 },
    { -27.39020281, -21.20664789, -20.13517875, 29.70118853, 50.23317934, -65.71057272 },
    { -27.38578292, -21.18998235, -20.09127442, 29.77484443, 50.11321461, -65.71688727 },
    { -27.38143798, -21.17343070, -20.04721065, 29.84868557, 49.99323004, -65.72345637 },
    { -27.37716803, -21.15699310, -20.00298749, 29.92271376, 49.87322602, -65.73028151 },
    { -27.37297309, -21.14066969, -19.95860499, 29.99693077, 49.75320295, -65.73736421 },
    { -27.36885320, -21.12446063, -19.91406321, 30.07133844, 49.63316121, -65.74470599 },
    { -27.36480838, -21.10836608, -19.86936217, 30.14593860, 49.51310121, -65.75230839 },
    { -27.36083867, -21.09238619, -19.82450195, 30.22073310, 49.39302334, -65.76017298 },
    { -27.35694409, -21.07652110, -19.77948257, 30.29572380, 49.27292801, -65.76830133 },
    { -27.35312468, -21.06077098, -19.73430410, 30.37091259, 49.15281561, -65.77669503 },
    { -27.34938045, -21.04513597, -19.68896657, 30.44630137, 49.03268655, -65.78535571 },
    { -27.34571143, -21.02961623, -19.64347003, 30.52189206, 48.91254123, -65.79428497 },
    { -27.34211765, -21.01421190, -19.59781453, 30.59768658, 48.79238006, -65.80348449 },
    { -27.33859914, -20.99892313, -19.55200012, 30.67368690, 48.67220344, -65.81295591 },
    { -27.33515592, -20.98375008, -19.50602684, 30.74989499, 48.55201178, -65.82270092 },
    { -27.33178802, -20.96869289, -19.45989473, 30.82631283, 48.43180551, -65.83272122 },
    { -27.32849546, -20.95375172, -19.41360385, 30.90294242, 48.31158501, -65.84301853 },
    { -27.32527826, -20.93892670, -19.36715423, 30.97978580, 48.19135073, -65.85359460 },
    { -27.32213645, -20.92421800, -19.32054591, 31.05684501, 48.07110306, -65.86445117 },
    { -27.31907004, -20.90962575, -19.27377896, 31.13412210, 47.95084243, -65.87559003 },
    { -27.31607907, -20.89515010, -19.22685339, 31.21161916, 47.83056926, -65.88701298 },
    { -27.31316355, -20.88079121, -19.17976927, 31.28933830, 47.71028397, -65.89872182 },
    { -27.31032350, -20.86654921, -19.13252663, 31.36728162, 47.58998699, -65.91071840 },
    { -27.30755895, -20.85242426, -19.08512552, 31.44545128, 47.46967874, -65.92300458 },
    { -27.30486991, -20.83841649, -19.03756597, 31.52384942, 47.34935965, -65.93558222 },
    { -27.30225640, -20.82452606, -18.98984803, 31.60247824, 47.22903015, -65.94845324 },
    { -27.29971844, -20.81075310, -18.94197174, 31.68133992, 47.10869068, -65.96161954 },
    { -27.29725605, -20.79709777, -18.89393714, 31.76043671, 46.98834167, -65.97508307 },
    { -27.29486924, -20.78356021, -18.84574427, 31.83977082, 46.86798355, -65.98884579 },
    { -27.29255805, -20.77014055, -18.79739317, 31.91934454, 46.74761678, -66.00290969 },
    { -27.29032247, -20.75683894, -18.74888388, 31.99916014, 46.62724179, -66.01727676 },
    { -27.28816252, -20.74365554, -18.70021644, 32.07921993, 46.50685902, -66.03194904 },
    { -27.28607823, -20.73059047, -18.65139088, 32.15952625, 46.38646892, -66.04692859 },
    { -27.28406961, -20.71764387, -18.60240726, 32.24008144, 46.26607194, -66.06221746 },
    { -27.28213667, -20.70481590, -18.55326559, 32.32088788, 46.14566854, -66.07781776 },
    { -27.28027942, -20.69210670, -18.50396593, 32.40194797, 46.02525917, -66.09373161 },
    { -27.27849788, -20.67951639, -18.45450830, 32.48326412, 45.90484428, -66.10996115 },
    { -27.27679206, -20.66704513, -18.40489275, 32.56483879, 45.78442434, -66.12650856 },
    { -27.27516197, -20.65469306, -18.35511930, 32.64667443, 45.66399980, -66.14337601 },
    { -27.27360763, -20.64246030, -18.30518801, 32.72877355, 45.54357115, -66.16056573 },
    { -27.27212904, -20.63034701, -18.25509889, 32.81113865, 45.42313883, -66.17807997 },
    { -27.27072622, -20.61835332, -18.20485198, 32.89377229, 45.30270333, -66.19592098 },
    { -27.26939918, -20.60647937, -18.15444733, 32.97667702, 45.18226511, -66.21409106 },
    { -27.26814792, -20.59472530, -18.10388496, 33.05985544, 45.06182466, -66.23259252 },
    { -27.26697246, -20.58309125, -18.05316490, 33.14331017, 44.94138246, -66.25142772 },
    { -27.26587280, -20.57157734, -18.00228719, 33.22704384, 44.82093899, -66.27059902 },
    { -27.26484895, -20.56018373, -17.95125185, 33.31105914, 44.70049473, -66.29010882 },
    { -27.26390093, -20.54891055, -17.90005893, 33.39535875, 44.58005018, -66.30995954 },
    { -27.26302872, -20.53775793, -17.84870845, 33.47994540, 44.45960583, -66.33015364 },
    { -27.26223235, -20.52672601, -17.79720045, 33.56482185, 44.33916217, -66.35069359 },
    { -27.26151182, -20.51581493, -17.74553494, 33.64999086, 44.21871970, -66.37158191 },
    { -27.26086713, -20.50502482, -17.69371196, 33.73545525, 44.09827894, -66.39282112 },
    { -27.26029828, -20.49435582, -17.64173155, 33.82121785, 43.97784038, -66.41441381 },
    { -27.25980529, -20.48380805, -17.58959372, 33.90728153, 43.85740453, -66.43636255 },
    { -27.25938815, -20.47338166, -17.53729851, 33.99364918, 43.73697191, -66.45866998 },
    { -27.25904687, -20.46307679, -17.48484594, 34.08032372, 43.61654304, -66.48133875 },
    { -27.25878145, -20.45289355, -17.43223604, 34.16730810, 43.49611844, -66.50437154 },
    { -27.25859190, -20.44283210, -17.37946884, 34.25460531, 43.37569863, -66.52777107 },
    { -27.25847821, -20.43289255, -17.32654435, 34.34221836, 43.25528415, -66.55154009 },
    { -27.25844038, -20.42307505, -17.27346261, 34.43015030, 43.13487552, -66.57568137 },
    { -27.25847842, -20.41337973, -17.22022364, 34.51840420, 43.01447328, -66.60019772 },
    { -27.25859232, -20.40380671, -17.16682746, 34.60698317, 42.89407797, -66.62509199 },
    { -27.25878208, -20.39435613, -17.11327410, 34.69589036, 42.77369015, -66.65036705 },
    { -27.25904771, -20.38502813, -17.05956357, 34.78512892, 42.65331036, -66.67602582 },
    { -27.25938920, -20.37582283, -17.00569590, 34.87470208, 42.53293915, -66.70207122 },
    { -27.25980655, -20.36674036, -16.95167112, 34.96461306, 42.41257708, -66.72850624 },
    { -27.26029976, -20.35778086, -16.89748923, 35.05486515, 42.29222471, -66.75533389 },
    { -27.26086882, -20.34894445, -16.84315027, 35.14546165, 42.17188262, -66.78255721 },
    { -27.26151372, -20.34023128, -16.78865424, 35.23640591, 42.05155138, -66.81017928 },
    { -27.26223447, -20.33164146, -16.73400117, 35.32770130, 41.93123155, -66.83820323 },
    { -27.26303106, -20.32317512, -16.67919108, 35.41935124, 41.81092373, -66.86663219 },
    { -27.26390348, -20.31483240, -16.62422398, 35.51135917, 41.69062850, -66.89546937 },
    { -27.26485173, -20.30661343, -16.56909989, 35.60372860, 41.57034646, -66.92471799 },
    { -27.26587580, -20.29851833, -16.51381883, 35.69646303, 41.45007819, -66.95438131 },
    { -27.26697568, -20.29054723, -16.45838080, 35.78956604, 41.32982430, -66.98446263 },
    { -27.26815137, -20.28270026, -16.40278583, 35.88304122, 41.20958539, -67.01496530 },
    { -27.26940285, -20.27497756, -16.34703392, 35.97689222, 41.08936209, -67.04589270 },
    { -27.27073013, -20.26737924, -16.29112510, 36.07112271, 40.96915501, -67.07724824 },
    { -27.27213318, -20.25990543, -16.23505937, 36.16573641, 40.84896476, -67.10903539 },
    { -27.27361200, -20.25255627, -16.17883674, 36.26073707, 40.72879199, -67.14125764 },
    { -27.27516658, -20.24533188, -16.12245723, 36.35612851, 40.60863731, -67.17391854 },
    { -27.27679690, -20.23823239, -16.06592085, 36.45191455, 40.48850139, -67.20702168 },
    { -27.27850296, -20.23125792, -16.00922760, 36.54809909, 40.36838485, -67.24057067 },
    { -27.28028475, -20.22440860, -15.95237749, 36.64468605, 40.24828836, -67.27456919 },
    { -27.28214225, -20.21768456, -15.89537053, 36.74167938, 40.12821257, -67.30902095 },
    { -27.28407544, -20.21108592, -15.83820673, 36.83908312, 40.00815814, -67.34392970 },
    { -27.28608433, -20.20461281, -15.78088610, 36.93690131, 39.88812575, -67.37929925 },
    { -27.28816888, -20.19826536, -15.72340863, 37.03513805, 39.76811608, -67.41513344 },
    { -27.29032908, -20.19204369, -15.66577434, 37.13379749, 39.64812980, -67.45143617 },
    { -27.29256493, -20.18594792, -15.60798322, 37.23288382, 39.52816761, -67.48821137 },
    { -27.29487640, -20.17997819, -15.55003529, 37.33240128, 39.40823021, -67.52546303 },
    { -27.29726348, -20.17413461, -15.49193054, 37.43235415, 39.28831829, -67.56319517 },
    { -27.29972615, -20.16841731, -15.43366897, 37.53274677, 39.16843258, -67.60141189 },
    { -27.30226439, -20.16282642, -15.37525059, 37.63358352, 39.04857379, -67.64011731 },
    { -27.30487819, -20.15736206, -15.31667540, 37.73486882, 38.92874264, -67.67931560 },
    { -27.30756753, -20.15202436, -15.25794339, 37.83660717, 38.80893987, -67.71901101 },
    { -27.31033239, -20.14681343, -15.19905456, 37.93880309, 38.68916621, -67.75920780 },
    { -27.31317274, -20.14172941, -15.14000891, 38.04146116, 38.56942243, -67.79991031 },
    { -27.31608857, -20.13677241, -15.08080643, 38.14458601, 38.44970926, -67.84112293 },
    { -27.31907986, -20.13194257, -15.02144713, 38.24818234, 38.33002747, -67.88285008 },
    { -27.32214659, -20.12724000, -14.96193099, 38.35225488, 38.21037785, -67.92509626 },
    { -27.32528873, -20.12266483, -14.90225802, 38.45680842, 38.09076115, -67.96786602 },
    { -27.32850627, -20.11821718, -14.84242819, 38.56184781, 37.97117818, -68.01116394 },
    { -27.33179918, -20.11389717, -14.78244151, 38.66737796, 37.85162973, -68.05499470 },
    { -27.33516743, -20.10970493, -14.72229797, 38.77340382, 37.73211661, -68.09936299 },
    { -27.33861100, -20.10564059, -14.66199755, 38.87993040, 37.61263962, -68.14427358 },
    { -27.34212988, -20.10170425, -14.60154025, 38.98696279, 37.49319959, -68.18973131 },
    { -27.34572403, -20.09789606, -14.54092605, 39.09450610, 37.37379735, -68.23574105 },
    { -27.34939342, -20.09421612, -14.48015494, 39.20256554, 37.25443374, -68.28230776 },
    { -27.35313804, -20.09066456, -14.41922691, 39.31114635, 37.13510962, -68.32943642 },
    { -27.35695786, -20.08724151, -14.35814195, 39.42025384, 37.01582583, -68.37713212 },
    { -27.36085284, -20.08394708, -14.29690003, 39.52989338, 36.89658326, -68.42539998 },
    { -27.36482297, -20.08078140, -14.23550114, 39.64007042, 36.77738277, -68.47424518 },
    { -27.36886820, -20.07774459, -14.17394527, 39.75079043, 36.65822526, -68.52367298 },
    { -27.37298853, -20.07483678, -14.11223239, 39.86205900, 36.53911163, -68.57368870 },
    { -27.37718391, -20.07205807, -14.05036249, 39.97388174, 36.42004278, -68.62429772 },
    { -27.38145431, -20.06940861, -13.98833554, 40.08626435, 36.30101964, -68.67550549 },
    { -27.38579971, -20.06688850, -13.92615153, 40.19921258, 36.18204313, -68.72731753 },
    { -27.39022008, -20.06449788, -13.86381044, 40.31273226, 36.06311420, -68.77973941 },
    { -27.39471537, -20.06223685, -13.80131223, 40.42682929, 35.94423379, -68.83277680 },
    { -27.39928558, -20.06010555, -13.73865688, 40.54150962, 35.82540288, -68.88643541 },
    { -27.40393065, -20.05810410, -13.67584438, 40.65677930, 35.70662243, -68.94072104 },
    { -27.40865056, -20.05623261, -13.61287469, 40.77264442, 35.58789343, -68.99563954 },
    { -27.41344527, -20.05449121, -13.54974778, 40.88911117, 35.46921689, -69.05119687 },
    { -27.41831475, -20.05288002, -13.48646363, 41.00618579, 35.35059380, -69.10739902 },
    { -27.42325897, -20.05139916, -13.42302221, 41.12387460, 35.23202520, -69.16425208 },
    { -27.42827788, -20.05004875, -13.35942348, 41.24218402, 35.11351211, -69.22176221 },
    { -27.43337146, -20.04882893, -13.29566742, 41.36112050, 34.99505559, -69.27993564 },
    { -27.43853968, -20.04773979, -13.23175400, 41.48069061, 34.87665670, -69.33877870 },
    { -27.44375931, -20.04679557, -13.16763338, 41.60106314, 34.75829554, -69.39845103 },
    { -27.44907611, -20.04596862, -13.10340365, 41.72192538, 34.64001459, -69.45865731 },
    { -27.45446741, -20.04527275, -13.03901641, 41.84344150, 34.52179452, -69.51955276 },
    { -27.45993317, -20.04470807, -12.97447161, 41.96561842, 34.40363643, -69.58114403 },
    { -27.46547336, -20.04427472, -12.90976921, 42.08846307, 34.28554145, -69.64343786 },
    { -27.47108794, -20.04397280, -12.84490918, 42.21198251, 34.16751073, -69.70644103 },
    { -27.47677687, -20.04380245, -12.77989147, 42.33618386, 34.04954541, -69.77016044 },
    { -27.48254010, -20.04376378, -12.71471603, 42.46107433, 33.93164668, -69.83460307 },
    { -27.48837759, -20.04385692, -12.64938282, 42.58666122, 33.81381571, -69.89977598 },
    { -27.49428932, -20.04408199, -12.58389180, 42.71295192, 33.69605370, -69.96568632 },
    { -27.50027522, -20.04443911, -12.51824292, 42.83995390, 33.57836189, -70.03234134 },
    { -27.50633526, -20.04492840, -12.45243613, 42.96767473, 33.46074148, -70.09974835 },
    { -27.51246940, -20.04554999, -12.38647138, 43.09612206, 33.34319374, -70.16791479 },
    { -27.51867759, -20.04630400, -12.32034862, 43.22530365, 33.22571993, -70.23684817 },
    { -27.52495979, -20.04719055, -12.25406779, 43.35522734, 33.10832133, -70.30655610 },
    { -27.53131596, -20.04820977, -12.18762885, 43.48590107, 32.99099924, -70.37704629 },
    { -27.53774604, -20.04936177, -12.12103174, 43.61733288, 32.87375497, -70.44832653 },
    { -27.54424999, -20.05064669, -12.05427640, 43.74953089, 32.75658985, -70.52040474 },
    { -27.55082777, -20.05206464, -11.98736278, 43.88250335, 32.63950524, -70.59328891 },
    { -27.55747933, -20.05361574, -11.92029082, 44.01625857, 32.52250251, -70.66698714 },
    { -27.56420463, -20.05530013, -11.85306045, 44.15080501, 32.40558303, -70.74150762 },
    { -27.57100360, -20.05711792, -11.78567162, 44.28615118, 32.28874822, -70.81685868 },
    { -27.57787622, -20.05906924, -11.71812426, 44.42230574, 32.17199951, -70.89304871 },
    { -27.58482242, -20.06115421, -11.65041830, 44.55927742, 32.05533833, -70.97008622 },
    { -27.59184216, -20.06337296, -11.58255370, 44.69707509, 31.93876614, -71.04797985 },
    { -27.59893538, -20.06572560, -11.51453036, 44.83570769, 31.82228444, -71.12673832 },
    { -27.60610205, -20.06821227, -11.44634824, 44.97518431, 31.70589473, -71.20637047 },
    { -27.61334210, -20.07083309, -11.37800725, 45.11551411, 31.58959852, -71.28688525 },
    { -27.62065548, -20.07358818, -11.30950733, 45.25670640, 31.47339737, -71.36829172 },
    { -27.62804215, -20.07647766, -11.24084840, 45.39877058, 31.35729285, -71.45059906 },
    { -27.63550205, -20.07950168, -11.17203040, 45.54171616, 31.24128654, -71.53381656 },
    { -27.64303513, -20.08266034, -11.10305324, 45.68555280, 31.12538005, -71.61795364 },
    { -27.65064133, -20.08595377, -11.03391684, 45.83029024, 31.00957502, -71.70301981 },
    { -27.65832061, -20.08938210, -10.96462114, 45.97593835, 30.89387310, -71.78902472 },
    { -27.66607289, -20.09294546, -10.89516605, 46.12250713, 30.77827598, -71.87597815 },
    { -27.67389814, -20.09664397, -10.82555148, 46.27000670, 30.66278536, -71.96388997 },
    { -27.68179629, -20.10047776, -10.75577736, 46.41844730, 30.54740296, -72.05277020 },
    { -27.68976730, -20.10444695, -10.68584360, 46.56783930, 30.43213054, -72.14262899 },
    { -27.69781109, -20.10855168, -10.61575011, 46.71819318, 30.31696988, -72.23347659 },
    { -27.70592762, -20.11279206, -10.54549681, 46.86951956, 30.20192278, -72.32532340 },
    { -27.71411683, -20.11716823, -10.47508361, 47.02182920, 30.08699108, -72.41817994 },
    { -27.72237866, -20.12168031, -10.40451041, 47.17513297, 29.97217661, -72.51205686 },
    { -27.73071304, -20.12632844, -10.33377713, 47.32944189, 29.85748127, -72.60696496 },
    { -27.73911993, -20.13111273, -10.26288367, 47.48476710, 29.74290697, -72.70291515 },
    { -27.74759927, -20.13603333, -10.19182994, 47.64111989, 29.62845565, -72.79991849 },
    { -27.75615098, -20.14109035, -10.12061583, 47.79851167, 29.51412927, -72.89798617 },
    { -27.76477502, -20.14628393, -10.04924126, 47.95695401, 29.39992982, -72.99712952 },
    { -27.77347131, -20.15161419, -9.97770611, 48.11645859, 29.28585933, -73.09736003 },
    { -27.78223981, -20.15708128, -9.90601029, 48.27703726, 29.17191985, -73.19868929 },
    { -27.79108044, -20.16268530, -9.83415369, 48.43870199, 29.05811347, -73.30112908 },
    { -27.79999314, -20.16842641, -9.76213621, 48.60146493, 28.94444230, -73.40469128 },
    { -27.80897786, -20.17430472, -9.68995774, 48.76533832, 28.83090848, -73.50938796 },
    { -27.81803452, -20.18032037, -9.61761818, 48.93033461, 28.71751420, -73.61523130 },
    { -27.82716306, -20.18647350, -9.54511740, 49.09646634, 28.60426166, -73.72223365 },
    { -27.83636343, -20.19276422, -9.47245530, 49.26374625, 28.49115311, -73.83040751 },
    { -27.84563554, -20.19919268, -9.39963177, 49.43218721, 28.37819083, -73.93976552 },
    { -27.85497935, -20.20575901, -9.32664669, 49.60180223, 28.26537712, -74.05032048 },
    { -27.86439477, -20.21246334, -9.25349994, 49.77260450, 28.15271433, -74.16208536 },
    { -27.87388175, -20.21930580, -9.18019140, 49.94460735, 28.04020484, -74.27507326 },
    { -27.88344022, -20.22628654, -9.10672095, 50.11782427, 27.92785107, -74.38929746 },
    { -27.89307011, -20.23340567, -9.03308847, 50.29226892, 27.81565547, -74.50477139 },
    { -27.90277134, -20.24066334, -8.95929383, 50.46795511, 27.70362054, -74.62150863 },
    { -27.91254387, -20.24805969, -8.88533691, 50.64489682, 27.59174879, -74.73952294 },
    { -27.92238760, -20.25559485, -8.81121758, 50.82310817, 27.48004280, -74.85882824 },
    { -27.93230248, -20.26326894, -8.73693570, 51.00260348, 27.36850517, -74.97943861 },
    { -27.94228843, -20.27108213, -8.66249115, 51.18339721, 27.25713855, -75.10136829 },
    { -27.95234539, -20.27903453, -8.58788380, 51.36550400, 27.14594563, -75.22463170 },
    { -27.96247328, -20.28712628, -8.51311349, 51.54893865, 27.03492913, -75.34924342 },
    { -27.97267203, -20.29535753, -8.43818011, 51.73371613, 26.92409182, -75.47521821 },
    { -27.98294157, -20.30372842, -8.36308350, 51.91985159, 26.81343651, -75.60257098 },
    { -27.99328183, -20.31223907, -8.28782353, 52.10736034, 26.70296606, -75.73131684 },
    { -28.00369273, -20.32088964, -8.21240005, 52.29625787, 26.59268337, -75.86147105 },
    { -28.01417419, -20.32968026, -8.13681292, 52.48655984, 26.48259138, -75.99304906 },
    { -28.02472616, -20.33861107, -8.06106198, 52.67828210, 26.37269308, -76.12606648 },
    { -28.03534854, -20.34768221, -7.98514709, 52.87144065, 26.26299150, -76.26053911 },
    { -28.04604128, -20.35689383, -7.90906810, 53.06605168, 26.15348973, -76.39648292 },
    { -28.05680428, -20.36624607, -7.83282486, 53.26213156, 26.04419090, -76.53391405 },
    { -28.06763748, -20.37573906, -7.75641720, 53.45969684, 25.93509819, -76.67284883 },
    { -28.07854079, -20.38537297, -7.67984497, 53.65876424, 25.82621482, -76.81330377 },
    { -28.08951415, -20.39514792, -7.60310801, 53.85935067, 25.71754408, -76.95529556 },
    { -28.10055747, -20.40506406, -7.52620615, 54.06147321, 25.60908930, -77.09884106 },
    { -28.11167068, -20.41512154, -7.44913924, 54.26514912, 25.50085385, -77.24395731 },
    { -28.12283626, -20.42533949, -7.37184491, 54.47062318, 25.39282329, -77.39088479 },
    { -28.13408844, -20.43568087, -7.29444485, 54.67746812, 25.28503626, -77.53920408 },
    { -28.14541026, -20.44616406, -7.21687912, 54.88591972, 25.17747901, -77.68914677 },
    { -28.15680163, -20.45678922, -7.13914755, 55.09599600, 25.07015514, -77.84073065 },
    { -28.16826247, -20.46755648, -7.06124996, 55.30771515, 24.96306831, -77.99397369 },
    { -28.17979270, -20.47846599, -6.98318616, 55.52109555, 24.85622222, -78.14889405 },
    { -28.19139224, -20.48951792, -6.90495598, 55.73615574, 24.74962064, -78.30551006 },
    { -28.20306101, -20.50071241, -6.82655922, 55.95291447, 24.64326741, -78.46384024 },
    { -28.21479892, -20.51204962, -6.74799571, 56.17139064, 24.53716641, -78.62390329 },
    { -28.22660590, -20.52352969, -6.66926524, 56.39160335, 24.43132158, -78.78571809 },
    { -28.23848185, -20.53515279, -6.59036762, 56.61357188, 24.32573695, -78.94930369 },
    { -28.25042670, -20.54691906, -6.51130266, 56.83731568, 24.22041657, -79.11467933 },
    { -28.26244035, -20.55882867, -6.43207016, 57.06285438, 24.11536460, -79.28186442 },
    { -28.27452273, -20.57088177, -6.35266992, 57.29020778, 24.01058523, -79.45087856 },
    { -28.28667375, -20.58307851, -6.27310173, 57.51939586, 23.90608273, -79.62174149 },
    { -28.29889333, -20.59541906, -6.19336539, 57.75043878, 23.80186143, -79.79447317 },
    { -28.31118136, -20.60790357, -6.11346070, 57.98335686, 23.69792574, -79.96909370 },
    { -28.32353778, -20.62053221, -6.03338743, 58.21817060, 23.59428013, -80.14562336 },
    { -28.33596249, -20.63330513, -5.95314537, 58.45490066, 23.49092913, -80.32408258 },
    { -28.34845541, -20.64622250, -5.87273432, 58.69356785, 23.38787736, -80.50449199 },
    { -28.36101644, -20.65928447, -5.79215405, 58.93419317, 23.28512950, -80.68687234 },
    { -28.37364550, -20.67249122, -5.71140433, 59.17679775, 23.18269030, -80.87124456 },
    { -28.38634250, -20.68584291, -5.63048495, 59.42140291, 23.08056460, -81.05762975 },
    { -28.39910734, -20.69933969, -5.54939567, 59.66803008, 22.97875730, -81.24604913 },
    { -28.41193995, -20.71298175, -5.46813627, 59.91670088, 22.87727338, -81.43652408 },
    { -28.42484022, -20.72676924, -5.38670651, 60.16743704, 22.77611790, -81.62907614 },
    { -28.43780807, -20.74070233, -5.30510617, 60.42026044, 22.67529598, -81.82372698 },
    { -28.45084340, -20.75478120, -5.22333499, 60.67519311, 22.57481286, -82.02049839 },
    { -28.46394613, -20.76900601, -5.14139274, 60.93225720, 22.47467380, -82.21941231 },
    { -28.47711616, -20.78337693, -5.05927917, 61.19147497, 22.37488420, -82.42049080 },
    { -28.49035339, -20.79789413, -4.97699405, 61.45286882, 22.27544951, -82.62375603 },
    { -28.50365774, -20.81255780, -4.89453711, 61.71646126, 22.17637527, -82.82923030 },
    { -28.51702911, -20.82736809, -4.81190810, 61.98227490, 22.07766710, -83.03693599 },
    { -28.53046740, -20.84232520, -4.72910678, 62.25033246, 21.97933071, -83.24689562 },
    { -28.54397253, -20.85742929, -4.64613288, 62.52065673, 21.88137189, -83.45913177 },
    { -28.55754439, -20.87268054, -4.56298613, 62.79327061, 21.78379654, -83.67366711 },
    { -28.57118290, -20.88807913, -4.47966628, 63.06819708, 21.68661061, -83.89052440 },
    { -28.58488794, -20.90362524, -4.39617305, 63.34545915, 21.58982016, -84.10972645 },
    { -28.59865944, -20.91931905, -4.31250619, 63.62507995, 21.49343135, -84.33129616 },
    { -28.61249728, -20.93516074, -4.22866540, 63.90708260, 21.39745042, -84.55525646 },
    { -28.62640138, -20.95115050, -4.14465041, 64.19149030, 21.30188368, -84.78163031 },
    { -28.64037163, -20.96728850, -4.06046095, 64.47832628, 21.20673758, -85.01044072 },
    { -28.65440794, -20.98357495, -3.97609672, 64.76761376, 21.11201863, -85.24171071 },
    { -28.66851020, -21.00001001, -3.89155745, 65.05937599, 21.01773343, -85.47546331 },
    { -28.68267832, -21.01659388, -3.80684284, 65.35363622, 20.92388870, -85.71172155 },
    { -28.69691220, -21.03332675, -3.72195260, 65.65041766, 20.83049125, -85.95050844 },
    { -28.71121174, -21.05020881, -3.63688643, 65.94974353, 20.73754796, -86.19184695 },
    { -28.72557684, -21.06724025, -3.55164403, 66.25163696, 20.64506583, -86.43576003 },
    { -28.74000739, -21.08442127, -3.46622510, 66.55612105, 20.55305198, -86.68227055 },
    { -28.75450329, -21.10175205, -3.38062933, 66.86321882, 20.46151358, -86.93140131 },
    { -28.76906445, -21.11923280, -3.29485640, 67.17295321, 20.37045793, -87.18317503 },
    { -28.78369075, -21.13686370, -3.20890601, 67.48534703, 20.27989243, -87.43761432 },
    { -28.79838210, -21.15464497, -3.12277784, 67.80042300, 20.18982457, -87.69474167 },
    { -28.81313839, -21.17257679, -3.03647157, 68.11820368, 20.10026195, -87.95457943 },
    { -28.82795952, -21.19065938, -2.94998686, 68.43871148, 20.01121226, -88.21714979 },
    { -28.84284539, -21.20889293, -2.86332340, 68.76196863, 19.92268331, -88.48247477 },
    { -28.85779588, -21.22727764, -2.77648084, 69.08799716, 19.83468300, -88.75057617 },
    { -28.87281090, -21.24581373, -2.68945886, 69.41681888, 19.74721932, -89.02147560 },
    { -28.88789033, -21.26450139, -2.60225711, 69.74845537, 19.66030040, -89.29519442 },
    { -28.90303408, -21.28334085, -2.51487525, 70.08292796, 19.57393443, -89.57175373 },
    { -28.91824202, -21.30233230, -2.42731293, 70.42025766, 19.48812973, -89.85117434 },
    { -28.93351407, -21.32147596, -2.33956980, 70.76046521, 19.40289472, -90.13347675 },
    { -28.94885011, -21.34077204, -2.25164550, 71.10357100, 19.31823791, -90.41868116 },
    { -28.96425002, -21.36022077, -2.16353968, 71.44959506, 19.23416792, -90.70680736 },
    { -28.97971371, -21.37982234, -2.07525197, 71.79855704, 19.15069348, -90.99787480 },
    { -28.99523173, -21.39960129, -1.98670576, 72.15080146, 19.06781318, -91.29222813 },
    { -29.01082242, -21.41951033, -1.89804976, 72.50571196, 18.98555619, -91.58925016 },
    { -29.02647656, -21.43957293, -1.80921064, 72.86361738, 18.90392153, -91.88926977 },
    { -29.04219404, -21.45978930, -1.72018800, 73.22453560, 18.82291833, -92.19230463 },
    { -29.05797474, -21.48015968, -1.63098145, 73.58848396, 18.74255581, -92.49837186 },
    { -29.07381856, -21.50068430, -1.54159060, 73.95547923, 18.66284330, -92.80748802 },
    { -29.08972538, -21.52136338, -1.45201505, 74.32553761, 18.58379021, -93.11966908 },
    { -29.10569509, -21.54219716, -1.36225441, 74.69867467, 18.50540607, -93.43493039 },
    { -29.12172759, -21.56318587, -1.27230826, 75.07490532, 18.42770049, -93.75328666 },
    { -29.13782275, -21.58432974, -1.18217621, 75.45424380, 18.35068317, -94.07475190 },
    { -29.15398047, -21.60562901, -1.09185782, 75.83670361, 18.27436392, -94.39933939 },
    { -29.17020063, -21.62708393, -1.00135269, 76.22229750, 18.19875262, -94.72706166 },
    { -29.18648312, -21.64869473, -0.91066038, 76.61103744, 18.12385926, -95.05793047 },
    { -29.20282783, -21.67046165, -0.81978047, 77.00293454, 18.04969388, -95.39195670 },
    { -29.21923463, -21.69238494, -0.72871253, 77.39799906, 17.97626664, -95.72915040 },
    { -29.23570342, -21.71446484, -0.63745612, 77.79624037, 17.90358778, -96.06952070 },
    { -29.25223408, -21.73670162, -0.54601079, 78.19766686, 17.83166758, -96.41307580 },
    { -29.26882649, -21.75909551, -0.45437610, 78.60228596, 17.76051645, -96.75982290 },
    { -29.28548054, -21.78164677, -0.36255159, 79.01010408, 17.69014484, -97.10976818 },
    { -29.30219612, -21.80435565, -0.27053680, 79.42112656, 17.62056328, -97.46291676 },
    { -29.31897309, -21.82722242, -0.17833128, 79.83535764, 17.55178237, -97.81927267 },
    { -29.33581136, -21.85024733, -0.08593455, 80.25280041, 17.48381276, -98.17883877 },
    { -29.35271079, -21.87343064, 0.00665387, 80.67345679, 17.41666518, -98.54161677 },
    { -29.36967127, -21.89677262, 0.09943444, 81.09732747, 17.35035041, -98.90760712 },
    { -29.38669269, -21.92027354, 0.19240766, 81.52441186, 17.28487927, -99.27680904 },
    { -29.40377492, -21.94393366, 0.28557402, 81.95470810, 17.22026266, -99.64922041 },
    { -29.42091785, -21.96775326, 0.37893400, 82.38821295, 17.15651148, -100.02483779 },
    { -29.43812135, -21.99173260, 0.47248812, 82.82492180, 17.09363672, -100.40365634 },
    { -29.45538530, -22.01587196, 0.56623687, 83.26482860, 17.03164936, -100.78566980 },
    { -29.47270959, -22.04017163, 0.66018077, 83.70792584, 16.97056043, -101.17087042 },
    { -29.49009409, -22.06463189, 0.75432034, 84.15420450, 16.91038100, -101.55924897 },
    { -29.50753868, -22.08925300, 0.84865610, 84.60365402, 16.85112213, -101.95079467 },
    { -29.52504324, -22.11403527, 0.94318858, 85.05626226, 16.79279492, -102.34549513 },
    { -29.54260766, -22.13897898, 1.03791831, 85.51201543, 16.73541045, -102.74333636 },
    { -29.56023179, -22.16408442, 1.13284584, 85.97089810, 16.67897983, -103.14430272 },
    { -29.57791553, -22.18935189, 1.22797172, 86.43289317, 16.62351416, -103.54837684 },
    { -29.59565875, -22.21478167, 1.32329649, 86.89798176, 16.56902450, -103.95553965 },
    { -29.61346132, -22.24037408, 1.41882072, 87.36614326, 16.51552195, -104.36577031 },
    { -29.63132313, -22.26612941, 1.51454497, 87.83735526, 16.46301753, -104.77904618 },
    { -29.64924404, -22.29204796, 1.61046981, 88.31159353, 16.41152226, -105.19534280 },
    { -29.66722394, -22.31813005, 1.70659583, 88.78883198, 16.36104711, -105.61463385 },
    { -29.68526269, -22.34437598, 1.80292361, 89.26904264, 16.31160303, -106.03689115 },
    { -29.70336018, -22.37078607, 1.89945374, 89.75219563, 16.26320088, -106.46208458 },
    { -29.72151627, -22.39736063, 1.99618682, 90.23825915, 16.21585148, -106.89018213 },
    { -29.73973084, -22.42409999, 2.09312345, 90.72719945, 16.16956559, -107.32114980 },
    { -29.75800377, -22.45100445, 2.19026425, 91.21898082, 16.12435387, -107.75495165 },
    { -29.77633493, -22.47807436, 2.28760984, 91.71356553, 16.08022693, -108.19154976 },
    { -29.79472418, -22.50531003, 2.38516083, 92.21091391, 16.03719525, -108.63090419 },
    { -29.81317141, -22.53271180, 2.48291786, 92.71098423, 15.99526924, -109.07297300 },
    { -29.83167648, -22.56028001, 2.58088158, 93.21373278, 15.95445920, -109.51771224 },
    { -29.85023927, -22.58801498, 2.67905263, 93.71911380, 15.91477528, -109.96507594 },
    { -29.86885964, -22.61591707, 2.77743166, 94.22707954, 15.87622754, -110.41501610 },
    { -29.88753748, -22.64398661, 2.87601933, 94.73758020, 15.83882590, -110.86748269 },
    { -29.90627264, -22.67222395, 2.97481632, 95.25056397, 15.80258012, -111.32242368 },
    { -29.92506501, -22.70062945, 3.07382329, 95.76597704, 15.76749982, -111.77978503 },
    { -29.94391445, -22.72920345, 3.17304094, 96.28376360, 15.73359447, -112.23951068 },
    { -29.96282082, -22.75794632, 3.27246995, 96.80386584, 15.70087335, -112.70154262 },
    { -29.98178401, -22.78685842, 3.37211103, 97.32622402, 15.66934558, -113.16582083 },
    { -30.00080387, -22.81594010, 3.47196488, 97.85077641, 15.63902008, -113.63228340 },
    { -30.01988029, -22.84519175, 3.57203221, 98.37745941, 15.60990559, -114.10086645 },
    { -30.03901312, -22.87461373, 3.67231376, 98.90620750, 15.58201064, -114.57150426 },
    { -30.05820223, -22.90420642, 3.77281024, 99.43695333, 15.55534354, -115.04412922 },
    { -30.07744750, -22.93397019, 3.87352240, 99.96962770, 15.52991239, -115.51867191 },
    { -30.09674878, -22.96390544, 3.97445098, 100.50415968, 15.50572507, -115.99506116 },
    { -30.11610596, -22.99401254, 4.07559675, 101.04047657, 15.48278920, -116.47322404 },
    { -30.13551889, -23.02429189, 4.17696046, 101.57850400, 15.46111219, -116.95308593 },
    { -30.15498744, -23.05474388, 4.27854289, 102.11816597, 15.44070116, -117.43457061 },
    { -30.17451147, -23.08536892, 4.38034481, 102.65938491, 15.42156299, -117.91760025 },
    { -30.19409086, -23.11616739, 4.48236703, 103.20208173, 15.40370432, -118.40209554 },
    { -30.21372547, -23.14713972, 4.58461033, 103.74617588, 15.38713146, -118.88797568 },
    { -30.23341516, -23.17828631, 4.68707553, 104.29158542, 15.37185050, -119.37515851 },
    { -30.25315980, -23.20960758, 4.78976344, 104.83822712, 15.35786720, -119.86356053 },
    { -30.27295926, -23.24110395, 4.89267488, 105.38601647, 15.34518705, -120.35309702 },
    { -30.29281339, -23.27277583, 4.99581070, 105.93486782, 15.33381524, -120.84368206 },
    { -30.31272207, -23.30462367, 5.09917173, 106.48469441, 15.32375665, -121.33522867 },
    { -30.33268515, -23.33664788, 5.20275883, 107.03540847, 15.31501586, -121.82764883 },
    { -30.35270251, -23.36884891, 5.30657287, 107.58692132, 15.30759712, -122.32085362 },
    { -30.37277399, -23.40122721, 5.41061471, 108.13914342, 15.30150440, -122.81475325 },
    { -30.39289947, -23.43378320, 5.51488524, 108.69198450, 15.29674130, -123.30925721 },
    { -30.41307881, -23.46651736, 5.61938535, 109.24535361, 15.29331112, -123.80427430 },
    { -30.43331187, -23.49943012, 5.72411595, 109.79915924, 15.29121685, -124.29971277 },
    { -30.45359851, -23.53252196, 5.82907795, 110.35330940, 15.29046112, -124.79548039 },
    { -30.47393859, -23.56579333, 5.93427226, 110.90771172, 15.29104624, -125.29148452 },
    { -30.49433198, -23.59924471, 6.03969984, 111.46227354, 15.29297418, -125.78763228 }
};
